{
    "id": "221dcdb6",
    "store": "public",
    "subdir": "",
    "folder": "DAY1 VRU Open House 2025 x VRU SHOWCASE & SUSTAINABILITY 2025",
    "title": "DAY1 VRU Open House 2025 X VRU SHOWCASE & SUSTAINABILITY 2025",
    "images": [
        {
            "filename": "25680730-083108-CAM15368.jpg",
            "width": 2048,
            "height": 1365,
            "aspectRatio": "3/2",
            "captured": "2025-10-07T08:37:01+00:00"
        },
        {
            "filename": "25680730-083238-CAM15370.jpg",
            "width": 2048,
            "height": 1365,
            "aspectRatio": "3/2",
            "captured": "2025-10-07T08:37:02+00:00"
        },
        {
            "filename": "25680730-083308-CAM15371.jpg",
            "width": 2048,
            "height": 1152,
            "aspectRatio": "16/9",
            "captured": "2025-10-07T08:37:04+00:00"
        },
        {
            "filename": "25680730-083702-CAM23522.jpg",
            "width": 2048,
            "height": 1365,
            "aspectRatio": "3/2",
            "captured": "2025-10-07T08:37:05+00:00"
        },
        {
            "filename": "25680730-085517-CAM23533.jpg",
            "width": 2048,
            "height": 1365,
            "aspectRatio": "3/2",
            "captured": "2025-10-07T08:37:06+00:00"
        },
        {
            "filename": "25680730-085544-CAM23535.jpg",
            "width": 2048,
            "height": 1365,
            "aspectRatio": "3/2",
            "captured": "2025-10-07T08:37:08+00:00"
        },
        {
            "filename": "25680730-085618-CAM23538.jpg",
            "width": 1365,
            "height": 2048,
            "aspectRatio": "2/3",
            "captured": "2025-10-07T08:37:10+00:00"
        },
        {
            "filename": "25680730-085706-CAM23539.jpg",
            "width": 2048,
            "height": 1365,
            "aspectRatio": "3/2",
            "captured": "2025-10-07T08:37:12+00:00"
        },
        {
            "filename": "25680730-085740-CAM15378.jpg",
            "width": 2048,
            "height": 1365,
            "aspectRatio": "3/2",
            "captured": "2025-10-07T08:37:13+00:00"
        },
        {
            "filename": "25680730-085807-CAM23545.jpg",
            "width": 2048,
            "height": 1365,
            "aspectRatio": "3/2",
            "captured": "2025-10-07T08:37:15+00:00"
        },
        {
            "filename": "25680730-085908-CAM15380.jpg",
            "width": 2048,
            "height": 1365,
            "aspectRatio": "3/2",
            "captured": "2025-10-07T08:37:17+00:00"
        },
        {
            "filename": "25680730-085927-CAM23548.jpg",
            "width": 2048,
            "height": 1365,
            "aspectRatio": "3/2",
            "captured": "2025-10-07T08:37:19+00:00"
        },
        {
            "filename": "25680730-090154-CAM23559.jpg",
            "width": 1365,
            "height": 2048,
            "aspectRatio": "2/3",
            "captured": "2025-10-07T08:37:21+00:00"
        },
        {
            "filename": "25680730-090225-CAM15387.jpg",
            "width": 2048,
            "height": 1365,
            "aspectRatio": "3/2",
            "captured": "2025-10-07T08:37:22+00:00"
        },
        {
            "filename": "25680730-090422-CAM23562.jpg",
            "width": 2048,
            "height": 1365,
            "aspectRatio": "3/2",
            "captured": "2025-10-07T08:37:23+00:00"
        },
        {
            "filename": "25680730-090500-CAM15390.jpg",
            "width": 2048,
            "height": 1365,
            "aspectRatio": "3/2",
            "captured": "2025-10-07T08:37:25+00:00"
        },
        {
            "filename": "25680730-090554-CAM15391.jpg",
            "width": 2048,
            "height": 1152,
            "aspectRatio": "16/9",
            "captured": "2025-10-07T08:37:27+00:00"
        },
        {
            "filename": "25680730-090615-CAM23575.jpg",
            "width": 2048,
            "height": 1365,
            "aspectRatio": "3/2",
            "captured": "2025-10-07T08:37:28+00:00"
        },
        {
            "filename": "25680730-090745-CAM23579.jpg",
            "width": 2048,
            "height": 1365,
            "aspectRatio": "3/2",
            "captured": "2025-10-07T08:37:29+00:00"
        },
        {
            "filename": "25680730-090756-CAM23580.jpg",
            "width": 2048,
            "height": 1365,
            "aspectRatio": "3/2",
            "captured": "2025-10-07T08:37:31+00:00"
        },
        {
            "filename": "25680730-090758-CAM23585.jpg",
            "width": 2048,
            "height": 1365,
            "aspectRatio": "3/2",
            "captured": "2025-10-07T08:37:32+00:00"
        },
        {
            "filename": "25680730-090800-CAM23588.jpg",
            "width": 2048,
            "height": 1365,
            "aspectRatio": "3/2",
            "captured": "2025-10-07T08:37:33+00:00"
        },
        {
            "filename": "25680730-090932-CAM15411.jpg",
            "width": 2048,
            "height": 1152,
            "aspectRatio": "16/9",
            "captured": "2025-10-07T08:37:35+00:00"
        },
        {
            "filename": "25680730-091112-CAM15442.jpg",
            "width": 2048,
            "height": 1152,
            "aspectRatio": "16/9",
            "captured": "2025-10-07T08:37:36+00:00"
        },
        {
            "filename": "25680730-091359-CAM23591.jpg",
            "width": 2048,
            "height": 1365,
            "aspectRatio": "3/2",
            "captured": "2025-10-07T08:37:37+00:00"
        },
        {
            "filename": "25680730-091412-CAM23592.jpg",
            "width": 2048,
            "height": 1365,
            "aspectRatio": "3/2",
            "captured": "2025-10-07T08:37:39+00:00"
        },
        {
            "filename": "25680730-091431-CAM23593.jpg",
            "width": 2048,
            "height": 1365,
            "aspectRatio": "3/2",
            "captured": "2025-10-07T08:37:41+00:00"
        },
        {
            "filename": "25680730-091446-CAM23594.jpg",
            "width": 2048,
            "height": 1365,
            "aspectRatio": "3/2",
            "captured": "2025-10-07T08:37:43+00:00"
        },
        {
            "filename": "25680730-091548-CAM15452.jpg",
            "width": 2048,
            "height": 1365,
            "aspectRatio": "3/2",
            "captured": "2025-10-07T08:37:44+00:00"
        },
        {
            "filename": "25680730-091634-CAM23603.jpg",
            "width": 2048,
            "height": 1365,
            "aspectRatio": "3/2",
            "captured": "2025-10-07T08:37:46+00:00"
        },
        {
            "filename": "25680730-091656-CAM15456.jpg",
            "width": 2048,
            "height": 1365,
            "aspectRatio": "3/2",
            "captured": "2025-10-07T08:37:47+00:00"
        },
        {
            "filename": "25680730-091742-CAM23604.jpg",
            "width": 2048,
            "height": 1365,
            "aspectRatio": "3/2",
            "captured": "2025-10-07T08:37:48+00:00"
        },
        {
            "filename": "25680730-091749-CAM23606.jpg",
            "width": 2048,
            "height": 1365,
            "aspectRatio": "3/2",
            "captured": "2025-10-07T08:37:50+00:00"
        },
        {
            "filename": "25680730-091757-CAM23608.jpg",
            "width": 2048,
            "height": 1365,
            "aspectRatio": "3/2",
            "captured": "2025-10-07T08:37:51+00:00"
        },
        {
            "filename": "25680730-092122-CAM15463.jpg",
            "width": 2048,
            "height": 1365,
            "aspectRatio": "3/2",
            "captured": "2025-10-07T08:37:53+00:00"
        },
        {
            "filename": "25680730-092255-CAM15467.jpg",
            "width": 2048,
            "height": 1365,
            "aspectRatio": "3/2",
            "captured": "2025-10-07T08:37:54+00:00"
        },
        {
            "filename": "25680730-092337-CAM15469.jpg",
            "width": 2048,
            "height": 1365,
            "aspectRatio": "3/2",
            "captured": "2025-10-07T08:37:56+00:00"
        },
        {
            "filename": "25680730-092924-CAM15481.jpg",
            "width": 2048,
            "height": 1365,
            "aspectRatio": "3/2",
            "captured": "2025-10-07T08:37:58+00:00"
        },
        {
            "filename": "25680730-092941-CAM23620.jpg",
            "width": 2048,
            "height": 1365,
            "aspectRatio": "3/2",
            "captured": "2025-10-07T08:38:00+00:00"
        },
        {
            "filename": "25680730-093230-CAM15488.jpg",
            "width": 2048,
            "height": 1365,
            "aspectRatio": "3/2",
            "captured": "2025-10-07T08:38:02+00:00"
        },
        {
            "filename": "25680730-093341-CAM23629.jpg",
            "width": 2048,
            "height": 1365,
            "aspectRatio": "3/2",
            "captured": "2025-10-07T08:38:04+00:00"
        },
        {
            "filename": "25680730-093510-CAM15494.jpg",
            "width": 2048,
            "height": 1365,
            "aspectRatio": "3/2",
            "captured": "2025-10-07T08:38:05+00:00"
        },
        {
            "filename": "25680730-093614-CAM15496.jpg",
            "width": 2048,
            "height": 1365,
            "aspectRatio": "3/2",
            "captured": "2025-10-07T08:38:07+00:00"
        },
        {
            "filename": "25680730-093657-CAM15500.jpg",
            "width": 2048,
            "height": 1365,
            "aspectRatio": "3/2",
            "captured": "2025-10-07T08:38:09+00:00"
        },
        {
            "filename": "25680730-093705-CAM23639.jpg",
            "width": 2048,
            "height": 1365,
            "aspectRatio": "3/2",
            "captured": "2025-10-07T08:38:10+00:00"
        },
        {
            "filename": "25680730-093729-CAM15503.jpg",
            "width": 2048,
            "height": 1365,
            "aspectRatio": "3/2",
            "captured": "2025-10-07T08:38:12+00:00"
        },
        {
            "filename": "25680730-093939-CAM15508.jpg",
            "width": 2048,
            "height": 1365,
            "aspectRatio": "3/2",
            "captured": "2025-10-07T08:38:13+00:00"
        },
        {
            "filename": "25680730-094037-CAM15511.jpg",
            "width": 2048,
            "height": 1365,
            "aspectRatio": "3/2",
            "captured": "2025-10-07T08:38:15+00:00"
        },
        {
            "filename": "25680730-094115-CAM15515.jpg",
            "width": 2048,
            "height": 1365,
            "aspectRatio": "3/2",
            "captured": "2025-10-07T08:38:16+00:00"
        },
        {
            "filename": "25680730-094143-CAM15518.jpg",
            "width": 2048,
            "height": 1365,
            "aspectRatio": "3/2",
            "captured": "2025-10-07T08:38:17+00:00"
        },
        {
            "filename": "25680730-094159-CAM15519.jpg",
            "width": 2048,
            "height": 1365,
            "aspectRatio": "3/2",
            "captured": "2025-10-07T08:36:42+00:00"
        },
        {
            "filename": "25680730-094321-CAM15522.jpg",
            "width": 2048,
            "height": 1365,
            "aspectRatio": "3/2",
            "captured": "2025-10-07T08:36:44+00:00"
        },
        {
            "filename": "25680730-094422-CAM15526.jpg",
            "width": 2048,
            "height": 1365,
            "aspectRatio": "3/2",
            "captured": "2025-10-07T08:36:45+00:00"
        },
        {
            "filename": "25680730-094447-CAM15530.jpg",
            "width": 2048,
            "height": 1365,
            "aspectRatio": "3/2",
            "captured": "2025-10-07T08:36:46+00:00"
        },
        {
            "filename": "25680730-094523-CAM15536.jpg",
            "width": 2048,
            "height": 1365,
            "aspectRatio": "3/2",
            "captured": "2025-10-07T08:36:48+00:00"
        },
        {
            "filename": "25680730-094542-CAM15538.jpg",
            "width": 2048,
            "height": 1365,
            "aspectRatio": "3/2",
            "captured": "2025-10-07T08:36:49+00:00"
        },
        {
            "filename": "25680730-094657-CAM15541.jpg",
            "width": 2048,
            "height": 1365,
            "aspectRatio": "3/2",
            "captured": "2025-10-07T08:36:51+00:00"
        },
        {
            "filename": "25680730-094733-CAM15545.jpg",
            "width": 2048,
            "height": 1365,
            "aspectRatio": "3/2",
            "captured": "2025-10-07T08:36:52+00:00"
        },
        {
            "filename": "25680730-094803-CAM15546.jpg",
            "width": 2048,
            "height": 1365,
            "aspectRatio": "3/2",
            "captured": "2025-10-07T08:36:54+00:00"
        },
        {
            "filename": "25680730-102517-CAM15555.jpg",
            "width": 2048,
            "height": 1365,
            "aspectRatio": "3/2",
            "captured": "2025-10-07T08:36:56+00:00"
        },
        {
            "filename": "25680730-102617-CAM15558.jpg",
            "width": 1365,
            "height": 2048,
            "aspectRatio": "2/3",
            "captured": "2025-10-07T08:36:57+00:00"
        },
        {
            "filename": "25680730-112445-CAM23668.jpg",
            "width": 1365,
            "height": 2048,
            "aspectRatio": "2/3",
            "captured": "2025-10-07T08:36:59+00:00"
        },
        {
            "filename": "25680730-112828-CAM23670.jpg",
            "width": 1365,
            "height": 2048,
            "aspectRatio": "2/3",
            "captured": "2025-10-07T08:37:01+00:00"
        },
        {
            "filename": "25680730-112855-CAM15565.jpg",
            "width": 2048,
            "height": 1152,
            "aspectRatio": "16/9",
            "captured": "2025-10-07T08:37:02+00:00"
        },
        {
            "filename": "25680730-112906-CAM23673.jpg",
            "width": 1365,
            "height": 2048,
            "aspectRatio": "2/3",
            "captured": "2025-10-07T08:37:03+00:00"
        },
        {
            "filename": "25680730-112922-CAM23677.jpg",
            "width": 1365,
            "height": 2048,
            "aspectRatio": "2/3",
            "captured": "2025-10-07T08:37:05+00:00"
        },
        {
            "filename": "25680730-113138-CAM23693.jpg",
            "width": 2048,
            "height": 1365,
            "aspectRatio": "3/2",
            "captured": "2025-10-07T08:37:07+00:00"
        },
        {
            "filename": "25680730-130733-DSC06164.jpg",
            "width": 2048,
            "height": 1365,
            "aspectRatio": "3/2",
            "captured": "2025-10-07T08:37:08+00:00"
        },
        {
            "filename": "25680730-130740-CAM15569.jpg",
            "width": 2048,
            "height": 1365,
            "aspectRatio": "3/2",
            "captured": "2025-10-07T08:37:10+00:00"
        },
        {
            "filename": "25680730-130824-DSC06166.jpg",
            "width": 1365,
            "height": 2048,
            "aspectRatio": "2/3",
            "captured": "2025-10-07T08:37:12+00:00"
        },
        {
            "filename": "25680730-131317-CAM15573.jpg",
            "width": 2048,
            "height": 1365,
            "aspectRatio": "3/2",
            "captured": "2025-10-07T08:37:14+00:00"
        },
        {
            "filename": "25680730-131335-DSC06167.jpg",
            "width": 2048,
            "height": 1365,
            "aspectRatio": "3/2",
            "captured": "2025-10-07T08:37:15+00:00"
        },
        {
            "filename": "25680730-131405-DSC06172.jpg",
            "width": 2048,
            "height": 1365,
            "aspectRatio": "3/2",
            "captured": "2025-10-07T08:37:16+00:00"
        },
        {
            "filename": "25680730-131423-CAM15576.jpg",
            "width": 2048,
            "height": 1365,
            "aspectRatio": "3/2",
            "captured": "2025-10-07T08:37:18+00:00"
        },
        {
            "filename": "25680730-131455-DSC06176.jpg",
            "width": 2048,
            "height": 1365,
            "aspectRatio": "3/2",
            "captured": "2025-10-07T08:37:19+00:00"
        },
        {
            "filename": "25680730-131527-CAM15578.jpg",
            "width": 2048,
            "height": 1365,
            "aspectRatio": "3/2",
            "captured": "2025-10-07T08:37:20+00:00"
        },
        {
            "filename": "25680730-131900-DSC06190.jpg",
            "width": 2048,
            "height": 1365,
            "aspectRatio": "3/2",
            "captured": "2025-10-07T08:37:22+00:00"
        },
        {
            "filename": "25680730-131912-DSC06193.jpg",
            "width": 1365,
            "height": 2048,
            "aspectRatio": "2/3",
            "captured": "2025-10-07T08:37:24+00:00"
        },
        {
            "filename": "25680730-132154-DSC06195.jpg",
            "width": 2048,
            "height": 1365,
            "aspectRatio": "3/2",
            "captured": "2025-10-07T08:37:26+00:00"
        },
        {
            "filename": "25680730-132208-DSC06199.jpg",
            "width": 1365,
            "height": 2048,
            "aspectRatio": "2/3",
            "captured": "2025-10-07T08:37:28+00:00"
        },
        {
            "filename": "25680730-132358-CAM15581.jpg",
            "width": 2048,
            "height": 1365,
            "aspectRatio": "3/2",
            "captured": "2025-10-07T08:37:30+00:00"
        },
        {
            "filename": "25680730-132530-DSC06214.jpg",
            "width": 2048,
            "height": 1365,
            "aspectRatio": "3/2",
            "captured": "2025-10-07T08:37:31+00:00"
        },
        {
            "filename": "25680730-132719-DSC06229.jpg",
            "width": 1365,
            "height": 2048,
            "aspectRatio": "2/3",
            "captured": "2025-10-07T08:37:32+00:00"
        },
        {
            "filename": "25680730-132759-DSC06240.jpg",
            "width": 2048,
            "height": 1365,
            "aspectRatio": "3/2",
            "captured": "2025-10-07T08:37:33+00:00"
        },
        {
            "filename": "25680730-132840-DSC06241.jpg",
            "width": 2048,
            "height": 1365,
            "aspectRatio": "3/2",
            "captured": "2025-10-07T08:37:35+00:00"
        },
        {
            "filename": "25680730-132843-DSC06242.jpg",
            "width": 2048,
            "height": 1365,
            "aspectRatio": "3/2",
            "captured": "2025-10-07T08:37:36+00:00"
        },
        {
            "filename": "25680730-132851-DSC06246.jpg",
            "width": 2048,
            "height": 1365,
            "aspectRatio": "3/2",
            "captured": "2025-10-07T08:37:37+00:00"
        },
        {
            "filename": "25680730-132857-DSC06247.jpg",
            "width": 2048,
            "height": 1365,
            "aspectRatio": "3/2",
            "captured": "2025-10-07T08:37:39+00:00"
        },
        {
            "filename": "25680730-132909-DSC06250.jpg",
            "width": 2048,
            "height": 1365,
            "aspectRatio": "3/2",
            "captured": "2025-10-07T08:37:40+00:00"
        },
        {
            "filename": "25680730-132914-DSC06252.jpg",
            "width": 2048,
            "height": 1365,
            "aspectRatio": "3/2",
            "captured": "2025-10-07T08:37:42+00:00"
        },
        {
            "filename": "25680730-132921-DSC06256.jpg",
            "width": 2048,
            "height": 1365,
            "aspectRatio": "3/2",
            "captured": "2025-10-07T08:37:44+00:00"
        },
        {
            "filename": "25680730-132938-DSC06262.jpg",
            "width": 2048,
            "height": 1365,
            "aspectRatio": "3/2",
            "captured": "2025-10-07T08:37:45+00:00"
        },
        {
            "filename": "25680730-133216-DSC06272.jpg",
            "width": 2048,
            "height": 1152,
            "aspectRatio": "16/9",
            "captured": "2025-10-07T08:37:46+00:00"
        },
        {
            "filename": "25680730-133220-DSC06282.jpg",
            "width": 2048,
            "height": 1152,
            "aspectRatio": "16/9",
            "captured": "2025-10-07T08:37:48+00:00"
        },
        {
            "filename": "25680730-133228-DSC06296.jpg",
            "width": 2048,
            "height": 1152,
            "aspectRatio": "16/9",
            "captured": "2025-10-07T08:37:49+00:00"
        },
        {
            "filename": "25680730-133258-CAM15594.jpg",
            "width": 2048,
            "height": 1152,
            "aspectRatio": "16/9",
            "captured": "2025-10-07T08:37:50+00:00"
        },
        {
            "filename": "25680730-133309-CAM15601.jpg",
            "width": 2048,
            "height": 1152,
            "aspectRatio": "16/9",
            "captured": "2025-10-07T08:37:52+00:00"
        },
        {
            "filename": "25680730-133345-DSC06301.jpg",
            "width": 2048,
            "height": 1365,
            "aspectRatio": "3/2",
            "captured": "2025-10-07T08:37:53+00:00"
        },
        {
            "filename": "25680730-133349-DSC06310.jpg",
            "width": 2048,
            "height": 1365,
            "aspectRatio": "3/2",
            "captured": "2025-10-07T08:37:55+00:00"
        },
        {
            "filename": "25680730-133402-DSC06315.jpg",
            "width": 2048,
            "height": 1365,
            "aspectRatio": "3/2",
            "captured": "2025-10-07T08:37:56+00:00"
        },
        {
            "filename": "25680730-133422-DSC06322.jpg",
            "width": 2048,
            "height": 1365,
            "aspectRatio": "3/2",
            "captured": "2025-10-07T08:37:58+00:00"
        },
        {
            "filename": "25680730-133423-DSC06324.jpg",
            "width": 2048,
            "height": 1365,
            "aspectRatio": "3/2",
            "captured": "2025-10-07T08:37:59+00:00"
        },
        {
            "filename": "25680730-133520-DSC06330.jpg",
            "width": 2048,
            "height": 1365,
            "aspectRatio": "3/2",
            "captured": "2025-10-07T08:38:01+00:00"
        },
        {
            "filename": "25680730-133625-DSC06331.jpg",
            "width": 1365,
            "height": 2048,
            "aspectRatio": "2/3",
            "captured": "2025-10-07T08:38:02+00:00"
        },
        {
            "filename": "25680730-133802-DSC06339.jpg",
            "width": 2048,
            "height": 1365,
            "aspectRatio": "3/2",
            "captured": "2025-10-07T08:38:03+00:00"
        },
        {
            "filename": "25680730-134041-DSC06351.jpg",
            "width": 1365,
            "height": 2048,
            "aspectRatio": "2/3",
            "captured": "2025-10-07T08:38:05+00:00"
        },
        {
            "filename": "25680730-134047-DSC06352.jpg",
            "width": 1365,
            "height": 2048,
            "aspectRatio": "2/3",
            "captured": "2025-10-07T08:38:06+00:00"
        },
        {
            "filename": "25680730-134101-DSC06355.jpg",
            "width": 1365,
            "height": 2048,
            "aspectRatio": "2/3",
            "captured": "2025-10-07T08:38:07+00:00"
        },
        {
            "filename": "25680730-134230-DSC06363.jpg",
            "width": 1365,
            "height": 2048,
            "aspectRatio": "2/3",
            "captured": "2025-10-07T08:38:09+00:00"
        },
        {
            "filename": "25680730-134241-DSC06366.jpg",
            "width": 1365,
            "height": 2048,
            "aspectRatio": "2/3",
            "captured": "2025-10-07T08:38:11+00:00"
        },
        {
            "filename": "25680730-134424-DSC06367.jpg",
            "width": 2048,
            "height": 1365,
            "aspectRatio": "3/2",
            "captured": "2025-10-07T08:38:12+00:00"
        },
        {
            "filename": "25680730-134433-DSC06368.jpg",
            "width": 2048,
            "height": 1365,
            "aspectRatio": "3/2",
            "captured": "2025-10-07T08:38:14+00:00"
        },
        {
            "filename": "25680730-134436-DSC06369.jpg",
            "width": 1365,
            "height": 2048,
            "aspectRatio": "2/3",
            "captured": "2025-10-07T08:38:16+00:00"
        },
        {
            "filename": "25680730-135303-CAM15603.jpg",
            "width": 2048,
            "height": 1365,
            "aspectRatio": "3/2",
            "captured": "2025-10-07T08:38:17+00:00"
        },
        {
            "filename": "25680730-135329-CAM15606.jpg",
            "width": 1365,
            "height": 2048,
            "aspectRatio": "2/3",
            "captured": "2025-10-07T08:36:42+00:00"
        },
        {
            "filename": "25680730-135336-CAM15608.jpg",
            "width": 1365,
            "height": 2048,
            "aspectRatio": "2/3",
            "captured": "2025-10-07T08:36:43+00:00"
        },
        {
            "filename": "25680730-135358-DSC06371.jpg",
            "width": 1365,
            "height": 2048,
            "aspectRatio": "2/3",
            "captured": "2025-10-07T08:36:44+00:00"
        },
        {
            "filename": "25680730-135402-DSC06373.jpg",
            "width": 1365,
            "height": 2048,
            "aspectRatio": "2/3",
            "captured": "2025-10-07T08:36:45+00:00"
        },
        {
            "filename": "25680730-135640-DSC06378.jpg",
            "width": 2048,
            "height": 1365,
            "aspectRatio": "3/2",
            "captured": "2025-10-07T08:36:47+00:00"
        },
        {
            "filename": "25680730-135740-CAM15612.jpg",
            "width": 1365,
            "height": 2048,
            "aspectRatio": "2/3",
            "captured": "2025-10-07T08:36:48+00:00"
        },
        {
            "filename": "25680730-135933-DSC06383.jpg",
            "width": 2048,
            "height": 1365,
            "aspectRatio": "3/2",
            "captured": "2025-10-07T08:36:50+00:00"
        },
        {
            "filename": "25680730-140247-DSC06393.jpg",
            "width": 2048,
            "height": 1365,
            "aspectRatio": "3/2",
            "captured": "2025-10-07T08:36:52+00:00"
        },
        {
            "filename": "25680730-140300-DSC06396.jpg",
            "width": 2048,
            "height": 1365,
            "aspectRatio": "3/2",
            "captured": "2025-10-07T08:36:53+00:00"
        },
        {
            "filename": "25680730-140316-DSC06401.jpg",
            "width": 2048,
            "height": 1365,
            "aspectRatio": "3/2",
            "captured": "2025-10-07T08:36:54+00:00"
        },
        {
            "filename": "25680730-140333-DSC06404.jpg",
            "width": 2048,
            "height": 1365,
            "aspectRatio": "3/2",
            "captured": "2025-10-07T08:36:56+00:00"
        },
        {
            "filename": "25680730-140350-DSC06407.jpg",
            "width": 2048,
            "height": 1365,
            "aspectRatio": "3/2",
            "captured": "2025-10-07T08:36:58+00:00"
        },
        {
            "filename": "25680730-140354-DSC06411.jpg",
            "width": 1365,
            "height": 2048,
            "aspectRatio": "2/3",
            "captured": "2025-10-07T08:37:00+00:00"
        },
        {
            "filename": "25680730-140407-DSC06416.jpg",
            "width": 2048,
            "height": 1365,
            "aspectRatio": "3/2",
            "captured": "2025-10-07T08:37:02+00:00"
        },
        {
            "filename": "25680730-140424-DSC06420.jpg",
            "width": 2048,
            "height": 1365,
            "aspectRatio": "3/2",
            "captured": "2025-10-07T08:37:03+00:00"
        },
        {
            "filename": "25680730-140438-DSC06424.jpg",
            "width": 2048,
            "height": 1365,
            "aspectRatio": "3/2",
            "captured": "2025-10-07T08:37:04+00:00"
        },
        {
            "filename": "25680730-140457-CAM15616.jpg",
            "width": 2048,
            "height": 1365,
            "aspectRatio": "3/2",
            "captured": "2025-10-07T08:37:05+00:00"
        },
        {
            "filename": "25680730-140500-CAM15619.jpg",
            "width": 2048,
            "height": 1365,
            "aspectRatio": "3/2",
            "captured": "2025-10-07T08:37:07+00:00"
        },
        {
            "filename": "25680730-140719-DSC06431.jpg",
            "width": 2048,
            "height": 1365,
            "aspectRatio": "3/2",
            "captured": "2025-10-07T08:37:08+00:00"
        },
        {
            "filename": "25680730-140803-DSC06433.jpg",
            "width": 2048,
            "height": 1365,
            "aspectRatio": "3/2",
            "captured": "2025-10-07T08:37:09+00:00"
        },
        {
            "filename": "25680730-140914-DSC06439.jpg",
            "width": 2048,
            "height": 1365,
            "aspectRatio": "3/2",
            "captured": "2025-10-07T08:37:11+00:00"
        },
        {
            "filename": "25680730-141132-CAM15624.jpg",
            "width": 2048,
            "height": 1365,
            "aspectRatio": "3/2",
            "captured": "2025-10-07T08:37:12+00:00"
        },
        {
            "filename": "25680730-141838-DSC06444.jpg",
            "width": 2048,
            "height": 1365,
            "aspectRatio": "3/2",
            "captured": "2025-10-07T08:37:13+00:00"
        },
        {
            "filename": "25680730-141858-DSC06447.jpg",
            "width": 2048,
            "height": 1365,
            "aspectRatio": "3/2",
            "captured": "2025-10-07T08:37:14+00:00"
        },
        {
            "filename": "25680730-141941-DSC06449.jpg",
            "width": 2048,
            "height": 1365,
            "aspectRatio": "3/2",
            "captured": "2025-10-07T08:37:16+00:00"
        },
        {
            "filename": "25680730-142740-DSC06454.jpg",
            "width": 2048,
            "height": 1152,
            "aspectRatio": "16/9",
            "captured": "2025-10-07T08:37:17+00:00"
        },
        {
            "filename": "25680730-142815-DSC06457.jpg",
            "width": 2048,
            "height": 1365,
            "aspectRatio": "3/2",
            "captured": "2025-10-07T08:37:20+00:00"
        },
        {
            "filename": "25680730-142841-DSC06461.jpg",
            "width": 2048,
            "height": 1365,
            "aspectRatio": "3/2",
            "captured": "2025-10-07T08:37:21+00:00"
        },
        {
            "filename": "25680730-142954-DSC06468.jpg",
            "width": 2048,
            "height": 1365,
            "aspectRatio": "3/2",
            "captured": "2025-10-07T08:37:23+00:00"
        },
        {
            "filename": "25680730-143227-DSC06475.jpg",
            "width": 2048,
            "height": 1365,
            "aspectRatio": "3/2",
            "captured": "2025-10-07T08:37:24+00:00"
        },
        {
            "filename": "25680730-143301-CAM15635.jpg",
            "width": 2048,
            "height": 1365,
            "aspectRatio": "3/2",
            "captured": "2025-10-07T08:37:25+00:00"
        },
        {
            "filename": "25680730-143333-DSC06477.jpg",
            "width": 2048,
            "height": 1365,
            "aspectRatio": "3/2",
            "captured": "2025-10-07T08:37:26+00:00"
        },
        {
            "filename": "25680730-144048-DSC06488.jpg",
            "width": 2048,
            "height": 1365,
            "aspectRatio": "3/2",
            "captured": "2025-10-07T08:37:28+00:00"
        },
        {
            "filename": "25680730-144205-DSC06495.jpg",
            "width": 2048,
            "height": 1365,
            "aspectRatio": "3/2",
            "captured": "2025-10-07T08:37:30+00:00"
        },
        {
            "filename": "25680730-144252-DSC06500.jpg",
            "width": 2048,
            "height": 1365,
            "aspectRatio": "3/2",
            "captured": "2025-10-07T08:37:31+00:00"
        },
        {
            "filename": "25680730-144335-DSC06504.jpg",
            "width": 2048,
            "height": 1365,
            "aspectRatio": "3/2",
            "captured": "2025-10-07T08:37:33+00:00"
        },
        {
            "filename": "25680730-144425-DSC06508.jpg",
            "width": 1365,
            "height": 2048,
            "aspectRatio": "2/3",
            "captured": "2025-10-07T08:37:35+00:00"
        },
        {
            "filename": "25680730-144445-DSC06509.jpg",
            "width": 1365,
            "height": 2048,
            "aspectRatio": "2/3",
            "captured": "2025-10-07T08:37:36+00:00"
        },
        {
            "filename": "25680730-151812-DSC06510.jpg",
            "width": 2048,
            "height": 1365,
            "aspectRatio": "3/2",
            "captured": "2025-10-07T08:37:38+00:00"
        },
        {
            "filename": "25680730-151908-DSC06513.jpg",
            "width": 2048,
            "height": 1365,
            "aspectRatio": "3/2",
            "captured": "2025-10-07T08:37:39+00:00"
        },
        {
            "filename": "25680730-151909-DSC06514.jpg",
            "width": 2048,
            "height": 1365,
            "aspectRatio": "3/2",
            "captured": "2025-10-07T08:37:41+00:00"
        },
        {
            "filename": "25680730-152450-DSC06525.jpg",
            "width": 2048,
            "height": 1365,
            "aspectRatio": "3/2",
            "captured": "2025-10-07T08:37:42+00:00"
        },
        {
            "filename": "25680730-152507-DSC06529.jpg",
            "width": 2048,
            "height": 1365,
            "aspectRatio": "3/2",
            "captured": "2025-10-07T08:37:43+00:00"
        },
        {
            "filename": "25680730-152523-DSC06534.jpg",
            "width": 2048,
            "height": 1365,
            "aspectRatio": "3/2",
            "captured": "2025-10-07T08:37:45+00:00"
        },
        {
            "filename": "25680730-152643-DSC06542.jpg",
            "width": 2048,
            "height": 1365,
            "aspectRatio": "3/2",
            "captured": "2025-10-07T08:37:47+00:00"
        },
        {
            "filename": "25680730-152656-DSC06545.jpg",
            "width": 2048,
            "height": 1365,
            "aspectRatio": "3/2",
            "captured": "2025-10-07T08:37:48+00:00"
        },
        {
            "filename": "25680730-152720-DSC06552.jpg",
            "width": 2048,
            "height": 1365,
            "aspectRatio": "3/2",
            "captured": "2025-10-07T08:37:50+00:00"
        },
        {
            "filename": "25680730-152834-DSC06560.jpg",
            "width": 2048,
            "height": 1365,
            "aspectRatio": "3/2",
            "captured": "2025-10-07T08:37:51+00:00"
        },
        {
            "filename": "25680730-153534-DSC06563.jpg",
            "width": 1365,
            "height": 2048,
            "aspectRatio": "2/3",
            "captured": "2025-10-07T08:37:52+00:00"
        },
        {
            "filename": "25680730-155244-DSC06567.jpg",
            "width": 2048,
            "height": 1365,
            "aspectRatio": "3/2",
            "captured": "2025-10-07T08:37:54+00:00"
        },
        {
            "filename": "25680730-155304-DSC06574.jpg",
            "width": 2048,
            "height": 1365,
            "aspectRatio": "3/2",
            "captured": "2025-10-07T08:37:55+00:00"
        },
        {
            "filename": "25680730-155328-DSC06583.jpg",
            "width": 2048,
            "height": 1365,
            "aspectRatio": "3/2",
            "captured": "2025-10-07T08:37:57+00:00"
        },
        {
            "filename": "25680730-155352-DSC06590.jpg",
            "width": 2048,
            "height": 1365,
            "aspectRatio": "3/2",
            "captured": "2025-10-07T08:37:59+00:00"
        },
        {
            "filename": "25680730-155356-DSC06592.jpg",
            "width": 2048,
            "height": 1365,
            "aspectRatio": "3/2",
            "captured": "2025-10-07T08:38:00+00:00"
        },
        {
            "filename": "25680730-155540-DSC06596.jpg",
            "width": 2048,
            "height": 1365,
            "aspectRatio": "3/2",
            "captured": "2025-10-07T08:38:01+00:00"
        },
        {
            "filename": "25680730-155606-DSC06602.jpg",
            "width": 2048,
            "height": 1365,
            "aspectRatio": "3/2",
            "captured": "2025-10-07T08:38:03+00:00"
        },
        {
            "filename": "25680730-155627-DSC06609.jpg",
            "width": 2048,
            "height": 1365,
            "aspectRatio": "3/2",
            "captured": "2025-10-07T08:38:04+00:00"
        },
        {
            "filename": "25680730-155649-DSC06615.jpg",
            "width": 2048,
            "height": 1365,
            "aspectRatio": "3/2",
            "captured": "2025-10-07T08:38:06+00:00"
        },
        {
            "filename": "25680730-155710-DSC06621.jpg",
            "width": 2048,
            "height": 1365,
            "aspectRatio": "3/2",
            "captured": "2025-10-07T08:38:07+00:00"
        },
        {
            "filename": "25680730-155725-DSC06629.jpg",
            "width": 2048,
            "height": 1365,
            "aspectRatio": "3/2",
            "captured": "2025-10-07T08:38:09+00:00"
        },
        {
            "filename": "25680730-155744-DSC06634.jpg",
            "width": 2048,
            "height": 1365,
            "aspectRatio": "3/2",
            "captured": "2025-10-07T08:38:10+00:00"
        },
        {
            "filename": "25680730-155756-DSC06635.jpg",
            "width": 2048,
            "height": 1365,
            "aspectRatio": "3/2",
            "captured": "2025-10-07T08:38:12+00:00"
        },
        {
            "filename": "25680730-155812-DSC06645.jpg",
            "width": 2048,
            "height": 1365,
            "aspectRatio": "3/2",
            "captured": "2025-10-07T08:38:13+00:00"
        },
        {
            "filename": "25680730-155826-DSC06653.jpg",
            "width": 2048,
            "height": 1365,
            "aspectRatio": "3/2",
            "captured": "2025-10-07T08:38:14+00:00"
        },
        {
            "filename": "25680730-155844-DSC06665.jpg",
            "width": 2048,
            "height": 1365,
            "aspectRatio": "3/2",
            "captured": "2025-10-07T08:36:45+00:00"
        },
        {
            "filename": "25680730-155905-DSC06679.jpg",
            "width": 2048,
            "height": 1365,
            "aspectRatio": "3/2",
            "captured": "2025-10-07T08:36:47+00:00"
        },
        {
            "filename": "25680730-155932-CAM15640.jpg",
            "width": 2048,
            "height": 1152,
            "aspectRatio": "16/9",
            "captured": "2025-10-07T08:36:48+00:00"
        },
        {
            "filename": "25680730-155932-CAM15641.jpg",
            "width": 2048,
            "height": 1152,
            "aspectRatio": "16/9",
            "captured": "2025-10-07T08:36:49+00:00"
        },
        {
            "filename": "25680730-160029-DSC06696.jpg",
            "width": 2048,
            "height": 1365,
            "aspectRatio": "3/2",
            "captured": "2025-10-07T08:36:50+00:00"
        },
        {
            "filename": "25680730-160048-DSC06702.jpg",
            "width": 2048,
            "height": 1365,
            "aspectRatio": "3/2",
            "captured": "2025-10-07T08:36:52+00:00"
        },
        {
            "filename": "25680730-160109-DSC06712.jpg",
            "width": 2048,
            "height": 1365,
            "aspectRatio": "3/2",
            "captured": "2025-10-07T08:36:54+00:00"
        },
        {
            "filename": "25680730-160124-DSC06721.jpg",
            "width": 2048,
            "height": 1365,
            "aspectRatio": "3/2",
            "captured": "2025-10-07T08:36:56+00:00"
        },
        {
            "filename": "25680730-160142-DSC06731.jpg",
            "width": 2048,
            "height": 1365,
            "aspectRatio": "3/2",
            "captured": "2025-10-07T08:36:57+00:00"
        },
        {
            "filename": "25680730-160155-DSC06738.jpg",
            "width": 2048,
            "height": 1365,
            "aspectRatio": "3/2",
            "captured": "2025-10-07T08:36:58+00:00"
        },
        {
            "filename": "25680730-160207-DSC06743.jpg",
            "width": 2048,
            "height": 1365,
            "aspectRatio": "3/2",
            "captured": "2025-10-07T08:37:00+00:00"
        },
        {
            "filename": "25680730-160222-DSC06752.jpg",
            "width": 2048,
            "height": 1365,
            "aspectRatio": "3/2",
            "captured": "2025-10-07T08:37:01+00:00"
        },
        {
            "filename": "25680730-160239-DSC06760.jpg",
            "width": 2048,
            "height": 1365,
            "aspectRatio": "3/2",
            "captured": "2025-10-07T08:37:03+00:00"
        },
        {
            "filename": "25680730-160256-DSC06772.jpg",
            "width": 2048,
            "height": 1365,
            "aspectRatio": "3/2",
            "captured": "2025-10-07T08:37:04+00:00"
        },
        {
            "filename": "25680730-160311-DSC06777.jpg",
            "width": 2048,
            "height": 1365,
            "aspectRatio": "3/2",
            "captured": "2025-10-07T08:37:06+00:00"
        },
        {
            "filename": "25680730-160325-DSC06786.jpg",
            "width": 2048,
            "height": 1365,
            "aspectRatio": "3/2",
            "captured": "2025-10-07T08:37:08+00:00"
        },
        {
            "filename": "25680730-160340-DSC06801.jpg",
            "width": 2048,
            "height": 1365,
            "aspectRatio": "3/2",
            "captured": "2025-10-07T08:37:09+00:00"
        },
        {
            "filename": "25680730-160355-DSC06818.jpg",
            "width": 2048,
            "height": 1365,
            "aspectRatio": "3/2",
            "captured": "2025-10-07T08:37:11+00:00"
        },
        {
            "filename": "25680730-160408-DSC06827.jpg",
            "width": 2048,
            "height": 1365,
            "aspectRatio": "3/2",
            "captured": "2025-10-07T08:37:12+00:00"
        },
        {
            "filename": "25680730-160422-DSC06835.jpg",
            "width": 2048,
            "height": 1365,
            "aspectRatio": "3/2",
            "captured": "2025-10-07T08:37:14+00:00"
        },
        {
            "filename": "25680730-160437-DSC06845.jpg",
            "width": 2048,
            "height": 1365,
            "aspectRatio": "3/2",
            "captured": "2025-10-07T08:37:15+00:00"
        },
        {
            "filename": "25680730-160453-DSC06861.jpg",
            "width": 2048,
            "height": 1365,
            "aspectRatio": "3/2",
            "captured": "2025-10-07T08:37:16+00:00"
        },
        {
            "filename": "25680730-160528-CAM15650.jpg",
            "width": 2048,
            "height": 1152,
            "aspectRatio": "16/9",
            "captured": "2025-10-07T08:37:18+00:00"
        },
        {
            "filename": "25680730-160531-CAM15656.jpg",
            "width": 2048,
            "height": 1152,
            "aspectRatio": "16/9",
            "captured": "2025-10-07T08:37:19+00:00"
        },
        {
            "filename": "25680730-160613-DSC06878.jpg",
            "width": 2048,
            "height": 1365,
            "aspectRatio": "3/2",
            "captured": "2025-10-07T08:37:21+00:00"
        },
        {
            "filename": "25680730-160637-DSC06885.jpg",
            "width": 2048,
            "height": 1365,
            "aspectRatio": "3/2",
            "captured": "2025-10-07T08:37:22+00:00"
        },
        {
            "filename": "25680730-160653-DSC06887.jpg",
            "width": 2048,
            "height": 1365,
            "aspectRatio": "3/2",
            "captured": "2025-10-07T08:37:23+00:00"
        },
        {
            "filename": "25680730-160725-DSC06896.jpg",
            "width": 2048,
            "height": 1365,
            "aspectRatio": "3/2",
            "captured": "2025-10-07T08:37:25+00:00"
        },
        {
            "filename": "25680730-160753-DSC06900.jpg",
            "width": 2048,
            "height": 1365,
            "aspectRatio": "3/2",
            "captured": "2025-10-07T08:37:27+00:00"
        },
        {
            "filename": "25680730-160807-DSC06904.jpg",
            "width": 2048,
            "height": 1365,
            "aspectRatio": "3/2",
            "captured": "2025-10-07T08:37:28+00:00"
        },
        {
            "filename": "25680730-160829-DSC06913.jpg",
            "width": 2048,
            "height": 1365,
            "aspectRatio": "3/2",
            "captured": "2025-10-07T08:37:30+00:00"
        },
        {
            "filename": "25680730-160855-DSC06925.jpg",
            "width": 2048,
            "height": 1365,
            "aspectRatio": "3/2",
            "captured": "2025-10-07T08:37:32+00:00"
        },
        {
            "filename": "25680730-160931-DSC06933.jpg",
            "width": 2048,
            "height": 1365,
            "aspectRatio": "3/2",
            "captured": "2025-10-07T08:37:33+00:00"
        },
        {
            "filename": "25680730-160946-DSC06940.jpg",
            "width": 2048,
            "height": 1365,
            "aspectRatio": "3/2",
            "captured": "2025-10-07T08:37:34+00:00"
        },
        {
            "filename": "25680730-161007-DSC06944.jpg",
            "width": 2048,
            "height": 1365,
            "aspectRatio": "3/2",
            "captured": "2025-10-07T08:37:36+00:00"
        },
        {
            "filename": "25680730-161015-DSC06950.jpg",
            "width": 2048,
            "height": 1365,
            "aspectRatio": "3/2",
            "captured": "2025-10-07T08:37:37+00:00"
        },
        {
            "filename": "25680730-161134-DSC06960.jpg",
            "width": 2048,
            "height": 1365,
            "aspectRatio": "3/2",
            "captured": "2025-10-07T08:37:39+00:00"
        },
        {
            "filename": "25680730-161151-DSC06963.jpg",
            "width": 2048,
            "height": 1365,
            "aspectRatio": "3/2",
            "captured": "2025-10-07T08:37:40+00:00"
        },
        {
            "filename": "25680730-161213-DSC06971.jpg",
            "width": 2048,
            "height": 1365,
            "aspectRatio": "3/2",
            "captured": "2025-10-07T08:37:42+00:00"
        },
        {
            "filename": "25680730-161235-DSC06975.jpg",
            "width": 2048,
            "height": 1365,
            "aspectRatio": "3/2",
            "captured": "2025-10-07T08:37:44+00:00"
        },
        {
            "filename": "25680730-161303-DSC06982.jpg",
            "width": 2048,
            "height": 1365,
            "aspectRatio": "3/2",
            "captured": "2025-10-07T08:37:45+00:00"
        },
        {
            "filename": "25680730-161328-DSC06986.jpg",
            "width": 2048,
            "height": 1365,
            "aspectRatio": "3/2",
            "captured": "2025-10-07T08:37:46+00:00"
        },
        {
            "filename": "25680730-161353-DSC06987.jpg",
            "width": 2048,
            "height": 1365,
            "aspectRatio": "3/2",
            "captured": "2025-10-07T08:37:48+00:00"
        },
        {
            "filename": "25680730-161359-DSC06989.jpg",
            "width": 2048,
            "height": 1365,
            "aspectRatio": "3/2",
            "captured": "2025-10-07T08:37:49+00:00"
        },
        {
            "filename": "25680730-161435-DSC06993.jpg",
            "width": 2048,
            "height": 1365,
            "aspectRatio": "3/2",
            "captured": "2025-10-07T08:37:51+00:00"
        },
        {
            "filename": "25680730-161441-DSC06997.jpg",
            "width": 2048,
            "height": 1365,
            "aspectRatio": "3/2",
            "captured": "2025-10-07T08:37:52+00:00"
        },
        {
            "filename": "25680730-161521-DSC07001.jpg",
            "width": 2048,
            "height": 1365,
            "aspectRatio": "3/2",
            "captured": "2025-10-07T08:37:53+00:00"
        },
        {
            "filename": "25680730-161535-DSC07003.jpg",
            "width": 2048,
            "height": 1365,
            "aspectRatio": "3/2",
            "captured": "2025-10-07T08:37:55+00:00"
        },
        {
            "filename": "25680730-161553-DSC07008.jpg",
            "width": 2048,
            "height": 1365,
            "aspectRatio": "3/2",
            "captured": "2025-10-07T08:37:57+00:00"
        },
        {
            "filename": "25680730-161609-DSC07011.jpg",
            "width": 2048,
            "height": 1365,
            "aspectRatio": "3/2",
            "captured": "2025-10-07T08:37:59+00:00"
        },
        {
            "filename": "25680730-161626-DSC07013.jpg",
            "width": 2048,
            "height": 1365,
            "aspectRatio": "3/2",
            "captured": "2025-10-07T08:38:00+00:00"
        },
        {
            "filename": "25680730-161648-DSC07018.jpg",
            "width": 2048,
            "height": 1365,
            "aspectRatio": "3/2",
            "captured": "2025-10-07T08:38:02+00:00"
        },
        {
            "filename": "25680730-161707-DSC07020.jpg",
            "width": 2048,
            "height": 1365,
            "aspectRatio": "3/2",
            "captured": "2025-10-07T08:38:03+00:00"
        },
        {
            "filename": "25680730-161739-DSC07024.jpg",
            "width": 2048,
            "height": 1365,
            "aspectRatio": "3/2",
            "captured": "2025-10-07T08:38:04+00:00"
        },
        {
            "filename": "25680730-161807-DSC07027.jpg",
            "width": 2048,
            "height": 1365,
            "aspectRatio": "3/2",
            "captured": "2025-10-07T08:38:06+00:00"
        },
        {
            "filename": "25680730-161835-DSC07032.jpg",
            "width": 2048,
            "height": 1365,
            "aspectRatio": "3/2",
            "captured": "2025-10-07T08:38:07+00:00"
        },
        {
            "filename": "25680730-161851-DSC07034.jpg",
            "width": 2048,
            "height": 1365,
            "aspectRatio": "3/2",
            "captured": "2025-10-07T08:38:08+00:00"
        },
        {
            "filename": "25680730-161909-DSC07035.jpg",
            "width": 2048,
            "height": 1365,
            "aspectRatio": "3/2",
            "captured": "2025-10-07T08:38:10+00:00"
        },
        {
            "filename": "25680730-161925-DSC07041.jpg",
            "width": 2048,
            "height": 1365,
            "aspectRatio": "3/2",
            "captured": "2025-10-07T08:38:11+00:00"
        },
        {
            "filename": "25680730-161944-DSC07043.jpg",
            "width": 2048,
            "height": 1365,
            "aspectRatio": "3/2",
            "captured": "2025-10-07T08:38:12+00:00"
        },
        {
            "filename": "25680730-161951-DSC07045.jpg",
            "width": 2048,
            "height": 1365,
            "aspectRatio": "3/2",
            "captured": "2025-10-07T08:38:14+00:00"
        },
        {
            "filename": "25680730-162001-DSC07046.jpg",
            "width": 2048,
            "height": 1365,
            "aspectRatio": "3/2",
            "captured": "2025-10-07T08:38:16+00:00"
        },
        {
            "filename": "25680730-162023-DSC07055.jpg",
            "width": 2048,
            "height": 1365,
            "aspectRatio": "3/2",
            "captured": "2025-10-07T08:38:17+00:00"
        },
        {
            "filename": "25680730-162039-DSC07058.jpg",
            "width": 2048,
            "height": 1365,
            "aspectRatio": "3/2",
            "captured": "2025-10-07T08:38:18+00:00"
        },
        {
            "filename": "25680730-162057-DSC07062.jpg",
            "width": 2048,
            "height": 1365,
            "aspectRatio": "3/2",
            "captured": "2025-10-07T08:37:09+00:00"
        },
        {
            "filename": "25680730-162121-DSC07066.jpg",
            "width": 2048,
            "height": 1152,
            "aspectRatio": "16/9",
            "captured": "2025-10-07T08:37:10+00:00"
        },
        {
            "filename": "25680730-162157-DSC07071.jpg",
            "width": 2048,
            "height": 1365,
            "aspectRatio": "3/2",
            "captured": "2025-10-07T08:37:12+00:00"
        },
        {
            "filename": "25680730-162158-DSC07072.jpg",
            "width": 2048,
            "height": 1365,
            "aspectRatio": "3/2",
            "captured": "2025-10-07T08:37:13+00:00"
        },
        {
            "filename": "25680730-162217-DSC07073.jpg",
            "width": 2048,
            "height": 1365,
            "aspectRatio": "3/2",
            "captured": "2025-10-07T08:37:15+00:00"
        },
        {
            "filename": "25680730-162246-DSC07075.jpg",
            "width": 2048,
            "height": 1365,
            "aspectRatio": "3/2",
            "captured": "2025-10-07T08:37:17+00:00"
        },
        {
            "filename": "25680730-162307-DSC07079.jpg",
            "width": 2048,
            "height": 1365,
            "aspectRatio": "3/2",
            "captured": "2025-10-07T08:37:18+00:00"
        },
        {
            "filename": "25680730-162322-DSC07082.jpg",
            "width": 2048,
            "height": 1365,
            "aspectRatio": "3/2",
            "captured": "2025-10-07T08:37:19+00:00"
        },
        {
            "filename": "25680730-162340-DSC07090.jpg",
            "width": 2048,
            "height": 1365,
            "aspectRatio": "3/2",
            "captured": "2025-10-07T08:37:20+00:00"
        },
        {
            "filename": "25680730-162357-DSC07094.jpg",
            "width": 2048,
            "height": 1365,
            "aspectRatio": "3/2",
            "captured": "2025-10-07T08:37:22+00:00"
        },
        {
            "filename": "25680730-162418-DSC07099.jpg",
            "width": 2048,
            "height": 1365,
            "aspectRatio": "3/2",
            "captured": "2025-10-07T08:37:23+00:00"
        },
        {
            "filename": "25680730-162435-DSC07105.jpg",
            "width": 2048,
            "height": 1365,
            "aspectRatio": "3/2",
            "captured": "2025-10-07T08:37:25+00:00"
        },
        {
            "filename": "25680730-162504-DSC07108.jpg",
            "width": 2048,
            "height": 1152,
            "aspectRatio": "16/9",
            "captured": "2025-10-07T08:37:26+00:00"
        },
        {
            "filename": "25680730-162538-DSC07111.jpg",
            "width": 2048,
            "height": 1365,
            "aspectRatio": "3/2",
            "captured": "2025-10-07T08:37:27+00:00"
        },
        {
            "filename": "25680730-162557-DSC07117.jpg",
            "width": 2048,
            "height": 1365,
            "aspectRatio": "3/2",
            "captured": "2025-10-07T08:37:28+00:00"
        },
        {
            "filename": "25680730-162600-DSC07120.jpg",
            "width": 2048,
            "height": 1365,
            "aspectRatio": "3/2",
            "captured": "2025-10-07T08:37:30+00:00"
        },
        {
            "filename": "25680730-162616-DSC07123.jpg",
            "width": 2048,
            "height": 1365,
            "aspectRatio": "3/2",
            "captured": "2025-10-07T08:37:31+00:00"
        },
        {
            "filename": "25680730-162619-DSC07125.jpg",
            "width": 2048,
            "height": 1365,
            "aspectRatio": "3/2",
            "captured": "2025-10-07T08:37:33+00:00"
        },
        {
            "filename": "25680730-162633-DSC07126.jpg",
            "width": 2048,
            "height": 1365,
            "aspectRatio": "3/2",
            "captured": "2025-10-07T08:37:34+00:00"
        },
        {
            "filename": "25680730-162710-DSC07134.jpg",
            "width": 2048,
            "height": 1365,
            "aspectRatio": "3/2",
            "captured": "2025-10-07T08:37:36+00:00"
        },
        {
            "filename": "25680730-162726-DSC07138.jpg",
            "width": 2048,
            "height": 1365,
            "aspectRatio": "3/2",
            "captured": "2025-10-07T08:37:38+00:00"
        },
        {
            "filename": "25680730-162730-DSC07140.jpg",
            "width": 2048,
            "height": 1365,
            "aspectRatio": "3/2",
            "captured": "2025-10-07T08:37:39+00:00"
        },
        {
            "filename": "25680730-162745-DSC07141.jpg",
            "width": 2048,
            "height": 1365,
            "aspectRatio": "3/2",
            "captured": "2025-10-07T08:37:41+00:00"
        },
        {
            "filename": "25680730-162804-DSC07146.jpg",
            "width": 2048,
            "height": 1365,
            "aspectRatio": "3/2",
            "captured": "2025-10-07T08:37:42+00:00"
        },
        {
            "filename": "25680730-162826-DSC07149.jpg",
            "width": 2048,
            "height": 1365,
            "aspectRatio": "3/2",
            "captured": "2025-10-07T08:37:43+00:00"
        },
        {
            "filename": "25680730-162959-DSC07155.jpg",
            "width": 2048,
            "height": 1365,
            "aspectRatio": "3/2",
            "captured": "2025-10-07T08:37:45+00:00"
        },
        {
            "filename": "25680730-163002-DSC07157.jpg",
            "width": 2048,
            "height": 1365,
            "aspectRatio": "3/2",
            "captured": "2025-10-07T08:37:46+00:00"
        },
        {
            "filename": "25680730-163027-DSC07158.jpg",
            "width": 2048,
            "height": 1365,
            "aspectRatio": "3/2",
            "captured": "2025-10-07T08:37:47+00:00"
        },
        {
            "filename": "25680730-163032-DSC07160.jpg",
            "width": 2048,
            "height": 1365,
            "aspectRatio": "3/2",
            "captured": "2025-10-07T08:37:50+00:00"
        },
        {
            "filename": "25680730-163050-DSC07165.jpg",
            "width": 2048,
            "height": 1365,
            "aspectRatio": "3/2",
            "captured": "2025-10-07T08:37:51+00:00"
        },
        {
            "filename": "25680730-163131-DSC07168.jpg",
            "width": 2048,
            "height": 1365,
            "aspectRatio": "3/2",
            "captured": "2025-10-07T08:37:53+00:00"
        },
        {
            "filename": "25680730-163132-DSC07169.jpg",
            "width": 2048,
            "height": 1365,
            "aspectRatio": "3/2",
            "captured": "2025-10-07T08:37:55+00:00"
        },
        {
            "filename": "25680730-163210-DSC07174.jpg",
            "width": 2048,
            "height": 1365,
            "aspectRatio": "3/2",
            "captured": "2025-10-07T08:37:56+00:00"
        },
        {
            "filename": "25680730-163230-DSC07177.jpg",
            "width": 2048,
            "height": 1365,
            "aspectRatio": "3/2",
            "captured": "2025-10-07T08:37:57+00:00"
        },
        {
            "filename": "25680730-163302-DSC07181.jpg",
            "width": 2048,
            "height": 1365,
            "aspectRatio": "3/2",
            "captured": "2025-10-07T08:37:59+00:00"
        },
        {
            "filename": "25680730-163305-DSC07183.jpg",
            "width": 2048,
            "height": 1365,
            "aspectRatio": "3/2",
            "captured": "2025-10-07T08:38:01+00:00"
        },
        {
            "filename": "25680730-163323-DSC07184.jpg",
            "width": 2048,
            "height": 1365,
            "aspectRatio": "3/2",
            "captured": "2025-10-07T08:38:03+00:00"
        },
        {
            "filename": "25680730-163403-DSC07189.jpg",
            "width": 2048,
            "height": 1365,
            "aspectRatio": "3/2",
            "captured": "2025-10-07T08:38:04+00:00"
        },
        {
            "filename": "25680730-163429-DSC07193.jpg",
            "width": 2048,
            "height": 1365,
            "aspectRatio": "3/2",
            "captured": "2025-10-07T08:38:06+00:00"
        },
        {
            "filename": "25680730-163459-DSC07197.jpg",
            "width": 2048,
            "height": 1365,
            "aspectRatio": "3/2",
            "captured": "2025-10-07T08:38:07+00:00"
        },
        {
            "filename": "25680730-163521-DSC07199.jpg",
            "width": 2048,
            "height": 1365,
            "aspectRatio": "3/2",
            "captured": "2025-10-07T08:38:08+00:00"
        },
        {
            "filename": "25680730-163554-DSC07202.jpg",
            "width": 2048,
            "height": 1152,
            "aspectRatio": "16/9",
            "captured": "2025-10-07T08:38:10+00:00"
        },
        {
            "filename": "25680730-163640-DSC07204.jpg",
            "width": 2048,
            "height": 1365,
            "aspectRatio": "3/2",
            "captured": "2025-10-07T08:38:11+00:00"
        },
        {
            "filename": "25680730-163643-DSC07206.jpg",
            "width": 2048,
            "height": 1365,
            "aspectRatio": "3/2",
            "captured": "2025-10-07T08:38:13+00:00"
        },
        {
            "filename": "25680730-163656-DSC07208.jpg",
            "width": 2048,
            "height": 1365,
            "aspectRatio": "3/2",
            "captured": "2025-10-07T08:38:14+00:00"
        },
        {
            "filename": "25680730-181232-CAM23703.jpg",
            "width": 2048,
            "height": 1365,
            "aspectRatio": "3/2",
            "captured": "2025-10-07T08:38:16+00:00"
        },
        {
            "filename": "25680730-181253-CAM23705.jpg",
            "width": 2048,
            "height": 1365,
            "aspectRatio": "3/2",
            "captured": "2025-10-07T08:38:18+00:00"
        },
        {
            "filename": "25680730-181351-CAM23707.jpg",
            "width": 2048,
            "height": 1365,
            "aspectRatio": "3/2",
            "captured": "2025-10-07T08:38:20+00:00"
        },
        {
            "filename": "25680730-181405-CAM23709.jpg",
            "width": 2048,
            "height": 1365,
            "aspectRatio": "3/2",
            "captured": "2025-10-07T08:38:21+00:00"
        },
        {
            "filename": "25680730-181850-CAM23716.jpg",
            "width": 2048,
            "height": 1365,
            "aspectRatio": "3/2",
            "captured": "2025-10-07T08:38:23+00:00"
        },
        {
            "filename": "25680730-183240-CAM23725.jpg",
            "width": 2048,
            "height": 1365,
            "aspectRatio": "3/2",
            "captured": "2025-10-07T08:38:24+00:00"
        },
        {
            "filename": "25680730-183905-CAM23731.jpg",
            "width": 2048,
            "height": 1365,
            "aspectRatio": "3/2",
            "captured": "2025-10-07T08:38:26+00:00"
        },
        {
            "filename": "25680730-183955-CAM23732.jpg",
            "width": 1365,
            "height": 2048,
            "aspectRatio": "2/3",
            "captured": "2025-10-07T08:38:27+00:00"
        },
        {
            "filename": "25680730-184208-CAM23737.jpg",
            "width": 2048,
            "height": 1365,
            "aspectRatio": "3/2",
            "captured": "2025-10-07T08:38:29+00:00"
        },
        {
            "filename": "25680730-184214-CAM23740.jpg",
            "width": 2048,
            "height": 1365,
            "aspectRatio": "3/2",
            "captured": "2025-10-07T08:38:30+00:00"
        },
        {
            "filename": "25680730-184357-CAM23745.jpg",
            "width": 2048,
            "height": 1365,
            "aspectRatio": "3/2",
            "captured": "2025-10-07T08:38:32+00:00"
        },
        {
            "filename": "25680730-184406-CAM23746.jpg",
            "width": 2048,
            "height": 1152,
            "aspectRatio": "16/9",
            "captured": "2025-10-07T08:38:33+00:00"
        },
        {
            "filename": "25680730-184518-CAM23750.jpg",
            "width": 2048,
            "height": 1365,
            "aspectRatio": "3/2",
            "captured": "2025-10-07T08:38:35+00:00"
        },
        {
            "filename": "25680730-184756-CAM23778.jpg",
            "width": 2048,
            "height": 1365,
            "aspectRatio": "3/2",
            "captured": "2025-10-07T08:38:36+00:00"
        },
        {
            "filename": "25680730-184818-CAM23780.jpg",
            "width": 2048,
            "height": 1365,
            "aspectRatio": "3/2",
            "captured": "2025-10-07T08:38:37+00:00"
        },
        {
            "filename": "25680730-185126-CAM23785.jpg",
            "width": 2048,
            "height": 1365,
            "aspectRatio": "3/2",
            "captured": "2025-10-07T08:38:39+00:00"
        },
        {
            "filename": "25680730-185140-CAM23799.jpg",
            "width": 2048,
            "height": 1365,
            "aspectRatio": "3/2",
            "captured": "2025-10-07T08:38:40+00:00"
        },
        {
            "filename": "25680730-185455-CAM23826.jpg",
            "width": 2048,
            "height": 1365,
            "aspectRatio": "3/2",
            "captured": "2025-10-07T08:38:41+00:00"
        },
        {
            "filename": "25680730-185757-CAM23829.jpg",
            "width": 2048,
            "height": 1365,
            "aspectRatio": "3/2",
            "captured": "2025-10-07T08:38:43+00:00"
        },
        {
            "filename": "25680730-185925-CAM23838.jpg",
            "width": 2048,
            "height": 1365,
            "aspectRatio": "3/2",
            "captured": "2025-10-07T08:37:16+00:00"
        },
        {
            "filename": "25680730-190521-CAM23863.jpg",
            "width": 2048,
            "height": 1365,
            "aspectRatio": "3/2",
            "captured": "2025-10-07T08:37:18+00:00"
        },
        {
            "filename": "25680730-190524-CAM23864.jpg",
            "width": 2048,
            "height": 1365,
            "aspectRatio": "3/2",
            "captured": "2025-10-07T08:37:19+00:00"
        },
        {
            "filename": "25680730-190537-CAM23866.jpg",
            "width": 2048,
            "height": 1365,
            "aspectRatio": "3/2",
            "captured": "2025-10-07T08:37:21+00:00"
        },
        {
            "filename": "25680730-190631-CAM23872.jpg",
            "width": 2048,
            "height": 1365,
            "aspectRatio": "3/2",
            "captured": "2025-10-07T08:37:22+00:00"
        },
        {
            "filename": "25680730-190659-CAM23874.jpg",
            "width": 2048,
            "height": 1365,
            "aspectRatio": "3/2",
            "captured": "2025-10-07T08:37:23+00:00"
        },
        {
            "filename": "25680730-190835-CAM23882.jpg",
            "width": 2048,
            "height": 1365,
            "aspectRatio": "3/2",
            "captured": "2025-10-07T08:37:24+00:00"
        },
        {
            "filename": "25680730-191034-CAM23885.jpg",
            "width": 2048,
            "height": 1365,
            "aspectRatio": "3/2",
            "captured": "2025-10-07T08:37:26+00:00"
        },
        {
            "filename": "25680730-191113-CAM23888.jpg",
            "width": 2048,
            "height": 1365,
            "aspectRatio": "3/2",
            "captured": "2025-10-07T08:37:28+00:00"
        },
        {
            "filename": "25680730-191119-CAM23891.jpg",
            "width": 2048,
            "height": 1365,
            "aspectRatio": "3/2",
            "captured": "2025-10-07T08:37:29+00:00"
        },
        {
            "filename": "25680730-191240-CAM23910.jpg",
            "width": 2048,
            "height": 1152,
            "aspectRatio": "16/9",
            "captured": "2025-10-07T08:37:30+00:00"
        },
        {
            "filename": "25680730-191243-CAM23912.jpg",
            "width": 2048,
            "height": 1365,
            "aspectRatio": "3/2",
            "captured": "2025-10-07T08:37:31+00:00"
        },
        {
            "filename": "25680730-191727-CAM23932.jpg",
            "width": 2048,
            "height": 1365,
            "aspectRatio": "3/2",
            "captured": "2025-10-07T08:37:33+00:00"
        },
        {
            "filename": "25680730-191901-CAM23940.jpg",
            "width": 2048,
            "height": 1365,
            "aspectRatio": "3/2",
            "captured": "2025-10-07T08:37:34+00:00"
        },
        {
            "filename": "25680730-191910-CAM23942.jpg",
            "width": 2048,
            "height": 1365,
            "aspectRatio": "3/2",
            "captured": "2025-10-07T08:37:35+00:00"
        },
        {
            "filename": "25680730-192036-CAM23952.jpg",
            "width": 2048,
            "height": 1365,
            "aspectRatio": "3/2",
            "captured": "2025-10-07T08:37:37+00:00"
        },
        {
            "filename": "25680730-192249-CAM23964.jpg",
            "width": 2048,
            "height": 1365,
            "aspectRatio": "3/2",
            "captured": "2025-10-07T08:37:38+00:00"
        },
        {
            "filename": "25680730-192912-CAM23980.jpg",
            "width": 2048,
            "height": 1365,
            "aspectRatio": "3/2",
            "captured": "2025-10-07T08:37:40+00:00"
        },
        {
            "filename": "25680730-193229-CAM23984.jpg",
            "width": 2048,
            "height": 1365,
            "aspectRatio": "3/2",
            "captured": "2025-10-07T08:37:41+00:00"
        },
        {
            "filename": "25680730-193419-CAM23995.jpg",
            "width": 2048,
            "height": 1365,
            "aspectRatio": "3/2",
            "captured": "2025-10-07T08:37:43+00:00"
        },
        {
            "filename": "25680730-193426-CAM23997.jpg",
            "width": 2048,
            "height": 1365,
            "aspectRatio": "3/2",
            "captured": "2025-10-07T08:37:44+00:00"
        },
        {
            "filename": "25680730-193510-CAM23999.jpg",
            "width": 2048,
            "height": 1365,
            "aspectRatio": "3/2",
            "captured": "2025-10-07T08:37:46+00:00"
        },
        {
            "filename": "25680730-193933-CAM24014.jpg",
            "width": 2048,
            "height": 1152,
            "aspectRatio": "16/9",
            "captured": "2025-10-07T08:37:47+00:00"
        },
        {
            "filename": "25680730-194023-CAM24018.jpg",
            "width": 2048,
            "height": 1365,
            "aspectRatio": "3/2",
            "captured": "2025-10-07T08:37:48+00:00"
        },
        {
            "filename": "25680730-194052-CAM24022.jpg",
            "width": 2048,
            "height": 1365,
            "aspectRatio": "3/2",
            "captured": "2025-10-07T08:37:50+00:00"
        },
        {
            "filename": "25680730-194104-CAM24024.jpg",
            "width": 2048,
            "height": 1365,
            "aspectRatio": "3/2",
            "captured": "2025-10-07T08:37:52+00:00"
        },
        {
            "filename": "25680730-194123-CAM24026.jpg",
            "width": 2048,
            "height": 1365,
            "aspectRatio": "3/2",
            "captured": "2025-10-07T08:37:53+00:00"
        }
    ]
}