{
    "id": "50d16503",
    "store": "public",
    "subdir": "",
    "folder": "ลอยกระทงไท ไทย คารวาลัย พระแม่แห่งแผ่นดิน",
    "title": "ลอยกระทงไท ไทย คารวาลัย พระแม่แห่งแผ่นดิน",
    "images": [
        {
            "filename": "cover.jpg",
            "width": 5285,
            "height": 3523,
            "aspectRatio": "3/2",
            "captured": "2025-11-16T11:34:08+00:00"
        },
        {
            "filename": "25681104-164300-CAM22812.jpg",
            "width": 5760,
            "height": 3840,
            "aspectRatio": "3/2",
            "captured": "2025-11-16T12:35:17+00:00"
        },
        {
            "filename": "25681104-164539-CAM22814.jpg",
            "width": 5535,
            "height": 3690,
            "aspectRatio": "3/2",
            "captured": "2025-11-16T12:35:19+00:00"
        },
        {
            "filename": "25681104-165010-CAM22847.jpg",
            "width": 5456,
            "height": 3637,
            "aspectRatio": "3/2",
            "captured": "2025-11-16T12:35:17+00:00"
        },
        {
            "filename": "25681104-165021-CAM22853.jpg",
            "width": 5760,
            "height": 3840,
            "aspectRatio": "3/2",
            "captured": "2025-11-16T12:35:25+00:00"
        },
        {
            "filename": "25681104-165038-CAM22861.jpg",
            "width": 5760,
            "height": 3840,
            "aspectRatio": "3/2",
            "captured": "2025-11-16T12:35:26+00:00"
        },
        {
            "filename": "25681104-165043-CAM22862.jpg",
            "width": 5760,
            "height": 3840,
            "aspectRatio": "3/2",
            "captured": "2025-11-16T12:35:30+00:00"
        },
        {
            "filename": "25681104-165056-CAM22869.jpg",
            "width": 5347,
            "height": 3565,
            "aspectRatio": "3/2",
            "captured": "2025-11-16T12:35:35+00:00"
        },
        {
            "filename": "25681104-165107-CAM22874.jpg",
            "width": 5760,
            "height": 3840,
            "aspectRatio": "3/2",
            "captured": "2025-11-16T12:35:36+00:00"
        },
        {
            "filename": "25681104-165123-CAM22876.jpg",
            "width": 5760,
            "height": 3840,
            "aspectRatio": "3/2",
            "captured": "2025-11-16T12:35:38+00:00"
        },
        {
            "filename": "25681104-165124-CAM22881.jpg",
            "width": 5760,
            "height": 3840,
            "aspectRatio": "3/2",
            "captured": "2025-11-16T12:35:42+00:00"
        },
        {
            "filename": "25681104-165131-CAM22882.jpg",
            "width": 5760,
            "height": 3840,
            "aspectRatio": "3/2",
            "captured": "2025-11-16T12:35:44+00:00"
        },
        {
            "filename": "25681104-165158-CAM22885.jpg",
            "width": 5760,
            "height": 3840,
            "aspectRatio": "3/2",
            "captured": "2025-11-16T12:35:47+00:00"
        },
        {
            "filename": "25681104-165237-CAM22888.jpg",
            "width": 5760,
            "height": 3840,
            "aspectRatio": "3/2",
            "captured": "2025-11-16T12:35:51+00:00"
        },
        {
            "filename": "25681104-165925-CAM22890.jpg",
            "width": 5423,
            "height": 3615,
            "aspectRatio": "3/2",
            "captured": "2025-11-16T12:35:54+00:00"
        },
        {
            "filename": "25681104-165934-CAM22891.jpg",
            "width": 5444,
            "height": 3629,
            "aspectRatio": "3/2",
            "captured": "2025-11-16T12:35:57+00:00"
        },
        {
            "filename": "25681104-165939-CAM22895.jpg",
            "width": 5760,
            "height": 3840,
            "aspectRatio": "3/2",
            "captured": "2025-11-16T12:36:00+00:00"
        },
        {
            "filename": "25681104-170135-CAM22898.jpg",
            "width": 5760,
            "height": 3840,
            "aspectRatio": "3/2",
            "captured": "2025-11-16T12:36:04+00:00"
        },
        {
            "filename": "25681104-170156-CAM22900.jpg",
            "width": 5760,
            "height": 3840,
            "aspectRatio": "3/2",
            "captured": "2025-11-16T12:36:06+00:00"
        },
        {
            "filename": "25681104-170209-CAM22902.jpg",
            "width": 5641,
            "height": 3761,
            "aspectRatio": "3/2",
            "captured": "2025-11-16T12:36:09+00:00"
        },
        {
            "filename": "25681104-170228-CAM22904.jpg",
            "width": 5760,
            "height": 3840,
            "aspectRatio": "3/2",
            "captured": "2025-11-16T12:36:11+00:00"
        },
        {
            "filename": "25681104-170347-CAM22906.jpg",
            "width": 5760,
            "height": 3840,
            "aspectRatio": "3/2",
            "captured": "2025-11-16T12:36:14+00:00"
        },
        {
            "filename": "25681104-170351-CAM22907.jpg",
            "width": 5667,
            "height": 3778,
            "aspectRatio": "3/2",
            "captured": "2025-11-16T12:36:17+00:00"
        },
        {
            "filename": "25681104-170408-CAM22912.jpg",
            "width": 5760,
            "height": 3840,
            "aspectRatio": "3/2",
            "captured": "2025-11-16T12:36:20+00:00"
        },
        {
            "filename": "25681104-170418-CAM22914.jpg",
            "width": 5760,
            "height": 3840,
            "aspectRatio": "3/2",
            "captured": "2025-11-16T12:36:24+00:00"
        },
        {
            "filename": "25681104-170421-CAM22916.jpg",
            "width": 4727,
            "height": 3151,
            "aspectRatio": "3/2",
            "captured": "2025-11-16T12:36:26+00:00"
        },
        {
            "filename": "25681104-170455-CAM22920.jpg",
            "width": 5760,
            "height": 3840,
            "aspectRatio": "3/2",
            "captured": "2025-11-16T12:36:28+00:00"
        },
        {
            "filename": "25681104-170458-CAM22921.jpg",
            "width": 5760,
            "height": 3840,
            "aspectRatio": "3/2",
            "captured": "2025-11-16T12:36:32+00:00"
        },
        {
            "filename": "25681104-170519-CAM22925.jpg",
            "width": 5631,
            "height": 3754,
            "aspectRatio": "3/2",
            "captured": "2025-11-16T12:36:34+00:00"
        },
        {
            "filename": "25681104-170538-CAM22930.jpg",
            "width": 5760,
            "height": 3840,
            "aspectRatio": "3/2",
            "captured": "2025-11-16T12:36:36+00:00"
        },
        {
            "filename": "25681105-165113-CAM22932.jpg",
            "width": 5349,
            "height": 3566,
            "aspectRatio": "3/2",
            "captured": "2025-11-16T11:34:08+00:00"
        },
        {
            "filename": "25681105-165139-CAM22940.jpg",
            "width": 5139,
            "height": 3426,
            "aspectRatio": "3/2",
            "captured": "2025-11-16T11:34:07+00:00"
        },
        {
            "filename": "25681105-165221-CAM22942.jpg",
            "width": 3406,
            "height": 5109,
            "aspectRatio": "2/3",
            "captured": "2025-11-16T11:34:26+00:00"
        },
        {
            "filename": "25681105-165231-CAM22943.jpg",
            "width": 3514,
            "height": 5271,
            "aspectRatio": "2/3",
            "captured": "2025-11-16T11:34:26+00:00"
        },
        {
            "filename": "25681105-165422-CAM22952.jpg",
            "width": 5632,
            "height": 3755,
            "aspectRatio": "3/2",
            "captured": "2025-11-16T11:34:26+00:00"
        },
        {
            "filename": "25681105-165603-CAM22955.jpg",
            "width": 5760,
            "height": 3840,
            "aspectRatio": "3/2",
            "captured": "2025-11-16T11:34:33+00:00"
        },
        {
            "filename": "25681105-165629-CAM22956.jpg",
            "width": 3840,
            "height": 5760,
            "aspectRatio": "2/3",
            "captured": "2025-11-16T11:34:33+00:00"
        },
        {
            "filename": "25681105-165746-CAM22957.jpg",
            "width": 3149,
            "height": 4724,
            "aspectRatio": "2/3",
            "captured": "2025-11-16T11:34:33+00:00"
        },
        {
            "filename": "25681105-165815-CAM22961.jpg",
            "width": 3840,
            "height": 5760,
            "aspectRatio": "2/3",
            "captured": "2025-11-16T11:34:40+00:00"
        },
        {
            "filename": "25681105-165825-CAM22962.jpg",
            "width": 3152,
            "height": 4728,
            "aspectRatio": "2/3",
            "captured": "2025-11-16T11:34:40+00:00"
        },
        {
            "filename": "25681105-170110-CAM22964.jpg",
            "width": 5760,
            "height": 3840,
            "aspectRatio": "3/2",
            "captured": "2025-11-16T11:34:41+00:00"
        },
        {
            "filename": "25681105-170147-CAM22972.jpg",
            "width": 5424,
            "height": 3616,
            "aspectRatio": "3/2",
            "captured": "2025-11-16T11:34:46+00:00"
        },
        {
            "filename": "25681105-170235-CAM22978.jpg",
            "width": 5371,
            "height": 3581,
            "aspectRatio": "3/2",
            "captured": "2025-11-16T11:34:47+00:00"
        },
        {
            "filename": "25681105-170437-CAM22979.jpg",
            "width": 5609,
            "height": 3739,
            "aspectRatio": "3/2",
            "captured": "2025-11-16T11:34:50+00:00"
        },
        {
            "filename": "25681105-170615-CAM22981.jpg",
            "width": 5336,
            "height": 3557,
            "aspectRatio": "3/2",
            "captured": "2025-11-16T11:34:53+00:00"
        },
        {
            "filename": "25681105-170756-CAM22987.jpg",
            "width": 5760,
            "height": 3840,
            "aspectRatio": "3/2",
            "captured": "2025-11-16T11:34:55+00:00"
        },
        {
            "filename": "25681105-170856-CAM22990.jpg",
            "width": 3840,
            "height": 5760,
            "aspectRatio": "2/3",
            "captured": "2025-11-16T11:34:58+00:00"
        },
        {
            "filename": "25681105-171016-CAM22993.jpg",
            "width": 5461,
            "height": 3641,
            "aspectRatio": "3/2",
            "captured": "2025-11-16T11:35:01+00:00"
        },
        {
            "filename": "25681105-171304-CAM22994.jpg",
            "width": 5278,
            "height": 3519,
            "aspectRatio": "3/2",
            "captured": "2025-11-16T11:35:02+00:00"
        },
        {
            "filename": "25681105-171323-CAM22996.jpg",
            "width": 5760,
            "height": 3840,
            "aspectRatio": "3/2",
            "captured": "2025-11-16T11:35:05+00:00"
        },
        {
            "filename": "25681105-171515-CAM23001.jpg",
            "width": 5131,
            "height": 3421,
            "aspectRatio": "3/2",
            "captured": "2025-11-16T11:35:07+00:00"
        },
        {
            "filename": "25681105-172010-CAM23002.jpg",
            "width": 5760,
            "height": 3240,
            "aspectRatio": "16/9",
            "captured": "2025-11-16T11:35:08+00:00"
        },
        {
            "filename": "25681105-172013-CAM23003.jpg",
            "width": 5296,
            "height": 3531,
            "aspectRatio": "3/2",
            "captured": "2025-11-16T11:35:12+00:00"
        },
        {
            "filename": "25681105-172057-CAM23004.jpg",
            "width": 5760,
            "height": 3840,
            "aspectRatio": "3/2",
            "captured": "2025-11-16T11:35:14+00:00"
        },
        {
            "filename": "25681105-172159-CAM23008.jpg",
            "width": 3840,
            "height": 3840,
            "aspectRatio": "1/1",
            "captured": "2025-11-16T11:35:14+00:00"
        },
        {
            "filename": "25681105-172200-CAM23009.jpg",
            "width": 2560,
            "height": 3840,
            "aspectRatio": "2/3",
            "captured": "2025-11-16T11:35:16+00:00"
        },
        {
            "filename": "25681105-172408-CAM23011.jpg",
            "width": 5760,
            "height": 3840,
            "aspectRatio": "3/2",
            "captured": "2025-11-16T11:35:20+00:00"
        },
        {
            "filename": "25681105-172416-CAM23012.jpg",
            "width": 5760,
            "height": 3840,
            "aspectRatio": "3/2",
            "captured": "2025-11-16T11:35:21+00:00"
        },
        {
            "filename": "25681105-172419-CAM23013.jpg",
            "width": 5760,
            "height": 3840,
            "aspectRatio": "3/2",
            "captured": "2025-11-16T11:35:23+00:00"
        },
        {
            "filename": "25681105-172420-CAM23014.jpg",
            "width": 5760,
            "height": 3840,
            "aspectRatio": "3/2",
            "captured": "2025-11-16T11:35:27+00:00"
        },
        {
            "filename": "25681105-172427-CAM23015.jpg",
            "width": 5760,
            "height": 3840,
            "aspectRatio": "3/2",
            "captured": "2025-11-16T11:35:29+00:00"
        },
        {
            "filename": "25681105-172428-CAM23016.jpg",
            "width": 5760,
            "height": 3840,
            "aspectRatio": "3/2",
            "captured": "2025-11-16T11:35:31+00:00"
        },
        {
            "filename": "25681105-172429-CAM23017.jpg",
            "width": 5760,
            "height": 3840,
            "aspectRatio": "3/2",
            "captured": "2025-11-16T11:35:34+00:00"
        },
        {
            "filename": "25681105-173326-CAM23018.jpg",
            "width": 5760,
            "height": 3840,
            "aspectRatio": "3/2",
            "captured": "2025-11-16T11:35:36+00:00"
        },
        {
            "filename": "25681105-173328-CAM23019.jpg",
            "width": 5760,
            "height": 3840,
            "aspectRatio": "3/2",
            "captured": "2025-11-16T11:35:38+00:00"
        },
        {
            "filename": "25681105-173405-CAM23020.jpg",
            "width": 5760,
            "height": 3840,
            "aspectRatio": "3/2",
            "captured": "2025-11-16T11:35:43+00:00"
        },
        {
            "filename": "25681105-173405-CAM23021.jpg",
            "width": 5760,
            "height": 3840,
            "aspectRatio": "3/2",
            "captured": "2025-11-16T11:35:45+00:00"
        },
        {
            "filename": "25681105-173438-CAM23023.jpg",
            "width": 5760,
            "height": 3840,
            "aspectRatio": "3/2",
            "captured": "2025-11-16T11:35:49+00:00"
        },
        {
            "filename": "25681105-173439-CAM23024.jpg",
            "width": 5760,
            "height": 3840,
            "aspectRatio": "3/2",
            "captured": "2025-11-16T11:35:51+00:00"
        },
        {
            "filename": "25681105-173506-CAM23025.jpg",
            "width": 5760,
            "height": 3840,
            "aspectRatio": "3/2",
            "captured": "2025-11-16T11:35:54+00:00"
        },
        {
            "filename": "25681105-173507-CAM23026.jpg",
            "width": 5760,
            "height": 3840,
            "aspectRatio": "3/2",
            "captured": "2025-11-16T11:35:57+00:00"
        },
        {
            "filename": "25681105-173522-CAM23027.jpg",
            "width": 5760,
            "height": 3840,
            "aspectRatio": "3/2",
            "captured": "2025-11-16T11:36:00+00:00"
        },
        {
            "filename": "25681105-173532-CAM23028.jpg",
            "width": 5760,
            "height": 3840,
            "aspectRatio": "3/2",
            "captured": "2025-11-16T11:36:03+00:00"
        },
        {
            "filename": "25681105-173544-CAM23029.jpg",
            "width": 5760,
            "height": 3840,
            "aspectRatio": "3/2",
            "captured": "2025-11-16T11:36:06+00:00"
        },
        {
            "filename": "25681105-173546-CAM23031.jpg",
            "width": 5760,
            "height": 3840,
            "aspectRatio": "3/2",
            "captured": "2025-11-16T11:36:08+00:00"
        },
        {
            "filename": "25681105-182637-CAM23033.jpg",
            "width": 5715,
            "height": 3810,
            "aspectRatio": "3/2",
            "captured": "2025-11-16T11:36:11+00:00"
        },
        {
            "filename": "25681105-182734-CAM23039.jpg",
            "width": 5760,
            "height": 3840,
            "aspectRatio": "3/2",
            "captured": "2025-11-16T11:36:13+00:00"
        },
        {
            "filename": "25681105-182859-CAM23040.jpg",
            "width": 5760,
            "height": 3840,
            "aspectRatio": "3/2",
            "captured": "2025-11-16T11:36:16+00:00"
        },
        {
            "filename": "25681105-182914-CAM23041.jpg",
            "width": 5760,
            "height": 3840,
            "aspectRatio": "3/2",
            "captured": "2025-11-16T11:36:20+00:00"
        },
        {
            "filename": "25681105-183111-CAM23042.jpg",
            "width": 4979,
            "height": 3319,
            "aspectRatio": "3/2",
            "captured": "2025-11-16T11:36:22+00:00"
        },
        {
            "filename": "25681105-183550-CAM23051.jpg",
            "width": 3840,
            "height": 5760,
            "aspectRatio": "2/3",
            "captured": "2025-11-16T11:36:24+00:00"
        },
        {
            "filename": "25681105-190814-CAM23056.jpg",
            "width": 3646,
            "height": 5469,
            "aspectRatio": "2/3",
            "captured": "2025-11-16T11:36:26+00:00"
        }
    ]
}