{
    "id": "53d72ac5",
    "store": "public",
    "subdir": "",
    "folder": "บรรยากาศซ้อมรับพระราชทานปริญญาบัตร 2568 (ซ้อมใหญ่)",
    "title": "บรรยากาศซ้อมรับพระราชทานปริญญาบัตร 2568 (ซ้อมใหญ่)",
    "images": [
        {
            "filename": "cover.jpg",
            "width": 4755,
            "height": 2675,
            "aspectRatio": "16/9",
            "captured": "2025-10-31T01:22:17+00:00"
        },
        {
            "filename": "25681025-060139-CAM20751.jpg",
            "width": 5579,
            "height": 3719,
            "aspectRatio": "3/2",
            "captured": "2025-10-31T01:20:46+00:00"
        },
        {
            "filename": "25681025-060837-CAM17370.jpg",
            "width": 5229,
            "height": 3486,
            "aspectRatio": "3/2",
            "captured": "2025-10-31T01:22:56+00:00"
        },
        {
            "filename": "25681025-061004-CAM20753.jpg",
            "width": 5596,
            "height": 3731,
            "aspectRatio": "3/2",
            "captured": "2025-10-31T01:21:56+00:00"
        },
        {
            "filename": "25681025-061013-CAM20754.jpg",
            "width": 5490,
            "height": 3660,
            "aspectRatio": "3/2",
            "captured": "2025-10-31T01:23:57+00:00"
        },
        {
            "filename": "25681025-061052-CAM20757.jpg",
            "width": 4488,
            "height": 2992,
            "aspectRatio": "3/2",
            "captured": "2025-10-31T01:23:05+00:00"
        },
        {
            "filename": "25681025-061128-CAM17371.jpg",
            "width": 5365,
            "height": 3577,
            "aspectRatio": "3/2",
            "captured": "2025-10-31T01:23:22+00:00"
        },
        {
            "filename": "25681025-061224-CAM20759.jpg",
            "width": 5760,
            "height": 3840,
            "aspectRatio": "3/2",
            "captured": "2025-10-31T01:21:15+00:00"
        },
        {
            "filename": "25681025-061404-CAM20762.jpg",
            "width": 3339,
            "height": 5009,
            "aspectRatio": "2/3",
            "captured": "2025-10-31T01:24:15+00:00"
        },
        {
            "filename": "25681025-061414-CAM20764.jpg",
            "width": 3579,
            "height": 5369,
            "aspectRatio": "2/3",
            "captured": "2025-10-31T01:22:22+00:00"
        },
        {
            "filename": "25681025-061425-CAM20765.jpg",
            "width": 3474,
            "height": 5211,
            "aspectRatio": "2/3",
            "captured": "2025-10-31T01:21:19+00:00"
        },
        {
            "filename": "25681025-061457-CAM17372.jpg",
            "width": 3840,
            "height": 5760,
            "aspectRatio": "2/3",
            "captured": "2025-10-31T01:22:18+00:00"
        },
        {
            "filename": "25681025-061644-CAM20766.jpg",
            "width": 3840,
            "height": 5760,
            "aspectRatio": "2/3",
            "captured": "2025-10-31T01:22:30+00:00"
        },
        {
            "filename": "25681025-061652-CAM20767.jpg",
            "width": 3604,
            "height": 5406,
            "aspectRatio": "2/3",
            "captured": "2025-10-31T01:20:59+00:00"
        },
        {
            "filename": "25681025-062256-CAM20770.jpg",
            "width": 5760,
            "height": 3840,
            "aspectRatio": "3/2",
            "captured": "2025-10-31T01:21:59+00:00"
        },
        {
            "filename": "25681025-062509-CAM20771.jpg",
            "width": 4135,
            "height": 2757,
            "aspectRatio": "3/2",
            "captured": "2025-10-31T01:22:28+00:00"
        },
        {
            "filename": "25681025-063754-CAM20772.jpg",
            "width": 5760,
            "height": 3840,
            "aspectRatio": "3/2",
            "captured": "2025-10-31T01:22:42+00:00"
        },
        {
            "filename": "25681025-063758-CAM20774.jpg",
            "width": 5760,
            "height": 3840,
            "aspectRatio": "3/2",
            "captured": "2025-10-31T01:23:11+00:00"
        },
        {
            "filename": "25681025-065055-CAM20775.jpg",
            "width": 5624,
            "height": 3749,
            "aspectRatio": "3/2",
            "captured": "2025-10-31T01:25:02+00:00"
        },
        {
            "filename": "25681025-065103-CAM20776.jpg",
            "width": 3565,
            "height": 5348,
            "aspectRatio": "2/3",
            "captured": "2025-10-31T01:20:57+00:00"
        },
        {
            "filename": "25681025-065233-CAM20777.jpg",
            "width": 3429,
            "height": 5143,
            "aspectRatio": "2/3",
            "captured": "2025-10-31T01:22:13+00:00"
        },
        {
            "filename": "25681025-065303-CAM20779.jpg",
            "width": 3809,
            "height": 5714,
            "aspectRatio": "2/3",
            "captured": "2025-10-31T01:23:52+00:00"
        },
        {
            "filename": "25681025-065535-CAM20780.jpg",
            "width": 3840,
            "height": 5760,
            "aspectRatio": "2/3",
            "captured": "2025-10-31T01:24:18+00:00"
        },
        {
            "filename": "25681025-065540-CAM20781.jpg",
            "width": 3840,
            "height": 5760,
            "aspectRatio": "2/3",
            "captured": "2025-10-31T01:21:43+00:00"
        },
        {
            "filename": "25681025-065641-CAM20783.jpg",
            "width": 3671,
            "height": 5506,
            "aspectRatio": "2/3",
            "captured": "2025-10-31T01:21:12+00:00"
        },
        {
            "filename": "25681025-070147-CAM20784.jpg",
            "width": 3816,
            "height": 5724,
            "aspectRatio": "2/3",
            "captured": "2025-10-31T01:22:55+00:00"
        },
        {
            "filename": "25681025-070213-CAM17376.jpg",
            "width": 5064,
            "height": 3376,
            "aspectRatio": "3/2",
            "captured": "2025-10-31T01:22:39+00:00"
        },
        {
            "filename": "25681025-070258-CAM20787.jpg",
            "width": 3779,
            "height": 5668,
            "aspectRatio": "2/3",
            "captured": "2025-10-31T01:22:24+00:00"
        },
        {
            "filename": "25681025-070318-CAM20790.jpg",
            "width": 3617,
            "height": 5426,
            "aspectRatio": "2/3",
            "captured": "2025-10-31T01:23:26+00:00"
        },
        {
            "filename": "25681025-070320-CAM20791.jpg",
            "width": 3539,
            "height": 5308,
            "aspectRatio": "2/3",
            "captured": "2025-10-31T01:21:10+00:00"
        },
        {
            "filename": "25681025-070321-CAM20793.jpg",
            "width": 3221,
            "height": 4832,
            "aspectRatio": "2/3",
            "captured": "2025-10-31T01:21:12+00:00"
        },
        {
            "filename": "25681025-070509-CAM20798.jpg",
            "width": 3829,
            "height": 5743,
            "aspectRatio": "2/3",
            "captured": "2025-10-31T01:22:36+00:00"
        },
        {
            "filename": "25681025-070527-CAM17377.jpg",
            "width": 5760,
            "height": 3840,
            "aspectRatio": "3/2",
            "captured": "2025-10-31T01:21:27+00:00"
        },
        {
            "filename": "25681025-070648-CAM20805.jpg",
            "width": 3546,
            "height": 5319,
            "aspectRatio": "2/3",
            "captured": "2025-10-31T01:22:24+00:00"
        },
        {
            "filename": "25681025-070701-CAM20809.jpg",
            "width": 3472,
            "height": 5208,
            "aspectRatio": "2/3",
            "captured": "2025-10-31T01:22:15+00:00"
        },
        {
            "filename": "25681025-070718-CAM20812.jpg",
            "width": 3840,
            "height": 5760,
            "aspectRatio": "2/3",
            "captured": "2025-10-31T01:23:58+00:00"
        },
        {
            "filename": "25681025-070718-CAM20813.jpg",
            "width": 3840,
            "height": 5760,
            "aspectRatio": "2/3",
            "captured": "2025-10-31T01:23:43+00:00"
        },
        {
            "filename": "25681025-070720-CAM20814.jpg",
            "width": 3406,
            "height": 5109,
            "aspectRatio": "2/3",
            "captured": "2025-10-31T01:21:23+00:00"
        },
        {
            "filename": "25681025-070720-CAM20815.jpg",
            "width": 3840,
            "height": 5760,
            "aspectRatio": "2/3",
            "captured": "2025-10-31T01:21:33+00:00"
        },
        {
            "filename": "25681025-070722-CAM20816.jpg",
            "width": 3840,
            "height": 5760,
            "aspectRatio": "2/3",
            "captured": "2025-10-31T01:23:01+00:00"
        },
        {
            "filename": "25681025-070725-CAM20817.jpg",
            "width": 5760,
            "height": 3840,
            "aspectRatio": "3/2",
            "captured": "2025-10-31T01:23:49+00:00"
        },
        {
            "filename": "25681025-070811-CAM20819.jpg",
            "width": 3840,
            "height": 5760,
            "aspectRatio": "2/3",
            "captured": "2025-10-31T01:22:58+00:00"
        },
        {
            "filename": "25681025-070842-CAM20820.jpg",
            "width": 3710,
            "height": 5565,
            "aspectRatio": "2/3",
            "captured": "2025-10-31T01:23:37+00:00"
        },
        {
            "filename": "25681025-070858-CAM20822.jpg",
            "width": 3840,
            "height": 5760,
            "aspectRatio": "2/3",
            "captured": "2025-10-31T01:21:59+00:00"
        },
        {
            "filename": "25681025-070920-CAM20823.jpg",
            "width": 3840,
            "height": 5760,
            "aspectRatio": "2/3",
            "captured": "2025-10-31T01:23:04+00:00"
        },
        {
            "filename": "25681025-070921-CAM20824.jpg",
            "width": 3404,
            "height": 5106,
            "aspectRatio": "2/3",
            "captured": "2025-10-31T01:24:13+00:00"
        },
        {
            "filename": "25681025-071150-CAM20830.jpg",
            "width": 3653,
            "height": 5479,
            "aspectRatio": "2/3",
            "captured": "2025-10-31T01:23:17+00:00"
        },
        {
            "filename": "25681025-071900-CAM20831.jpg",
            "width": 3840,
            "height": 5760,
            "aspectRatio": "2/3",
            "captured": "2025-10-31T01:21:24+00:00"
        },
        {
            "filename": "25681025-071907-CAM20832.jpg",
            "width": 3840,
            "height": 5760,
            "aspectRatio": "2/3",
            "captured": "2025-10-31T01:22:54+00:00"
        },
        {
            "filename": "25681025-072038-CAM20838.jpg",
            "width": 3840,
            "height": 5760,
            "aspectRatio": "2/3",
            "captured": "2025-10-31T01:24:42+00:00"
        },
        {
            "filename": "25681025-072045-CAM20840.jpg",
            "width": 3840,
            "height": 5760,
            "aspectRatio": "2/3",
            "captured": "2025-10-31T01:22:37+00:00"
        },
        {
            "filename": "25681025-072158-CAM20842.jpg",
            "width": 3294,
            "height": 4941,
            "aspectRatio": "2/3",
            "captured": "2025-10-31T01:22:10+00:00"
        },
        {
            "filename": "25681025-072158-CAM20843.jpg",
            "width": 3840,
            "height": 5760,
            "aspectRatio": "2/3",
            "captured": "2025-10-31T01:23:02+00:00"
        },
        {
            "filename": "25681025-072159-CAM20844.jpg",
            "width": 3840,
            "height": 5760,
            "aspectRatio": "2/3",
            "captured": "2025-10-31T01:22:34+00:00"
        },
        {
            "filename": "25681025-072208-CAM20846.jpg",
            "width": 3367,
            "height": 5051,
            "aspectRatio": "2/3",
            "captured": "2025-10-31T01:21:27+00:00"
        },
        {
            "filename": "25681025-072251-CAM20847.jpg",
            "width": 5479,
            "height": 3653,
            "aspectRatio": "3/2",
            "captured": "2025-10-31T01:21:31+00:00"
        },
        {
            "filename": "25681025-072343-CAM20848.jpg",
            "width": 3840,
            "height": 5760,
            "aspectRatio": "2/3",
            "captured": "2025-10-31T01:21:55+00:00"
        },
        {
            "filename": "25681025-072441-CAM17378.jpg",
            "width": 3840,
            "height": 5760,
            "aspectRatio": "2/3",
            "captured": "2025-10-31T01:22:20+00:00"
        },
        {
            "filename": "25681025-072457-CAM17383.jpg",
            "width": 3840,
            "height": 5760,
            "aspectRatio": "2/3",
            "captured": "2025-10-31T01:23:12+00:00"
        },
        {
            "filename": "25681025-072511-CAM17392.jpg",
            "width": 3745,
            "height": 5617,
            "aspectRatio": "2/3",
            "captured": "2025-10-31T01:22:42+00:00"
        },
        {
            "filename": "25681025-072520-CAM20852.jpg",
            "width": 5726,
            "height": 3817,
            "aspectRatio": "3/2",
            "captured": "2025-10-31T01:21:25+00:00"
        },
        {
            "filename": "25681025-072716-CAM20860.jpg",
            "width": 3343,
            "height": 5015,
            "aspectRatio": "2/3",
            "captured": "2025-10-31T01:23:34+00:00"
        },
        {
            "filename": "25681025-072721-CAM20862.jpg",
            "width": 3840,
            "height": 5760,
            "aspectRatio": "2/3",
            "captured": "2025-10-31T01:23:32+00:00"
        },
        {
            "filename": "25681025-072911-CAM20863.jpg",
            "width": 3666,
            "height": 5499,
            "aspectRatio": "2/3",
            "captured": "2025-10-31T01:24:28+00:00"
        },
        {
            "filename": "25681025-073249-CAM20865.jpg",
            "width": 4760,
            "height": 3173,
            "aspectRatio": "3/2",
            "captured": "2025-10-31T01:23:19+00:00"
        },
        {
            "filename": "25681025-073249-CAM20866.jpg",
            "width": 5109,
            "height": 3406,
            "aspectRatio": "3/2",
            "captured": "2025-10-31T01:22:06+00:00"
        },
        {
            "filename": "25681025-073349-CAM20867.jpg",
            "width": 5336,
            "height": 3557,
            "aspectRatio": "3/2",
            "captured": "2025-10-31T01:24:05+00:00"
        },
        {
            "filename": "25681025-073352-CAM20868.jpg",
            "width": 5760,
            "height": 3840,
            "aspectRatio": "3/2",
            "captured": "2025-10-31T01:24:34+00:00"
        },
        {
            "filename": "25681025-073416-CAM20869.jpg",
            "width": 3787,
            "height": 5681,
            "aspectRatio": "2/3",
            "captured": "2025-10-31T01:21:46+00:00"
        },
        {
            "filename": "25681025-073423-CAM20870.jpg",
            "width": 3840,
            "height": 5760,
            "aspectRatio": "2/3",
            "captured": "2025-10-31T01:22:17+00:00"
        },
        {
            "filename": "25681025-073521-CAM20872.jpg",
            "width": 3600,
            "height": 5400,
            "aspectRatio": "2/3",
            "captured": "2025-10-31T01:23:48+00:00"
        },
        {
            "filename": "25681025-073617-CAM20873.jpg",
            "width": 3840,
            "height": 5760,
            "aspectRatio": "2/3",
            "captured": "2025-10-31T01:22:04+00:00"
        },
        {
            "filename": "25681025-073621-CAM20875.jpg",
            "width": 3840,
            "height": 5760,
            "aspectRatio": "2/3",
            "captured": "2025-10-31T01:23:32+00:00"
        },
        {
            "filename": "25681025-074017-CAM17393.jpg",
            "width": 5288,
            "height": 3525,
            "aspectRatio": "3/2",
            "captured": "2025-10-31T01:22:02+00:00"
        },
        {
            "filename": "25681025-074036-CAM17395.jpg",
            "width": 4752,
            "height": 2673,
            "aspectRatio": "16/9",
            "captured": "2025-10-31T01:21:51+00:00"
        },
        {
            "filename": "25681025-074114-CAM20876.jpg",
            "width": 3770,
            "height": 5655,
            "aspectRatio": "2/3",
            "captured": "2025-10-31T01:22:10+00:00"
        },
        {
            "filename": "25681025-074130-CAM20878.jpg",
            "width": 3705,
            "height": 5558,
            "aspectRatio": "2/3",
            "captured": "2025-10-31T01:23:45+00:00"
        },
        {
            "filename": "25681025-074337-CAM20882.jpg",
            "width": 5760,
            "height": 3840,
            "aspectRatio": "3/2",
            "captured": "2025-10-31T01:24:39+00:00"
        },
        {
            "filename": "25681025-074405-CAM20885.jpg",
            "width": 5760,
            "height": 3840,
            "aspectRatio": "3/2",
            "captured": "2025-10-31T01:21:55+00:00"
        },
        {
            "filename": "25681025-074408-CAM20887.jpg",
            "width": 5760,
            "height": 3840,
            "aspectRatio": "3/2",
            "captured": "2025-10-31T01:22:49+00:00"
        },
        {
            "filename": "25681025-074413-CAM20889.jpg",
            "width": 4756,
            "height": 3171,
            "aspectRatio": "3/2",
            "captured": "2025-10-31T01:21:34+00:00"
        },
        {
            "filename": "25681025-074419-CAM17399.jpg",
            "width": 5568,
            "height": 3712,
            "aspectRatio": "3/2",
            "captured": "2025-10-31T01:22:44+00:00"
        },
        {
            "filename": "25681025-074424-CAM17404.jpg",
            "width": 5281,
            "height": 3521,
            "aspectRatio": "3/2",
            "captured": "2025-10-31T01:22:08+00:00"
        },
        {
            "filename": "25681025-074640-CAM17405.jpg",
            "width": 5072,
            "height": 3381,
            "aspectRatio": "3/2",
            "captured": "2025-10-31T01:20:53+00:00"
        },
        {
            "filename": "25681025-074702-CAM17407.jpg",
            "width": 5760,
            "height": 3840,
            "aspectRatio": "3/2",
            "captured": "2025-10-31T01:24:07+00:00"
        },
        {
            "filename": "25681025-074704-CAM17408.jpg",
            "width": 5077,
            "height": 3385,
            "aspectRatio": "3/2",
            "captured": "2025-10-31T01:21:01+00:00"
        },
        {
            "filename": "25681025-074721-CAM17409.jpg",
            "width": 5597,
            "height": 3731,
            "aspectRatio": "3/2",
            "captured": "2025-10-31T01:22:29+00:00"
        },
        {
            "filename": "25681025-074723-CAM17410.jpg",
            "width": 5513,
            "height": 3675,
            "aspectRatio": "3/2",
            "captured": "2025-10-31T01:22:07+00:00"
        },
        {
            "filename": "25681025-074808-CAM20891.jpg",
            "width": 5760,
            "height": 3840,
            "aspectRatio": "3/2",
            "captured": "2025-10-31T01:23:00+00:00"
        },
        {
            "filename": "25681025-074940-CAM17411.jpg",
            "width": 4329,
            "height": 2886,
            "aspectRatio": "3/2",
            "captured": "2025-10-31T01:20:39+00:00"
        },
        {
            "filename": "25681025-074944-CAM17413.jpg",
            "width": 4321,
            "height": 2881,
            "aspectRatio": "3/2",
            "captured": "2025-10-31T01:24:33+00:00"
        },
        {
            "filename": "25681025-075327-CAM20894.jpg",
            "width": 5498,
            "height": 3665,
            "aspectRatio": "3/2",
            "captured": "2025-10-31T01:21:03+00:00"
        },
        {
            "filename": "25681025-075645-CAM17414.jpg",
            "width": 4313,
            "height": 2875,
            "aspectRatio": "3/2",
            "captured": "2025-10-31T01:24:46+00:00"
        },
        {
            "filename": "25681025-080035-CAM20897.jpg",
            "width": 3840,
            "height": 5760,
            "aspectRatio": "2/3",
            "captured": "2025-10-31T01:23:52+00:00"
        },
        {
            "filename": "25681025-080038-CAM20899.jpg",
            "width": 3840,
            "height": 5760,
            "aspectRatio": "2/3",
            "captured": "2025-10-31T01:22:55+00:00"
        },
        {
            "filename": "25681025-080232-CAM17420.jpg",
            "width": 5303,
            "height": 3535,
            "aspectRatio": "3/2",
            "captured": "2025-10-31T01:23:12+00:00"
        },
        {
            "filename": "25681025-080323-CAM17421.jpg",
            "width": 5078,
            "height": 3385,
            "aspectRatio": "3/2",
            "captured": "2025-10-31T01:22:09+00:00"
        },
        {
            "filename": "25681025-080422-CAM20904.jpg",
            "width": 5760,
            "height": 3840,
            "aspectRatio": "3/2",
            "captured": "2025-10-31T01:24:09+00:00"
        },
        {
            "filename": "25681025-080424-CAM20905.jpg",
            "width": 5760,
            "height": 3840,
            "aspectRatio": "3/2",
            "captured": "2025-10-31T01:23:14+00:00"
        },
        {
            "filename": "25681025-080514-CAM17424.jpg",
            "width": 5348,
            "height": 3565,
            "aspectRatio": "3/2",
            "captured": "2025-10-31T01:22:52+00:00"
        },
        {
            "filename": "25681025-080550-CAM20906.jpg",
            "width": 3577,
            "height": 5365,
            "aspectRatio": "2/3",
            "captured": "2025-10-31T01:22:06+00:00"
        },
        {
            "filename": "25681025-080730-CAM20909.jpg",
            "width": 4603,
            "height": 3069,
            "aspectRatio": "3/2",
            "captured": "2025-10-31T01:21:17+00:00"
        },
        {
            "filename": "25681025-080731-CAM20910.jpg",
            "width": 5760,
            "height": 3840,
            "aspectRatio": "3/2",
            "captured": "2025-10-31T01:23:39+00:00"
        },
        {
            "filename": "25681025-080732-CAM20912.jpg",
            "width": 5760,
            "height": 3840,
            "aspectRatio": "3/2",
            "captured": "2025-10-31T01:21:32+00:00"
        },
        {
            "filename": "25681025-080857-CAM20915.jpg",
            "width": 3343,
            "height": 5014,
            "aspectRatio": "2/3",
            "captured": "2025-10-31T01:21:34+00:00"
        },
        {
            "filename": "25681025-080904-CAM20917.jpg",
            "width": 3293,
            "height": 4939,
            "aspectRatio": "2/3",
            "captured": "2025-10-31T01:21:45+00:00"
        },
        {
            "filename": "25681025-081029-CAM20918.jpg",
            "width": 3840,
            "height": 5760,
            "aspectRatio": "2/3",
            "captured": "2025-10-31T01:22:32+00:00"
        },
        {
            "filename": "25681025-081031-CAM20919.jpg",
            "width": 3840,
            "height": 5760,
            "aspectRatio": "2/3",
            "captured": "2025-10-31T01:22:30+00:00"
        },
        {
            "filename": "25681025-081046-CAM20921.jpg",
            "width": 3840,
            "height": 5760,
            "aspectRatio": "2/3",
            "captured": "2025-10-31T01:22:46+00:00"
        },
        {
            "filename": "25681025-081049-CAM20923.jpg",
            "width": 2793,
            "height": 4189,
            "aspectRatio": "2/3",
            "captured": "2025-10-31T01:24:43+00:00"
        },
        {
            "filename": "25681025-081141-CAM17425.jpg",
            "width": 5760,
            "height": 3840,
            "aspectRatio": "3/2",
            "captured": "2025-10-31T01:21:57+00:00"
        },
        {
            "filename": "25681025-081147-CAM17426.jpg",
            "width": 5760,
            "height": 3840,
            "aspectRatio": "3/2",
            "captured": "2025-10-31T01:22:41+00:00"
        },
        {
            "filename": "25681025-081303-CAM17429.jpg",
            "width": 5591,
            "height": 3727,
            "aspectRatio": "3/2",
            "captured": "2025-10-31T01:21:21+00:00"
        },
        {
            "filename": "25681025-081328-CAM17432.jpg",
            "width": 5398,
            "height": 3599,
            "aspectRatio": "3/2",
            "captured": "2025-10-31T01:21:45+00:00"
        },
        {
            "filename": "25681025-081330-CAM17435.jpg",
            "width": 5760,
            "height": 3840,
            "aspectRatio": "3/2",
            "captured": "2025-10-31T01:21:40+00:00"
        },
        {
            "filename": "25681025-081331-CAM17438.jpg",
            "width": 5280,
            "height": 3520,
            "aspectRatio": "3/2",
            "captured": "2025-10-31T01:23:25+00:00"
        },
        {
            "filename": "25681025-081458-CAM20925.jpg",
            "width": 5710,
            "height": 3807,
            "aspectRatio": "3/2",
            "captured": "2025-10-31T01:22:00+00:00"
        },
        {
            "filename": "25681025-081602-CAM20927.jpg",
            "width": 4462,
            "height": 2975,
            "aspectRatio": "3/2",
            "captured": "2025-10-31T01:24:14+00:00"
        },
        {
            "filename": "25681025-081604-CAM20929.jpg",
            "width": 5140,
            "height": 3427,
            "aspectRatio": "3/2",
            "captured": "2025-10-31T01:23:08+00:00"
        },
        {
            "filename": "25681025-081606-CAM20931.jpg",
            "width": 5760,
            "height": 3840,
            "aspectRatio": "3/2",
            "captured": "2025-10-31T01:21:54+00:00"
        },
        {
            "filename": "25681025-081607-CAM20933.jpg",
            "width": 5760,
            "height": 3840,
            "aspectRatio": "3/2",
            "captured": "2025-10-31T01:20:51+00:00"
        },
        {
            "filename": "25681025-081633-CAM20936.jpg",
            "width": 5152,
            "height": 3435,
            "aspectRatio": "3/2",
            "captured": "2025-10-31T01:22:34+00:00"
        },
        {
            "filename": "25681025-081707-CAM20942.jpg",
            "width": 5760,
            "height": 3840,
            "aspectRatio": "3/2",
            "captured": "2025-10-31T01:22:19+00:00"
        },
        {
            "filename": "25681025-081712-CAM20944.jpg",
            "width": 5760,
            "height": 3840,
            "aspectRatio": "3/2",
            "captured": "2025-10-31T01:22:02+00:00"
        },
        {
            "filename": "25681025-081822-CAM20946.jpg",
            "width": 3581,
            "height": 5371,
            "aspectRatio": "2/3",
            "captured": "2025-10-31T01:22:04+00:00"
        },
        {
            "filename": "25681025-081927-CAM17439.jpg",
            "width": 5275,
            "height": 3517,
            "aspectRatio": "3/2",
            "captured": "2025-10-31T01:22:38+00:00"
        },
        {
            "filename": "25681025-081943-CAM17440.jpg",
            "width": 5363,
            "height": 3575,
            "aspectRatio": "3/2",
            "captured": "2025-10-31T01:23:32+00:00"
        },
        {
            "filename": "25681025-082002-CAM20947.jpg",
            "width": 5760,
            "height": 3840,
            "aspectRatio": "3/2",
            "captured": "2025-10-31T01:22:09+00:00"
        },
        {
            "filename": "25681025-082005-CAM20948.jpg",
            "width": 5760,
            "height": 3840,
            "aspectRatio": "3/2",
            "captured": "2025-10-31T01:23:05+00:00"
        },
        {
            "filename": "25681025-082025-CAM17441.jpg",
            "width": 5760,
            "height": 3840,
            "aspectRatio": "3/2",
            "captured": "2025-10-31T01:24:20+00:00"
        },
        {
            "filename": "25681025-082117-CAM17442.jpg",
            "width": 5297,
            "height": 3531,
            "aspectRatio": "3/2",
            "captured": "2025-10-31T01:22:14+00:00"
        },
        {
            "filename": "25681025-082122-CAM17443.jpg",
            "width": 5760,
            "height": 3840,
            "aspectRatio": "3/2",
            "captured": "2025-10-31T01:22:48+00:00"
        },
        {
            "filename": "25681025-082124-CAM17444.jpg",
            "width": 5760,
            "height": 3840,
            "aspectRatio": "3/2",
            "captured": "2025-10-31T01:23:17+00:00"
        },
        {
            "filename": "25681025-082138-CAM17445.jpg",
            "width": 5152,
            "height": 3435,
            "aspectRatio": "3/2",
            "captured": "2025-10-31T01:20:51+00:00"
        },
        {
            "filename": "25681025-082154-CAM17446.jpg",
            "width": 5374,
            "height": 3583,
            "aspectRatio": "3/2",
            "captured": "2025-10-31T01:24:03+00:00"
        },
        {
            "filename": "25681025-082156-CAM17447.jpg",
            "width": 5522,
            "height": 3681,
            "aspectRatio": "3/2",
            "captured": "2025-10-31T01:21:03+00:00"
        },
        {
            "filename": "25681025-082219-CAM20949.jpg",
            "width": 3840,
            "height": 5760,
            "aspectRatio": "2/3",
            "captured": "2025-10-31T01:21:38+00:00"
        },
        {
            "filename": "25681025-082222-CAM20951.jpg",
            "width": 3840,
            "height": 5760,
            "aspectRatio": "2/3",
            "captured": "2025-10-31T01:25:06+00:00"
        },
        {
            "filename": "25681025-082244-CAM17448.jpg",
            "width": 4763,
            "height": 3175,
            "aspectRatio": "3/2",
            "captured": "2025-10-31T01:23:16+00:00"
        },
        {
            "filename": "25681025-082247-CAM17449.jpg",
            "width": 5760,
            "height": 3840,
            "aspectRatio": "3/2",
            "captured": "2025-10-31T01:21:10+00:00"
        },
        {
            "filename": "25681025-082339-CAM17452.jpg",
            "width": 5760,
            "height": 3840,
            "aspectRatio": "3/2",
            "captured": "2025-10-31T01:22:33+00:00"
        },
        {
            "filename": "25681025-082400-CAM17454.jpg",
            "width": 5760,
            "height": 3840,
            "aspectRatio": "3/2",
            "captured": "2025-10-31T01:23:37+00:00"
        },
        {
            "filename": "25681025-082413-CAM17455.jpg",
            "width": 3723,
            "height": 5585,
            "aspectRatio": "2/3",
            "captured": "2025-10-31T01:23:20+00:00"
        },
        {
            "filename": "25681025-082431-CAM17458.jpg",
            "width": 5760,
            "height": 3840,
            "aspectRatio": "3/2",
            "captured": "2025-10-31T01:21:56+00:00"
        },
        {
            "filename": "25681025-082432-CAM17459.jpg",
            "width": 5760,
            "height": 3840,
            "aspectRatio": "3/2",
            "captured": "2025-10-31T01:23:44+00:00"
        },
        {
            "filename": "25681025-082528-CAM17461.jpg",
            "width": 2387,
            "height": 1343,
            "aspectRatio": "16/9",
            "captured": "2025-10-31T01:20:42+00:00"
        },
        {
            "filename": "25681025-082532-CAM17462.jpg",
            "width": 2387,
            "height": 1343,
            "aspectRatio": "16/9",
            "captured": "2025-10-31T01:24:52+00:00"
        },
        {
            "filename": "25681025-082533-CAM17463.jpg",
            "width": 2387,
            "height": 1343,
            "aspectRatio": "16/9",
            "captured": "2025-10-31T01:23:04+00:00"
        },
        {
            "filename": "25681025-082553-CAM17466.jpg",
            "width": 2387,
            "height": 1343,
            "aspectRatio": "16/9",
            "captured": "2025-10-31T01:20:29+00:00"
        },
        {
            "filename": "25681025-082638-CAM20952.jpg",
            "width": 3480,
            "height": 5220,
            "aspectRatio": "2/3",
            "captured": "2025-10-31T01:22:06+00:00"
        },
        {
            "filename": "25681025-082642-CAM20953.jpg",
            "width": 3558,
            "height": 5337,
            "aspectRatio": "2/3",
            "captured": "2025-10-31T01:22:05+00:00"
        },
        {
            "filename": "25681025-082657-CAM20954.jpg",
            "width": 5185,
            "height": 3457,
            "aspectRatio": "3/2",
            "captured": "2025-10-31T01:21:32+00:00"
        },
        {
            "filename": "25681025-082659-CAM20955.jpg",
            "width": 5760,
            "height": 3840,
            "aspectRatio": "3/2",
            "captured": "2025-10-31T01:24:44+00:00"
        },
        {
            "filename": "25681025-082703-CAM20956.jpg",
            "width": 5760,
            "height": 3840,
            "aspectRatio": "3/2",
            "captured": "2025-10-31T01:21:19+00:00"
        },
        {
            "filename": "25681025-082703-CAM20957.jpg",
            "width": 5760,
            "height": 3840,
            "aspectRatio": "3/2",
            "captured": "2025-10-31T01:21:34+00:00"
        },
        {
            "filename": "25681025-082828-CAM17471.jpg",
            "width": 4326,
            "height": 2884,
            "aspectRatio": "3/2",
            "captured": "2025-10-31T01:21:39+00:00"
        },
        {
            "filename": "25681025-082851-CAM20958.jpg",
            "width": 3840,
            "height": 5760,
            "aspectRatio": "2/3",
            "captured": "2025-10-31T01:22:50+00:00"
        },
        {
            "filename": "25681025-082912-CAM20960.jpg",
            "width": 3407,
            "height": 5111,
            "aspectRatio": "2/3",
            "captured": "2025-10-31T01:22:39+00:00"
        },
        {
            "filename": "25681025-082924-CAM20963.jpg",
            "width": 5760,
            "height": 3840,
            "aspectRatio": "3/2",
            "captured": "2025-10-31T01:20:54+00:00"
        },
        {
            "filename": "25681025-082956-CAM17472.jpg",
            "width": 3373,
            "height": 5059,
            "aspectRatio": "2/3",
            "captured": "2025-10-31T01:23:09+00:00"
        },
        {
            "filename": "25681025-083119-CAM17477.jpg",
            "width": 5180,
            "height": 3453,
            "aspectRatio": "3/2",
            "captured": "2025-10-31T01:21:05+00:00"
        },
        {
            "filename": "25681025-083122-CAM17478.jpg",
            "width": 5180,
            "height": 3453,
            "aspectRatio": "3/2",
            "captured": "2025-10-31T01:23:13+00:00"
        },
        {
            "filename": "25681025-083142-CAM17481.jpg",
            "width": 3445,
            "height": 2297,
            "aspectRatio": "3/2",
            "captured": "2025-10-31T01:22:57+00:00"
        },
        {
            "filename": "25681025-083152-CAM20964.jpg",
            "width": 3357,
            "height": 5035,
            "aspectRatio": "2/3",
            "captured": "2025-10-31T01:22:26+00:00"
        },
        {
            "filename": "25681025-083158-CAM20965.jpg",
            "width": 3209,
            "height": 4813,
            "aspectRatio": "2/3",
            "captured": "2025-10-31T01:20:41+00:00"
        },
        {
            "filename": "25681025-083226-CAM20968.jpg",
            "width": 4747,
            "height": 3165,
            "aspectRatio": "3/2",
            "captured": "2025-10-31T01:20:56+00:00"
        },
        {
            "filename": "25681025-083334-CAM17483.jpg",
            "width": 2776,
            "height": 1851,
            "aspectRatio": "3/2",
            "captured": "2025-10-31T01:22:08+00:00"
        },
        {
            "filename": "25681025-083343-CAM17484.jpg",
            "width": 3721,
            "height": 2481,
            "aspectRatio": "3/2",
            "captured": "2025-10-31T01:20:35+00:00"
        },
        {
            "filename": "25681025-083345-CAM17485.jpg",
            "width": 3840,
            "height": 2560,
            "aspectRatio": "3/2",
            "captured": "2025-10-31T01:20:32+00:00"
        },
        {
            "filename": "25681025-083345-CAM17486.jpg",
            "width": 4329,
            "height": 2886,
            "aspectRatio": "3/2",
            "captured": "2025-10-31T01:22:04+00:00"
        },
        {
            "filename": "25681025-083633-CAM17488.jpg",
            "width": 5229,
            "height": 3486,
            "aspectRatio": "3/2",
            "captured": "2025-10-31T01:24:46+00:00"
        },
        {
            "filename": "25681025-083721-CAM17490.jpg",
            "width": 5487,
            "height": 3658,
            "aspectRatio": "3/2",
            "captured": "2025-10-31T01:22:50+00:00"
        },
        {
            "filename": "25681025-083755-CAM17491.jpg",
            "width": 5760,
            "height": 3840,
            "aspectRatio": "3/2",
            "captured": "2025-10-31T01:24:19+00:00"
        },
        {
            "filename": "25681025-083812-CAM17492.jpg",
            "width": 5760,
            "height": 3840,
            "aspectRatio": "3/2",
            "captured": "2025-10-31T01:24:00+00:00"
        },
        {
            "filename": "25681025-083812-CAM17493.jpg",
            "width": 5760,
            "height": 3840,
            "aspectRatio": "3/2",
            "captured": "2025-10-31T01:23:46+00:00"
        },
        {
            "filename": "25681025-083813-CAM17494.jpg",
            "width": 5760,
            "height": 3840,
            "aspectRatio": "3/2",
            "captured": "2025-10-31T01:23:20+00:00"
        },
        {
            "filename": "25681025-083819-CAM17495.jpg",
            "width": 5760,
            "height": 3840,
            "aspectRatio": "3/2",
            "captured": "2025-10-31T01:23:57+00:00"
        },
        {
            "filename": "25681025-084100-CAM20972.jpg",
            "width": 5424,
            "height": 3616,
            "aspectRatio": "3/2",
            "captured": "2025-10-31T01:21:26+00:00"
        },
        {
            "filename": "25681025-084302-CAM20975.jpg",
            "width": 5760,
            "height": 3840,
            "aspectRatio": "3/2",
            "captured": "2025-10-31T01:23:02+00:00"
        },
        {
            "filename": "25681025-084308-CAM20976.jpg",
            "width": 5760,
            "height": 3840,
            "aspectRatio": "3/2",
            "captured": "2025-10-31T01:24:55+00:00"
        },
        {
            "filename": "25681025-084316-CAM20977.jpg",
            "width": 5760,
            "height": 3840,
            "aspectRatio": "3/2",
            "captured": "2025-10-31T01:23:59+00:00"
        },
        {
            "filename": "25681025-084318-CAM20978.jpg",
            "width": 5760,
            "height": 3840,
            "aspectRatio": "3/2",
            "captured": "2025-10-31T01:25:02+00:00"
        },
        {
            "filename": "25681025-084344-CAM17499.jpg",
            "width": 4329,
            "height": 2886,
            "aspectRatio": "3/2",
            "captured": "2025-10-31T01:23:47+00:00"
        },
        {
            "filename": "25681025-084416-CAM20979.jpg",
            "width": 5303,
            "height": 3535,
            "aspectRatio": "3/2",
            "captured": "2025-10-31T01:22:32+00:00"
        },
        {
            "filename": "25681025-084445-CAM20980.jpg",
            "width": 5760,
            "height": 3840,
            "aspectRatio": "3/2",
            "captured": "2025-10-31T01:20:38+00:00"
        },
        {
            "filename": "25681025-084447-CAM20981.jpg",
            "width": 5760,
            "height": 3840,
            "aspectRatio": "3/2",
            "captured": "2025-10-31T01:23:52+00:00"
        },
        {
            "filename": "25681025-084448-CAM20982.jpg",
            "width": 5760,
            "height": 3840,
            "aspectRatio": "3/2",
            "captured": "2025-10-31T01:20:42+00:00"
        },
        {
            "filename": "25681025-084539-CAM20983.jpg",
            "width": 5760,
            "height": 3840,
            "aspectRatio": "3/2",
            "captured": "2025-10-31T01:21:51+00:00"
        },
        {
            "filename": "25681025-084546-CAM20984.jpg",
            "width": 5760,
            "height": 3840,
            "aspectRatio": "3/2",
            "captured": "2025-10-31T01:22:38+00:00"
        },
        {
            "filename": "25681025-084620-CAM20985.jpg",
            "width": 5760,
            "height": 3840,
            "aspectRatio": "3/2",
            "captured": "2025-10-31T01:21:32+00:00"
        },
        {
            "filename": "25681025-084621-CAM20986.jpg",
            "width": 5760,
            "height": 3840,
            "aspectRatio": "3/2",
            "captured": "2025-10-31T01:21:24+00:00"
        },
        {
            "filename": "25681025-084648-CAM20987.jpg",
            "width": 5760,
            "height": 3840,
            "aspectRatio": "3/2",
            "captured": "2025-10-31T01:23:14+00:00"
        },
        {
            "filename": "25681025-084742-CAM20988.jpg",
            "width": 5760,
            "height": 3840,
            "aspectRatio": "3/2",
            "captured": "2025-10-31T01:25:13+00:00"
        },
        {
            "filename": "25681025-084808-CAM17500.jpg",
            "width": 4023,
            "height": 2682,
            "aspectRatio": "3/2",
            "captured": "2025-10-31T01:21:57+00:00"
        },
        {
            "filename": "25681025-084825-CAM17501.jpg",
            "width": 3732,
            "height": 2488,
            "aspectRatio": "3/2",
            "captured": "2025-10-31T01:22:39+00:00"
        },
        {
            "filename": "25681025-084834-CAM17503.jpg",
            "width": 3348,
            "height": 2232,
            "aspectRatio": "3/2",
            "captured": "2025-10-31T01:23:30+00:00"
        },
        {
            "filename": "25681025-084908-CAM20989.jpg",
            "width": 5594,
            "height": 3729,
            "aspectRatio": "3/2",
            "captured": "2025-10-31T01:22:18+00:00"
        },
        {
            "filename": "25681025-085042-CAM17505.jpg",
            "width": 4755,
            "height": 2675,
            "aspectRatio": "16/9",
            "captured": "2025-10-31T01:23:32+00:00"
        },
        {
            "filename": "25681025-085047-CAM17506.jpg",
            "width": 4755,
            "height": 2675,
            "aspectRatio": "16/9",
            "captured": "2025-10-31T01:21:12+00:00"
        },
        {
            "filename": "25681025-085048-CAM17507.jpg",
            "width": 4755,
            "height": 2675,
            "aspectRatio": "16/9",
            "captured": "2025-10-31T01:24:48+00:00"
        },
        {
            "filename": "25681025-085100-CAM17508.jpg",
            "width": 4755,
            "height": 2675,
            "aspectRatio": "16/9",
            "captured": "2025-10-31T01:23:06+00:00"
        },
        {
            "filename": "25681025-085224-CAM17509.jpg",
            "width": 5473,
            "height": 3649,
            "aspectRatio": "3/2",
            "captured": "2025-10-31T01:23:52+00:00"
        },
        {
            "filename": "25681025-085605-CAM20990.jpg",
            "width": 5760,
            "height": 3840,
            "aspectRatio": "3/2",
            "captured": "2025-10-31T01:23:06+00:00"
        },
        {
            "filename": "25681025-085625-CAM20992.jpg",
            "width": 5760,
            "height": 3840,
            "aspectRatio": "3/2",
            "captured": "2025-10-31T01:24:04+00:00"
        },
        {
            "filename": "25681025-085629-CAM20994.jpg",
            "width": 5760,
            "height": 3840,
            "aspectRatio": "3/2",
            "captured": "2025-10-31T01:24:07+00:00"
        },
        {
            "filename": "25681025-085847-CAM17511.jpg",
            "width": 5760,
            "height": 3840,
            "aspectRatio": "3/2",
            "captured": "2025-10-31T01:23:08+00:00"
        },
        {
            "filename": "25681025-085850-CAM17512.jpg",
            "width": 5507,
            "height": 3671,
            "aspectRatio": "3/2",
            "captured": "2025-10-31T01:23:45+00:00"
        },
        {
            "filename": "25681025-085923-CAM20995.jpg",
            "width": 3840,
            "height": 5760,
            "aspectRatio": "2/3",
            "captured": "2025-10-31T01:23:24+00:00"
        },
        {
            "filename": "25681025-085924-CAM20996.jpg",
            "width": 3840,
            "height": 5760,
            "aspectRatio": "2/3",
            "captured": "2025-10-31T01:23:37+00:00"
        },
        {
            "filename": "25681025-085953-CAM20998.jpg",
            "width": 3367,
            "height": 5050,
            "aspectRatio": "2/3",
            "captured": "2025-10-31T01:21:07+00:00"
        },
        {
            "filename": "25681025-090412-CAM17515.jpg",
            "width": 5009,
            "height": 3339,
            "aspectRatio": "3/2",
            "captured": "2025-10-31T01:23:12+00:00"
        },
        {
            "filename": "25681025-090441-CAM17516.jpg",
            "width": 5760,
            "height": 3840,
            "aspectRatio": "3/2",
            "captured": "2025-10-31T01:23:54+00:00"
        },
        {
            "filename": "25681025-090441-CAM17520.jpg",
            "width": 5760,
            "height": 3840,
            "aspectRatio": "3/2",
            "captured": "2025-10-31T01:21:05+00:00"
        },
        {
            "filename": "25681025-090451-CAM17521.jpg",
            "width": 3840,
            "height": 5760,
            "aspectRatio": "2/3",
            "captured": "2025-10-31T01:22:15+00:00"
        },
        {
            "filename": "25681025-090452-CAM17522.jpg",
            "width": 3840,
            "height": 5760,
            "aspectRatio": "2/3",
            "captured": "2025-10-31T01:23:01+00:00"
        },
        {
            "filename": "25681025-090500-CAM21000.jpg",
            "width": 5330,
            "height": 3553,
            "aspectRatio": "3/2",
            "captured": "2025-10-31T01:24:39+00:00"
        },
        {
            "filename": "25681025-090500-CAM21001.jpg",
            "width": 5760,
            "height": 3840,
            "aspectRatio": "3/2",
            "captured": "2025-10-31T01:25:18+00:00"
        },
        {
            "filename": "25681025-090501-CAM21002.jpg",
            "width": 5101,
            "height": 3401,
            "aspectRatio": "3/2",
            "captured": "2025-10-31T01:23:06+00:00"
        },
        {
            "filename": "25681025-090710-CAM17523.jpg",
            "width": 5760,
            "height": 3840,
            "aspectRatio": "3/2",
            "captured": "2025-10-31T01:24:44+00:00"
        },
        {
            "filename": "25681025-090720-CAM21004.jpg",
            "width": 3715,
            "height": 5573,
            "aspectRatio": "2/3",
            "captured": "2025-10-31T01:21:11+00:00"
        },
        {
            "filename": "25681025-090737-CAM21005.jpg",
            "width": 5760,
            "height": 3840,
            "aspectRatio": "3/2",
            "captured": "2025-10-31T01:23:49+00:00"
        },
        {
            "filename": "25681025-090737-CAM21006.jpg",
            "width": 5760,
            "height": 3840,
            "aspectRatio": "3/2",
            "captured": "2025-10-31T01:23:59+00:00"
        },
        {
            "filename": "25681025-090742-CAM21007.jpg",
            "width": 5760,
            "height": 3840,
            "aspectRatio": "3/2",
            "captured": "2025-10-31T01:21:10+00:00"
        },
        {
            "filename": "25681025-090814-CAM21009.jpg",
            "width": 3158,
            "height": 4737,
            "aspectRatio": "2/3",
            "captured": "2025-10-31T01:23:06+00:00"
        },
        {
            "filename": "25681025-090903-CAM21010.jpg",
            "width": 3840,
            "height": 5760,
            "aspectRatio": "2/3",
            "captured": "2025-10-31T01:22:36+00:00"
        },
        {
            "filename": "25681025-090916-CAM21012.jpg",
            "width": 3319,
            "height": 4979,
            "aspectRatio": "2/3",
            "captured": "2025-10-31T01:21:15+00:00"
        },
        {
            "filename": "25681025-091027-CAM17527.jpg",
            "width": 3677,
            "height": 5516,
            "aspectRatio": "2/3",
            "captured": "2025-10-31T01:23:22+00:00"
        },
        {
            "filename": "25681025-091029-CAM17529.jpg",
            "width": 3485,
            "height": 5228,
            "aspectRatio": "2/3",
            "captured": "2025-10-31T01:24:52+00:00"
        },
        {
            "filename": "25681025-091042-CAM17532.jpg",
            "width": 5712,
            "height": 3808,
            "aspectRatio": "3/2",
            "captured": "2025-10-31T01:23:47+00:00"
        },
        {
            "filename": "25681025-091054-CAM17533.jpg",
            "width": 5760,
            "height": 3840,
            "aspectRatio": "3/2",
            "captured": "2025-10-31T01:23:03+00:00"
        },
        {
            "filename": "25681025-091054-CAM17534.jpg",
            "width": 5760,
            "height": 3840,
            "aspectRatio": "3/2",
            "captured": "2025-10-31T01:22:26+00:00"
        },
        {
            "filename": "25681025-091059-CAM17537.jpg",
            "width": 5760,
            "height": 3840,
            "aspectRatio": "3/2",
            "captured": "2025-10-31T01:20:48+00:00"
        },
        {
            "filename": "25681025-091354-CAM17542.jpg",
            "width": 5760,
            "height": 3840,
            "aspectRatio": "3/2",
            "captured": "2025-10-31T01:22:54+00:00"
        },
        {
            "filename": "25681025-091357-CAM17543.jpg",
            "width": 5760,
            "height": 3840,
            "aspectRatio": "3/2",
            "captured": "2025-10-31T01:22:44+00:00"
        },
        {
            "filename": "25681025-091357-CAM17544.jpg",
            "width": 5760,
            "height": 3840,
            "aspectRatio": "3/2",
            "captured": "2025-10-31T01:24:21+00:00"
        },
        {
            "filename": "25681025-091818-CAM17545.jpg",
            "width": 5760,
            "height": 3840,
            "aspectRatio": "3/2",
            "captured": "2025-10-31T01:20:50+00:00"
        },
        {
            "filename": "25681025-091857-CAM21024.jpg",
            "width": 3840,
            "height": 5760,
            "aspectRatio": "2/3",
            "captured": "2025-10-31T01:24:03+00:00"
        },
        {
            "filename": "25681025-091936-CAM17546.jpg",
            "width": 5760,
            "height": 3840,
            "aspectRatio": "3/2",
            "captured": "2025-10-31T01:21:05+00:00"
        },
        {
            "filename": "25681025-091936-CAM17548.jpg",
            "width": 5760,
            "height": 3840,
            "aspectRatio": "3/2",
            "captured": "2025-10-31T01:24:21+00:00"
        },
        {
            "filename": "25681025-092133-CAM21026.jpg",
            "width": 3366,
            "height": 5049,
            "aspectRatio": "2/3",
            "captured": "2025-10-31T01:22:56+00:00"
        },
        {
            "filename": "25681025-092140-CAM21028.jpg",
            "width": 3840,
            "height": 5760,
            "aspectRatio": "2/3",
            "captured": "2025-10-31T01:21:51+00:00"
        },
        {
            "filename": "25681025-092153-CAM21029.jpg",
            "width": 3321,
            "height": 4981,
            "aspectRatio": "2/3",
            "captured": "2025-10-31T01:20:47+00:00"
        },
        {
            "filename": "25681025-094057-CAM17556.jpg",
            "width": 5760,
            "height": 3840,
            "aspectRatio": "3/2",
            "captured": "2025-10-31T01:21:02+00:00"
        },
        {
            "filename": "25681025-094103-CAM17558.jpg",
            "width": 5760,
            "height": 3840,
            "aspectRatio": "3/2",
            "captured": "2025-10-31T01:25:15+00:00"
        },
        {
            "filename": "25681025-094923-CAM21032.jpg",
            "width": 3840,
            "height": 5760,
            "aspectRatio": "2/3",
            "captured": "2025-10-31T01:23:39+00:00"
        },
        {
            "filename": "25681025-094924-CAM21033.jpg",
            "width": 3840,
            "height": 5760,
            "aspectRatio": "2/3",
            "captured": "2025-10-31T01:25:16+00:00"
        },
        {
            "filename": "25681025-095002-CAM21040.jpg",
            "width": 3201,
            "height": 4801,
            "aspectRatio": "2/3",
            "captured": "2025-10-31T01:20:44+00:00"
        },
        {
            "filename": "25681025-095006-CAM21042.jpg",
            "width": 3840,
            "height": 5760,
            "aspectRatio": "2/3",
            "captured": "2025-10-31T01:23:25+00:00"
        },
        {
            "filename": "25681025-101044-CAM17569.jpg",
            "width": 5432,
            "height": 3621,
            "aspectRatio": "3/2",
            "captured": "2025-10-31T01:21:54+00:00"
        },
        {
            "filename": "25681025-101044-CAM17571.jpg",
            "width": 5393,
            "height": 3595,
            "aspectRatio": "3/2",
            "captured": "2025-10-31T01:22:52+00:00"
        },
        {
            "filename": "25681025-102730-CAM21043.jpg",
            "width": 3551,
            "height": 5327,
            "aspectRatio": "2/3",
            "captured": "2025-10-31T01:23:00+00:00"
        },
        {
            "filename": "25681025-102815-CAM21044.jpg",
            "width": 5760,
            "height": 3840,
            "aspectRatio": "3/2",
            "captured": "2025-10-31T01:22:21+00:00"
        },
        {
            "filename": "25681025-102831-CAM21045.jpg",
            "width": 5760,
            "height": 3840,
            "aspectRatio": "3/2",
            "captured": "2025-10-31T01:22:02+00:00"
        },
        {
            "filename": "25681025-102910-CAM21046.jpg",
            "width": 3840,
            "height": 5760,
            "aspectRatio": "2/3",
            "captured": "2025-10-31T01:23:34+00:00"
        },
        {
            "filename": "25681025-102926-CAM21047.jpg",
            "width": 5760,
            "height": 3840,
            "aspectRatio": "3/2",
            "captured": "2025-10-31T01:23:40+00:00"
        },
        {
            "filename": "25681025-102928-CAM21048.jpg",
            "width": 5760,
            "height": 3840,
            "aspectRatio": "3/2",
            "captured": "2025-10-31T01:24:26+00:00"
        },
        {
            "filename": "25681025-102928-CAM21049.jpg",
            "width": 5760,
            "height": 3840,
            "aspectRatio": "3/2",
            "captured": "2025-10-31T01:25:14+00:00"
        },
        {
            "filename": "25681025-103014-CAM21050.jpg",
            "width": 3147,
            "height": 4721,
            "aspectRatio": "2/3",
            "captured": "2025-10-31T01:22:40+00:00"
        },
        {
            "filename": "25681025-103149-CAM17573.jpg",
            "width": 5760,
            "height": 3840,
            "aspectRatio": "3/2",
            "captured": "2025-10-31T01:21:29+00:00"
        },
        {
            "filename": "25681025-103214-CAM21051.jpg",
            "width": 3840,
            "height": 5760,
            "aspectRatio": "2/3",
            "captured": "2025-10-31T01:21:35+00:00"
        },
        {
            "filename": "25681025-103217-CAM21052.jpg",
            "width": 3840,
            "height": 5760,
            "aspectRatio": "2/3",
            "captured": "2025-10-31T01:22:47+00:00"
        },
        {
            "filename": "25681025-103344-CAM17576.jpg",
            "width": 5760,
            "height": 3840,
            "aspectRatio": "3/2",
            "captured": "2025-10-31T01:21:37+00:00"
        },
        {
            "filename": "25681025-103353-CAM17577.jpg",
            "width": 5760,
            "height": 3840,
            "aspectRatio": "3/2",
            "captured": "2025-10-31T01:24:37+00:00"
        },
        {
            "filename": "25681025-103659-CAM21054.jpg",
            "width": 5760,
            "height": 3840,
            "aspectRatio": "3/2",
            "captured": "2025-10-31T01:22:35+00:00"
        },
        {
            "filename": "25681025-103858-CAM21056.jpg",
            "width": 3445,
            "height": 5168,
            "aspectRatio": "2/3",
            "captured": "2025-10-31T01:21:28+00:00"
        },
        {
            "filename": "25681025-104400-CAM17579.jpg",
            "width": 4882,
            "height": 2959,
            "aspectRatio": "16/9",
            "captured": "2025-10-31T01:22:01+00:00"
        },
        {
            "filename": "25681025-104719-CAM21059.jpg",
            "width": 5760,
            "height": 3840,
            "aspectRatio": "3/2",
            "captured": "2025-10-31T01:23:35+00:00"
        },
        {
            "filename": "25681025-104731-CAM21062.jpg",
            "width": 5760,
            "height": 3840,
            "aspectRatio": "3/2",
            "captured": "2025-10-31T01:24:05+00:00"
        },
        {
            "filename": "25681025-105311-CAM17580.jpg",
            "width": 4755,
            "height": 2886,
            "aspectRatio": "16/9",
            "captured": "2025-10-31T01:23:00+00:00"
        },
        {
            "filename": "25681025-105311-CAM17581.jpg",
            "width": 4329,
            "height": 2886,
            "aspectRatio": "3/2",
            "captured": "2025-10-31T01:22:08+00:00"
        },
        {
            "filename": "25681025-105508-CAM21063.jpg",
            "width": 2963,
            "height": 4445,
            "aspectRatio": "2/3",
            "captured": "2025-10-31T01:22:22+00:00"
        },
        {
            "filename": "25681025-105515-CAM21064.jpg",
            "width": 3840,
            "height": 5760,
            "aspectRatio": "2/3",
            "captured": "2025-10-31T01:23:28+00:00"
        },
        {
            "filename": "25681025-105525-CAM21065.jpg",
            "width": 4288,
            "height": 2859,
            "aspectRatio": "3/2",
            "captured": "2025-10-31T01:24:58+00:00"
        },
        {
            "filename": "25681025-120132-CAM21066.jpg",
            "width": 3840,
            "height": 5760,
            "aspectRatio": "2/3",
            "captured": "2025-10-31T01:21:58+00:00"
        },
        {
            "filename": "25681025-120134-CAM21067.jpg",
            "width": 3840,
            "height": 5760,
            "aspectRatio": "2/3",
            "captured": "2025-10-31T01:20:32+00:00"
        },
        {
            "filename": "25681025-120145-CAM21068.jpg",
            "width": 5760,
            "height": 3840,
            "aspectRatio": "3/2",
            "captured": "2025-10-31T01:24:13+00:00"
        },
        {
            "filename": "25681025-120150-CAM21069.jpg",
            "width": 4770,
            "height": 3180,
            "aspectRatio": "3/2",
            "captured": "2025-10-31T01:24:24+00:00"
        },
        {
            "filename": "25681025-120153-CAM21070.jpg",
            "width": 5760,
            "height": 3840,
            "aspectRatio": "3/2",
            "captured": "2025-10-31T01:24:58+00:00"
        },
        {
            "filename": "25681025-120219-CAM17583.jpg",
            "width": 5390,
            "height": 3593,
            "aspectRatio": "3/2",
            "captured": "2025-10-31T01:22:04+00:00"
        },
        {
            "filename": "25681025-120249-CAM21072.jpg",
            "width": 5452,
            "height": 3635,
            "aspectRatio": "3/2",
            "captured": "2025-10-31T01:20:39+00:00"
        },
        {
            "filename": "25681025-120252-CAM21073.jpg",
            "width": 5760,
            "height": 3840,
            "aspectRatio": "3/2",
            "captured": "2025-10-31T01:22:45+00:00"
        },
        {
            "filename": "25681025-120258-CAM21074.jpg",
            "width": 3840,
            "height": 5760,
            "aspectRatio": "2/3",
            "captured": "2025-10-31T01:23:06+00:00"
        },
        {
            "filename": "25681025-120509-CAM21077.jpg",
            "width": 3307,
            "height": 4961,
            "aspectRatio": "2/3",
            "captured": "2025-10-31T01:21:21+00:00"
        },
        {
            "filename": "25681025-120741-CAM21081.jpg",
            "width": 3529,
            "height": 5293,
            "aspectRatio": "2/3",
            "captured": "2025-10-31T01:22:48+00:00"
        },
        {
            "filename": "25681025-120742-CAM21082.jpg",
            "width": 3840,
            "height": 5760,
            "aspectRatio": "2/3",
            "captured": "2025-10-31T01:23:48+00:00"
        },
        {
            "filename": "25681025-120818-CAM21083.jpg",
            "width": 3541,
            "height": 5311,
            "aspectRatio": "2/3",
            "captured": "2025-10-31T01:20:56+00:00"
        },
        {
            "filename": "25681025-120833-CAM21086.jpg",
            "width": 3533,
            "height": 5300,
            "aspectRatio": "2/3",
            "captured": "2025-10-31T01:23:08+00:00"
        },
        {
            "filename": "25681025-121032-CAM21087.jpg",
            "width": 5191,
            "height": 3461,
            "aspectRatio": "3/2",
            "captured": "2025-10-31T01:22:19+00:00"
        },
        {
            "filename": "25681025-121318-CAM21091.jpg",
            "width": 5760,
            "height": 3840,
            "aspectRatio": "3/2",
            "captured": "2025-10-31T01:21:13+00:00"
        },
        {
            "filename": "25681025-121443-CAM21096.jpg",
            "width": 4711,
            "height": 3141,
            "aspectRatio": "3/2",
            "captured": "2025-10-31T01:23:36+00:00"
        },
        {
            "filename": "25681025-121450-CAM21097.jpg",
            "width": 5294,
            "height": 3529,
            "aspectRatio": "3/2",
            "captured": "2025-10-31T01:23:15+00:00"
        },
        {
            "filename": "25681025-121507-CAM21098.jpg",
            "width": 5760,
            "height": 3840,
            "aspectRatio": "3/2",
            "captured": "2025-10-31T01:25:05+00:00"
        },
        {
            "filename": "25681025-121520-CAM21099.jpg",
            "width": 5760,
            "height": 3840,
            "aspectRatio": "3/2",
            "captured": "2025-10-31T01:21:54+00:00"
        },
        {
            "filename": "25681025-121522-CAM21100.jpg",
            "width": 5760,
            "height": 3840,
            "aspectRatio": "3/2",
            "captured": "2025-10-31T01:23:41+00:00"
        },
        {
            "filename": "25681025-121537-CAM21101.jpg",
            "width": 5760,
            "height": 3840,
            "aspectRatio": "3/2",
            "captured": "2025-10-31T01:23:22+00:00"
        },
        {
            "filename": "25681025-121544-CAM21103.jpg",
            "width": 5760,
            "height": 3840,
            "aspectRatio": "3/2",
            "captured": "2025-10-31T01:22:11+00:00"
        },
        {
            "filename": "25681025-121551-CAM21104.jpg",
            "width": 4705,
            "height": 3137,
            "aspectRatio": "3/2",
            "captured": "2025-10-31T01:21:16+00:00"
        },
        {
            "filename": "25681025-121554-CAM21105.jpg",
            "width": 4675,
            "height": 3117,
            "aspectRatio": "3/2",
            "captured": "2025-10-31T01:24:16+00:00"
        },
        {
            "filename": "25681025-121736-CAM21111.jpg",
            "width": 3840,
            "height": 5760,
            "aspectRatio": "2/3",
            "captured": "2025-10-31T01:22:42+00:00"
        },
        {
            "filename": "25681025-121748-CAM21114.jpg",
            "width": 3840,
            "height": 5760,
            "aspectRatio": "2/3",
            "captured": "2025-10-31T01:23:03+00:00"
        },
        {
            "filename": "25681025-121859-CAM21116.jpg",
            "width": 5760,
            "height": 3840,
            "aspectRatio": "3/2",
            "captured": "2025-10-31T01:24:30+00:00"
        },
        {
            "filename": "25681025-121902-CAM21118.jpg",
            "width": 5760,
            "height": 3840,
            "aspectRatio": "3/2",
            "captured": "2025-10-31T01:22:22+00:00"
        },
        {
            "filename": "25681025-121902-CAM21120.jpg",
            "width": 5760,
            "height": 3840,
            "aspectRatio": "3/2",
            "captured": "2025-10-31T01:24:35+00:00"
        },
        {
            "filename": "25681025-121933-CAM21121.jpg",
            "width": 4500,
            "height": 3000,
            "aspectRatio": "3/2",
            "captured": "2025-10-31T01:24:01+00:00"
        },
        {
            "filename": "25681025-122003-CAM21124.jpg",
            "width": 4345,
            "height": 2897,
            "aspectRatio": "3/2",
            "captured": "2025-10-31T01:21:07+00:00"
        },
        {
            "filename": "25681025-122203-CAM21126.jpg",
            "width": 5760,
            "height": 3840,
            "aspectRatio": "3/2",
            "captured": "2025-10-31T01:21:48+00:00"
        },
        {
            "filename": "25681025-122206-CAM21127.jpg",
            "width": 5760,
            "height": 3840,
            "aspectRatio": "3/2",
            "captured": "2025-10-31T01:23:09+00:00"
        },
        {
            "filename": "25681025-122302-CAM21129.jpg",
            "width": 4910,
            "height": 3273,
            "aspectRatio": "3/2",
            "captured": "2025-10-31T01:24:08+00:00"
        },
        {
            "filename": "25681025-122340-CAM21130.jpg",
            "width": 3177,
            "height": 4766,
            "aspectRatio": "2/3",
            "captured": "2025-10-31T01:24:01+00:00"
        },
        {
            "filename": "25681025-122352-CAM21131.jpg",
            "width": 5404,
            "height": 3603,
            "aspectRatio": "3/2",
            "captured": "2025-10-31T01:24:28+00:00"
        },
        {
            "filename": "25681025-122434-CAM21135.jpg",
            "width": 2560,
            "height": 3840,
            "aspectRatio": "2/3",
            "captured": "2025-10-31T01:23:10+00:00"
        },
        {
            "filename": "25681025-122447-CAM21137.jpg",
            "width": 4677,
            "height": 3118,
            "aspectRatio": "3/2",
            "captured": "2025-10-31T01:22:57+00:00"
        },
        {
            "filename": "25681025-122451-CAM21138.jpg",
            "width": 4795,
            "height": 3197,
            "aspectRatio": "3/2",
            "captured": "2025-10-31T01:23:30+00:00"
        },
        {
            "filename": "25681025-122455-CAM21139.jpg",
            "width": 5760,
            "height": 3840,
            "aspectRatio": "3/2",
            "captured": "2025-10-31T01:22:27+00:00"
        },
        {
            "filename": "25681025-122457-CAM21141.jpg",
            "width": 4823,
            "height": 3215,
            "aspectRatio": "3/2",
            "captured": "2025-10-31T01:22:56+00:00"
        },
        {
            "filename": "25681025-123257-CAM21146.jpg",
            "width": 3117,
            "height": 4675,
            "aspectRatio": "2/3",
            "captured": "2025-10-31T01:22:37+00:00"
        },
        {
            "filename": "25681025-123339-CAM21148.jpg",
            "width": 3840,
            "height": 5760,
            "aspectRatio": "2/3",
            "captured": "2025-10-31T01:25:22+00:00"
        },
        {
            "filename": "25681025-123349-CAM21149.jpg",
            "width": 5760,
            "height": 3840,
            "aspectRatio": "3/2",
            "captured": "2025-10-31T01:24:57+00:00"
        },
        {
            "filename": "25681025-123358-CAM21150.jpg",
            "width": 4646,
            "height": 3097,
            "aspectRatio": "3/2",
            "captured": "2025-10-31T01:23:50+00:00"
        },
        {
            "filename": "25681025-123419-CAM21152.jpg",
            "width": 5071,
            "height": 3381,
            "aspectRatio": "3/2",
            "captured": "2025-10-31T01:23:23+00:00"
        },
        {
            "filename": "25681025-123422-CAM21153.jpg",
            "width": 5760,
            "height": 3840,
            "aspectRatio": "3/2",
            "captured": "2025-10-31T01:24:31+00:00"
        },
        {
            "filename": "25681025-123510-CAM21155.jpg",
            "width": 5208,
            "height": 3472,
            "aspectRatio": "3/2",
            "captured": "2025-10-31T01:20:43+00:00"
        },
        {
            "filename": "25681025-123513-CAM21156.jpg",
            "width": 4502,
            "height": 3001,
            "aspectRatio": "3/2",
            "captured": "2025-10-31T01:22:54+00:00"
        },
        {
            "filename": "25681025-123521-CAM21157.jpg",
            "width": 3694,
            "height": 5541,
            "aspectRatio": "2/3",
            "captured": "2025-10-31T01:21:17+00:00"
        },
        {
            "filename": "25681025-123531-CAM21158.jpg",
            "width": 5181,
            "height": 3454,
            "aspectRatio": "3/2",
            "captured": "2025-10-31T01:21:48+00:00"
        },
        {
            "filename": "25681025-123717-CAM21160.jpg",
            "width": 5760,
            "height": 3840,
            "aspectRatio": "3/2",
            "captured": "2025-10-31T01:24:50+00:00"
        },
        {
            "filename": "25681025-123740-CAM21162.jpg",
            "width": 3343,
            "height": 5015,
            "aspectRatio": "2/3",
            "captured": "2025-10-31T01:21:50+00:00"
        },
        {
            "filename": "25681025-124033-CAM21164.jpg",
            "width": 5289,
            "height": 3526,
            "aspectRatio": "3/2",
            "captured": "2025-10-31T01:24:54+00:00"
        },
        {
            "filename": "25681025-124034-CAM21166.jpg",
            "width": 5078,
            "height": 3385,
            "aspectRatio": "3/2",
            "captured": "2025-10-31T01:23:55+00:00"
        },
        {
            "filename": "25681025-124035-CAM21168.jpg",
            "width": 4844,
            "height": 3229,
            "aspectRatio": "3/2",
            "captured": "2025-10-31T01:22:30+00:00"
        },
        {
            "filename": "25681025-124039-CAM21172.jpg",
            "width": 5760,
            "height": 3840,
            "aspectRatio": "3/2",
            "captured": "2025-10-31T01:23:39+00:00"
        },
        {
            "filename": "25681025-124054-CAM21176.jpg",
            "width": 5760,
            "height": 3840,
            "aspectRatio": "3/2",
            "captured": "2025-10-31T01:21:00+00:00"
        },
        {
            "filename": "25681025-124059-CAM21177.jpg",
            "width": 5760,
            "height": 3840,
            "aspectRatio": "3/2",
            "captured": "2025-10-31T01:22:50+00:00"
        },
        {
            "filename": "25681025-124114-CAM21178.jpg",
            "width": 4706,
            "height": 3137,
            "aspectRatio": "3/2",
            "captured": "2025-10-31T01:25:09+00:00"
        },
        {
            "filename": "25681025-124120-CAM21180.jpg",
            "width": 3316,
            "height": 4974,
            "aspectRatio": "2/3",
            "captured": "2025-10-31T01:21:48+00:00"
        },
        {
            "filename": "25681025-124134-CAM21181.jpg",
            "width": 5760,
            "height": 3840,
            "aspectRatio": "3/2",
            "captured": "2025-10-31T01:22:14+00:00"
        },
        {
            "filename": "25681025-124151-CAM21188.jpg",
            "width": 5760,
            "height": 3840,
            "aspectRatio": "3/2",
            "captured": "2025-10-31T01:24:32+00:00"
        },
        {
            "filename": "25681025-124151-CAM21189.jpg",
            "width": 5760,
            "height": 3840,
            "aspectRatio": "3/2",
            "captured": "2025-10-31T01:25:08+00:00"
        },
        {
            "filename": "25681025-124154-CAM21190.jpg",
            "width": 5760,
            "height": 3840,
            "aspectRatio": "3/2",
            "captured": "2025-10-31T01:25:26+00:00"
        },
        {
            "filename": "25681025-124155-CAM21191.jpg",
            "width": 5760,
            "height": 3840,
            "aspectRatio": "3/2",
            "captured": "2025-10-31T01:23:10+00:00"
        },
        {
            "filename": "25681025-124156-CAM21192.jpg",
            "width": 5760,
            "height": 3840,
            "aspectRatio": "3/2",
            "captured": "2025-10-31T01:21:48+00:00"
        },
        {
            "filename": "25681025-124204-CAM21193.jpg",
            "width": 4810,
            "height": 3207,
            "aspectRatio": "3/2",
            "captured": "2025-10-31T01:20:41+00:00"
        },
        {
            "filename": "25681025-124212-CAM21195.jpg",
            "width": 5760,
            "height": 3840,
            "aspectRatio": "3/2",
            "captured": "2025-10-31T01:24:10+00:00"
        },
        {
            "filename": "25681025-124233-CAM21200.jpg",
            "width": 5293,
            "height": 3529,
            "aspectRatio": "3/2",
            "captured": "2025-10-31T01:22:25+00:00"
        },
        {
            "filename": "25681025-124307-CAM21202.jpg",
            "width": 5760,
            "height": 3840,
            "aspectRatio": "3/2",
            "captured": "2025-10-31T01:20:48+00:00"
        },
        {
            "filename": "25681025-124310-CAM21203.jpg",
            "width": 5760,
            "height": 3840,
            "aspectRatio": "3/2",
            "captured": "2025-10-31T01:24:25+00:00"
        },
        {
            "filename": "25681025-124317-CAM21204.jpg",
            "width": 5760,
            "height": 3840,
            "aspectRatio": "3/2",
            "captured": "2025-10-31T01:22:31+00:00"
        },
        {
            "filename": "25681025-124351-CAM21207.jpg",
            "width": 5760,
            "height": 3840,
            "aspectRatio": "3/2",
            "captured": "2025-10-31T01:23:27+00:00"
        },
        {
            "filename": "25681025-124416-CAM21208.jpg",
            "width": 5760,
            "height": 3840,
            "aspectRatio": "3/2",
            "captured": "2025-10-31T01:23:03+00:00"
        },
        {
            "filename": "25681025-124418-CAM21209.jpg",
            "width": 5760,
            "height": 3840,
            "aspectRatio": "3/2",
            "captured": "2025-10-31T01:25:24+00:00"
        },
        {
            "filename": "25681025-124425-CAM21210.jpg",
            "width": 5760,
            "height": 3840,
            "aspectRatio": "3/2",
            "captured": "2025-10-31T01:22:45+00:00"
        },
        {
            "filename": "25681025-124900-CAM21214.jpg",
            "width": 5526,
            "height": 3684,
            "aspectRatio": "3/2",
            "captured": "2025-10-31T01:20:34+00:00"
        },
        {
            "filename": "25681025-124910-CAM21215.jpg",
            "width": 5760,
            "height": 3840,
            "aspectRatio": "3/2",
            "captured": "2025-10-31T01:25:08+00:00"
        },
        {
            "filename": "25681025-124930-CAM21216.jpg",
            "width": 5760,
            "height": 3840,
            "aspectRatio": "3/2",
            "captured": "2025-10-31T01:21:30+00:00"
        },
        {
            "filename": "25681025-124939-CAM21217.jpg",
            "width": 5760,
            "height": 3840,
            "aspectRatio": "3/2",
            "captured": "2025-10-31T01:24:26+00:00"
        },
        {
            "filename": "25681025-124942-CAM21218.jpg",
            "width": 5760,
            "height": 3840,
            "aspectRatio": "3/2",
            "captured": "2025-10-31T01:21:14+00:00"
        },
        {
            "filename": "25681025-124945-CAM21219.jpg",
            "width": 5760,
            "height": 3840,
            "aspectRatio": "3/2",
            "captured": "2025-10-31T01:21:37+00:00"
        },
        {
            "filename": "25681025-125210-CAM21220.jpg",
            "width": 4772,
            "height": 3181,
            "aspectRatio": "3/2",
            "captured": "2025-10-31T01:20:46+00:00"
        },
        {
            "filename": "25681025-125213-CAM21221.jpg",
            "width": 4654,
            "height": 3103,
            "aspectRatio": "3/2",
            "captured": "2025-10-31T01:25:12+00:00"
        },
        {
            "filename": "25681025-125218-CAM21223.jpg",
            "width": 4694,
            "height": 3129,
            "aspectRatio": "3/2",
            "captured": "2025-10-31T01:23:24+00:00"
        },
        {
            "filename": "25681025-125339-CAM17584.jpg",
            "width": 5760,
            "height": 3840,
            "aspectRatio": "3/2",
            "captured": "2025-10-31T01:22:17+00:00"
        },
        {
            "filename": "25681025-125414-CAM17585.jpg",
            "width": 5760,
            "height": 3840,
            "aspectRatio": "3/2",
            "captured": "2025-10-31T01:25:00+00:00"
        },
        {
            "filename": "25681025-125459-CAM21224.jpg",
            "width": 3840,
            "height": 5760,
            "aspectRatio": "2/3",
            "captured": "2025-10-31T01:22:59+00:00"
        },
        {
            "filename": "25681025-125643-CAM21226.jpg",
            "width": 3840,
            "height": 5760,
            "aspectRatio": "2/3",
            "captured": "2025-10-31T01:21:51+00:00"
        },
        {
            "filename": "25681025-125838-CAM17588.jpg",
            "width": 5737,
            "height": 3227,
            "aspectRatio": "16/9",
            "captured": "2025-10-31T01:24:49+00:00"
        },
        {
            "filename": "25681025-125857-CAM21227.jpg",
            "width": 5655,
            "height": 3770,
            "aspectRatio": "3/2",
            "captured": "2025-10-31T01:20:58+00:00"
        },
        {
            "filename": "25681025-125902-CAM21228.jpg",
            "width": 5760,
            "height": 3840,
            "aspectRatio": "3/2",
            "captured": "2025-10-31T01:24:06+00:00"
        },
        {
            "filename": "25681025-125926-CAM21229.jpg",
            "width": 3840,
            "height": 5760,
            "aspectRatio": "2/3",
            "captured": "2025-10-31T01:23:43+00:00"
        },
        {
            "filename": "25681025-130213-CAM21233.jpg",
            "width": 5760,
            "height": 3840,
            "aspectRatio": "3/2",
            "captured": "2025-10-31T01:21:24+00:00"
        },
        {
            "filename": "25681025-130344-CAM21235.jpg",
            "width": 3630,
            "height": 5445,
            "aspectRatio": "2/3",
            "captured": "2025-10-31T01:22:01+00:00"
        },
        {
            "filename": "25681025-130405-CAM17589.jpg",
            "width": 5760,
            "height": 3240,
            "aspectRatio": "16/9",
            "captured": "2025-10-31T01:20:33+00:00"
        },
        {
            "filename": "25681025-130517-CAM17590.jpg",
            "width": 4755,
            "height": 2675,
            "aspectRatio": "16/9",
            "captured": "2025-10-31T01:22:55+00:00"
        },
        {
            "filename": "25681025-130544-CAM17591.jpg",
            "width": 4755,
            "height": 2675,
            "aspectRatio": "16/9",
            "captured": "2025-10-31T01:23:42+00:00"
        },
        {
            "filename": "25681025-130603-CAM21236.jpg",
            "width": 5760,
            "height": 3840,
            "aspectRatio": "3/2",
            "captured": "2025-10-31T01:23:14+00:00"
        },
        {
            "filename": "25681025-130610-CAM21237.jpg",
            "width": 5760,
            "height": 3840,
            "aspectRatio": "3/2",
            "captured": "2025-10-31T01:24:10+00:00"
        },
        {
            "filename": "25681025-130614-CAM21238.jpg",
            "width": 5760,
            "height": 3840,
            "aspectRatio": "3/2",
            "captured": "2025-10-31T01:23:08+00:00"
        },
        {
            "filename": "25681025-130704-CAM21240.jpg",
            "width": 5760,
            "height": 3840,
            "aspectRatio": "3/2",
            "captured": "2025-10-31T01:22:27+00:00"
        },
        {
            "filename": "25681025-130725-CAM21241.jpg",
            "width": 5760,
            "height": 3840,
            "aspectRatio": "3/2",
            "captured": "2025-10-31T01:21:40+00:00"
        },
        {
            "filename": "25681025-130729-CAM21242.jpg",
            "width": 5760,
            "height": 3840,
            "aspectRatio": "3/2",
            "captured": "2025-10-31T01:21:43+00:00"
        },
        {
            "filename": "25681025-130738-CAM21243.jpg",
            "width": 5760,
            "height": 3840,
            "aspectRatio": "3/2",
            "captured": "2025-10-31T01:25:20+00:00"
        },
        {
            "filename": "25681025-130759-CAM21244.jpg",
            "width": 5760,
            "height": 3840,
            "aspectRatio": "3/2",
            "captured": "2025-10-31T01:22:42+00:00"
        },
        {
            "filename": "25681025-130826-CAM17596.jpg",
            "width": 4596,
            "height": 3064,
            "aspectRatio": "3/2",
            "captured": "2025-10-31T01:23:30+00:00"
        },
        {
            "filename": "25681025-130839-CAM21245.jpg",
            "width": 5760,
            "height": 3840,
            "aspectRatio": "3/2",
            "captured": "2025-10-31T01:24:41+00:00"
        },
        {
            "filename": "25681025-130845-CAM21246.jpg",
            "width": 4936,
            "height": 3291,
            "aspectRatio": "3/2",
            "captured": "2025-10-31T01:22:58+00:00"
        },
        {
            "filename": "25681025-130851-CAM21247.jpg",
            "width": 5760,
            "height": 3840,
            "aspectRatio": "3/2",
            "captured": "2025-10-31T01:23:29+00:00"
        },
        {
            "filename": "25681025-130907-CAM21250.jpg",
            "width": 5463,
            "height": 3642,
            "aspectRatio": "3/2",
            "captured": "2025-10-31T01:21:08+00:00"
        },
        {
            "filename": "25681025-130914-CAM21251.jpg",
            "width": 5760,
            "height": 3840,
            "aspectRatio": "3/2",
            "captured": "2025-10-31T01:21:46+00:00"
        },
        {
            "filename": "25681025-131102-CAM17599.jpg",
            "width": 4329,
            "height": 2886,
            "aspectRatio": "3/2",
            "captured": "2025-10-31T01:21:21+00:00"
        },
        {
            "filename": "25681025-131102-CAM17600.jpg",
            "width": 4329,
            "height": 2886,
            "aspectRatio": "3/2",
            "captured": "2025-10-31T01:20:43+00:00"
        },
        {
            "filename": "25681025-131102-CAM17601.jpg",
            "width": 4329,
            "height": 2886,
            "aspectRatio": "3/2",
            "captured": "2025-10-31T01:22:24+00:00"
        },
        {
            "filename": "25681025-131102-CAM17602.jpg",
            "width": 4329,
            "height": 2886,
            "aspectRatio": "3/2",
            "captured": "2025-10-31T01:21:00+00:00"
        },
        {
            "filename": "25681025-131107-CAM17603.jpg",
            "width": 4329,
            "height": 2886,
            "aspectRatio": "3/2",
            "captured": "2025-10-31T01:23:54+00:00"
        },
        {
            "filename": "25681025-131107-CAM17604.jpg",
            "width": 4329,
            "height": 2886,
            "aspectRatio": "3/2",
            "captured": "2025-10-31T01:22:27+00:00"
        },
        {
            "filename": "25681025-131107-CAM17605.jpg",
            "width": 4329,
            "height": 2886,
            "aspectRatio": "3/2",
            "captured": "2025-10-31T01:22:36+00:00"
        },
        {
            "filename": "25681025-131107-CAM17606.jpg",
            "width": 4329,
            "height": 2886,
            "aspectRatio": "3/2",
            "captured": "2025-10-31T01:23:08+00:00"
        },
        {
            "filename": "25681025-131107-CAM17607.jpg",
            "width": 4329,
            "height": 2886,
            "aspectRatio": "3/2",
            "captured": "2025-10-31T01:22:52+00:00"
        },
        {
            "filename": "25681025-131257-CAM21252.jpg",
            "width": 5520,
            "height": 3680,
            "aspectRatio": "3/2",
            "captured": "2025-10-31T01:21:50+00:00"
        },
        {
            "filename": "25681025-131435-CAM21255.jpg",
            "width": 5550,
            "height": 3700,
            "aspectRatio": "3/2",
            "captured": "2025-10-31T01:24:37+00:00"
        },
        {
            "filename": "25681025-131441-CAM21256.jpg",
            "width": 5525,
            "height": 3683,
            "aspectRatio": "3/2",
            "captured": "2025-10-31T01:21:41+00:00"
        },
        {
            "filename": "25681025-131500-CAM21261.jpg",
            "width": 5186,
            "height": 3457,
            "aspectRatio": "3/2",
            "captured": "2025-10-31T01:23:07+00:00"
        },
        {
            "filename": "25681025-131520-CAM21265.jpg",
            "width": 4843,
            "height": 3229,
            "aspectRatio": "3/2",
            "captured": "2025-10-31T01:22:12+00:00"
        },
        {
            "filename": "25681025-131545-CAM21269.jpg",
            "width": 5309,
            "height": 3539,
            "aspectRatio": "3/2",
            "captured": "2025-10-31T01:24:11+00:00"
        },
        {
            "filename": "25681025-131556-CAM21271.jpg",
            "width": 5001,
            "height": 3334,
            "aspectRatio": "3/2",
            "captured": "2025-10-31T01:20:37+00:00"
        },
        {
            "filename": "25681025-131634-CAM21274.jpg",
            "width": 5760,
            "height": 3840,
            "aspectRatio": "3/2",
            "captured": "2025-10-31T01:22:45+00:00"
        },
        {
            "filename": "25681025-132100-CAM21276.jpg",
            "width": 5013,
            "height": 3342,
            "aspectRatio": "3/2",
            "captured": "2025-10-31T01:22:14+00:00"
        },
        {
            "filename": "25681025-132109-CAM21278.jpg",
            "width": 4987,
            "height": 3325,
            "aspectRatio": "3/2",
            "captured": "2025-10-31T01:20:28+00:00"
        },
        {
            "filename": "25681025-132146-CAM21279.jpg",
            "width": 3778,
            "height": 5667,
            "aspectRatio": "2/3",
            "captured": "2025-10-31T01:24:14+00:00"
        },
        {
            "filename": "25681025-132154-CAM21280.jpg",
            "width": 5760,
            "height": 3840,
            "aspectRatio": "3/2",
            "captured": "2025-10-31T01:22:23+00:00"
        },
        {
            "filename": "25681025-132201-CAM21281.jpg",
            "width": 5305,
            "height": 3537,
            "aspectRatio": "3/2",
            "captured": "2025-10-31T01:23:41+00:00"
        },
        {
            "filename": "25681025-132216-CAM21282.jpg",
            "width": 5303,
            "height": 3535,
            "aspectRatio": "3/2",
            "captured": "2025-10-31T01:20:37+00:00"
        },
        {
            "filename": "25681025-132723-CAM17608.jpg",
            "width": 5440,
            "height": 3627,
            "aspectRatio": "3/2",
            "captured": "2025-10-31T01:25:18+00:00"
        },
        {
            "filename": "25681025-132834-CAM21284.jpg",
            "width": 5760,
            "height": 3840,
            "aspectRatio": "3/2",
            "captured": "2025-10-31T01:22:58+00:00"
        },
        {
            "filename": "25681025-132840-CAM21285.jpg",
            "width": 2551,
            "height": 3827,
            "aspectRatio": "2/3",
            "captured": "2025-10-31T01:23:13+00:00"
        },
        {
            "filename": "25681025-132843-CAM21286.jpg",
            "width": 5760,
            "height": 3840,
            "aspectRatio": "3/2",
            "captured": "2025-10-31T01:20:34+00:00"
        },
        {
            "filename": "25681025-132857-CAM21287.jpg",
            "width": 5760,
            "height": 3840,
            "aspectRatio": "3/2",
            "captured": "2025-10-31T01:22:20+00:00"
        },
        {
            "filename": "25681025-132954-CAM21288.jpg",
            "width": 5760,
            "height": 3840,
            "aspectRatio": "3/2",
            "captured": "2025-10-31T01:21:15+00:00"
        },
        {
            "filename": "25681025-133037-CAM17610.jpg",
            "width": 5760,
            "height": 3840,
            "aspectRatio": "3/2",
            "captured": "2025-10-31T01:21:18+00:00"
        },
        {
            "filename": "25681025-133047-CAM21291.jpg",
            "width": 5760,
            "height": 3840,
            "aspectRatio": "3/2",
            "captured": "2025-10-31T01:23:50+00:00"
        },
        {
            "filename": "25681025-133105-CAM21292.jpg",
            "width": 5760,
            "height": 3840,
            "aspectRatio": "3/2",
            "captured": "2025-10-31T01:22:34+00:00"
        },
        {
            "filename": "25681025-133229-CAM21294.jpg",
            "width": 5234,
            "height": 3489,
            "aspectRatio": "3/2",
            "captured": "2025-10-31T01:23:34+00:00"
        },
        {
            "filename": "25681025-133259-CAM21295.jpg",
            "width": 5070,
            "height": 3380,
            "aspectRatio": "3/2",
            "captured": "2025-10-31T01:25:10+00:00"
        },
        {
            "filename": "25681025-133311-CAM21297.jpg",
            "width": 5316,
            "height": 3544,
            "aspectRatio": "3/2",
            "captured": "2025-10-31T01:21:37+00:00"
        },
        {
            "filename": "25681025-133430-CAM21298.jpg",
            "width": 5760,
            "height": 3840,
            "aspectRatio": "3/2",
            "captured": "2025-10-31T01:22:07+00:00"
        },
        {
            "filename": "25681025-133434-CAM21300.jpg",
            "width": 5760,
            "height": 3840,
            "aspectRatio": "3/2",
            "captured": "2025-10-31T01:22:50+00:00"
        },
        {
            "filename": "25681025-133455-CAM21305.jpg",
            "width": 4981,
            "height": 3321,
            "aspectRatio": "3/2",
            "captured": "2025-10-31T01:21:21+00:00"
        },
        {
            "filename": "25681025-133455-CAM21306.jpg",
            "width": 2287,
            "height": 3431,
            "aspectRatio": "2/3",
            "captured": "2025-10-31T01:22:47+00:00"
        },
        {
            "filename": "25681025-133514-CAM21309.jpg",
            "width": 5047,
            "height": 3365,
            "aspectRatio": "3/2",
            "captured": "2025-10-31T01:24:16+00:00"
        },
        {
            "filename": "25681025-133559-CAM21318.jpg",
            "width": 3261,
            "height": 4891,
            "aspectRatio": "2/3",
            "captured": "2025-10-31T01:23:46+00:00"
        },
        {
            "filename": "25681025-133636-CAM17612.jpg",
            "width": 5508,
            "height": 3672,
            "aspectRatio": "3/2",
            "captured": "2025-10-31T01:20:31+00:00"
        },
        {
            "filename": "25681025-133712-CAM21320.jpg",
            "width": 5760,
            "height": 3840,
            "aspectRatio": "3/2",
            "captured": "2025-10-31T01:25:00+00:00"
        },
        {
            "filename": "25681025-163825-CAM21322.jpg",
            "width": 5760,
            "height": 3840,
            "aspectRatio": "3/2",
            "captured": "2025-10-31T01:24:16+00:00"
        },
        {
            "filename": "25681025-164045-CAM21323.jpg",
            "width": 3840,
            "height": 5760,
            "aspectRatio": "2/3",
            "captured": "2025-10-31T01:22:11+00:00"
        },
        {
            "filename": "25681025-164051-CAM21324.jpg",
            "width": 3840,
            "height": 5760,
            "aspectRatio": "2/3",
            "captured": "2025-10-31T01:20:45+00:00"
        },
        {
            "filename": "25681025-164151-CAM21326.jpg",
            "width": 5760,
            "height": 3840,
            "aspectRatio": "3/2",
            "captured": "2025-10-31T01:22:57+00:00"
        },
        {
            "filename": "25681025-164214-CAM21330.jpg",
            "width": 5760,
            "height": 3840,
            "aspectRatio": "3/2",
            "captured": "2025-10-31T01:23:27+00:00"
        },
        {
            "filename": "25681025-164347-CAM21331.jpg",
            "width": 5760,
            "height": 3840,
            "aspectRatio": "3/2",
            "captured": "2025-10-31T01:25:04+00:00"
        },
        {
            "filename": "25681025-164416-CAM21333.jpg",
            "width": 5760,
            "height": 3840,
            "aspectRatio": "3/2",
            "captured": "2025-10-31T01:21:43+00:00"
        },
        {
            "filename": "25681025-164432-CAM21334.jpg",
            "width": 5599,
            "height": 3733,
            "aspectRatio": "3/2",
            "captured": "2025-10-31T01:21:19+00:00"
        },
        {
            "filename": "25681025-164440-CAM21335.jpg",
            "width": 5760,
            "height": 3840,
            "aspectRatio": "3/2",
            "captured": "2025-10-31T01:24:51+00:00"
        },
        {
            "filename": "25681025-164501-CAM17626.jpg",
            "width": 5760,
            "height": 3840,
            "aspectRatio": "3/2",
            "captured": "2025-10-31T01:23:20+00:00"
        },
        {
            "filename": "25681025-164501-CAM17627.jpg",
            "width": 5760,
            "height": 3840,
            "aspectRatio": "3/2",
            "captured": "2025-10-31T01:24:18+00:00"
        },
        {
            "filename": "25681025-164505-CAM17628.jpg",
            "width": 5760,
            "height": 3840,
            "aspectRatio": "3/2",
            "captured": "2025-10-31T01:22:13+00:00"
        },
        {
            "filename": "25681025-164505-CAM17629.jpg",
            "width": 5760,
            "height": 3840,
            "aspectRatio": "3/2",
            "captured": "2025-10-31T01:22:53+00:00"
        },
        {
            "filename": "25681025-164506-CAM17630.jpg",
            "width": 5760,
            "height": 3840,
            "aspectRatio": "3/2",
            "captured": "2025-10-31T01:23:07+00:00"
        },
        {
            "filename": "25681025-164506-CAM17631.jpg",
            "width": 5760,
            "height": 3840,
            "aspectRatio": "3/2",
            "captured": "2025-10-31T01:23:29+00:00"
        },
        {
            "filename": "25681025-164509-CAM17632.jpg",
            "width": 5760,
            "height": 3840,
            "aspectRatio": "3/2",
            "captured": "2025-10-31T01:20:54+00:00"
        },
        {
            "filename": "25681025-164510-CAM17633.jpg",
            "width": 5760,
            "height": 3840,
            "aspectRatio": "3/2",
            "captured": "2025-10-31T01:21:29+00:00"
        },
        {
            "filename": "25681025-164515-CAM17634.jpg",
            "width": 5760,
            "height": 3840,
            "aspectRatio": "3/2",
            "captured": "2025-10-31T01:23:16+00:00"
        },
        {
            "filename": "25681025-164515-CAM17635.jpg",
            "width": 5760,
            "height": 3840,
            "aspectRatio": "3/2",
            "captured": "2025-10-31T01:24:23+00:00"
        },
        {
            "filename": "25681025-164516-CAM17636.jpg",
            "width": 5760,
            "height": 3840,
            "aspectRatio": "3/2",
            "captured": "2025-10-31T01:22:24+00:00"
        }
    ]
}