{
    "id": "6ad1f0a7",
    "store": "public",
    "subdir": "",
    "folder": "พิธีอัญเชิญตราพระราชลัญจกร ประจำปีการศึกษา 2568",
    "title": "พิธีอัญเชิญตราพระราชลัญจกร ประจำปีการศึกษา 2568",
    "images": [
        {
            "filename": "25681203-162307-CAM19196.jpg",
            "width": 5760,
            "height": 3840,
            "aspectRatio": "3/2",
            "captured": "2025-12-04T16:11:21+00:00"
        },
        {
            "filename": "25681203-162346-CAM25498.jpg",
            "width": 3547,
            "height": 5320,
            "aspectRatio": "2/3",
            "captured": "2025-12-04T16:11:21+00:00"
        },
        {
            "filename": "25681203-162442-CAM25502.jpg",
            "width": 5072,
            "height": 3381,
            "aspectRatio": "3/2",
            "captured": "2025-12-04T16:11:28+00:00"
        },
        {
            "filename": "25681203-162516-CAM25504.jpg",
            "width": 3515,
            "height": 5272,
            "aspectRatio": "2/3",
            "captured": "2025-12-04T16:11:37+00:00"
        },
        {
            "filename": "25681203-162655-CAM19200.jpg",
            "width": 5668,
            "height": 3779,
            "aspectRatio": "3/2",
            "captured": "2025-12-04T16:11:39+00:00"
        },
        {
            "filename": "25681203-162725-CAM25508.jpg",
            "width": 3840,
            "height": 5760,
            "aspectRatio": "2/3",
            "captured": "2025-12-04T16:11:45+00:00"
        },
        {
            "filename": "25681203-162733-CAM25509.jpg",
            "width": 3705,
            "height": 5558,
            "aspectRatio": "2/3",
            "captured": "2025-12-04T16:11:49+00:00"
        },
        {
            "filename": "25681203-162740-CAM25510.jpg",
            "width": 3840,
            "height": 5760,
            "aspectRatio": "2/3",
            "captured": "2025-12-04T16:11:54+00:00"
        },
        {
            "filename": "25681203-162814-CAM25512.jpg",
            "width": 3840,
            "height": 5760,
            "aspectRatio": "2/3",
            "captured": "2025-12-04T16:12:00+00:00"
        },
        {
            "filename": "25681203-163131-CAM25517.jpg",
            "width": 5760,
            "height": 3840,
            "aspectRatio": "3/2",
            "captured": "2025-12-04T16:12:06+00:00"
        },
        {
            "filename": "25681203-163132-CAM25518.jpg",
            "width": 5760,
            "height": 3840,
            "aspectRatio": "3/2",
            "captured": "2025-12-04T16:12:08+00:00"
        },
        {
            "filename": "25681203-163254-CAM19202.jpg",
            "width": 5760,
            "height": 3840,
            "aspectRatio": "3/2",
            "captured": "2025-12-04T16:12:12+00:00"
        },
        {
            "filename": "25681203-163444-CAM25526.jpg",
            "width": 3840,
            "height": 5760,
            "aspectRatio": "2/3",
            "captured": "2025-12-04T16:12:16+00:00"
        },
        {
            "filename": "25681203-163520-CAM25527.jpg",
            "width": 3123,
            "height": 4684,
            "aspectRatio": "2/3",
            "captured": "2025-12-04T16:12:19+00:00"
        },
        {
            "filename": "25681203-163652-CAM19209.jpg",
            "width": 5760,
            "height": 3840,
            "aspectRatio": "3/2",
            "captured": "2025-12-04T16:12:25+00:00"
        },
        {
            "filename": "25681203-163721-CAM19214.jpg",
            "width": 5760,
            "height": 3840,
            "aspectRatio": "3/2",
            "captured": "2025-12-04T16:12:28+00:00"
        },
        {
            "filename": "25681203-163802-CAM25528.jpg",
            "width": 3840,
            "height": 5760,
            "aspectRatio": "2/3",
            "captured": "2025-12-04T16:12:31+00:00"
        },
        {
            "filename": "25681203-163858-CAM25534.jpg",
            "width": 5760,
            "height": 3840,
            "aspectRatio": "3/2",
            "captured": "2025-12-04T16:12:37+00:00"
        },
        {
            "filename": "25681203-163918-CAM25535.jpg",
            "width": 5064,
            "height": 3376,
            "aspectRatio": "3/2",
            "captured": "2025-12-04T16:12:41+00:00"
        },
        {
            "filename": "25681203-164007-CAM19218.jpg",
            "width": 5454,
            "height": 3636,
            "aspectRatio": "3/2",
            "captured": "2025-12-04T16:12:43+00:00"
        },
        {
            "filename": "25681203-164052-CAM25538.jpg",
            "width": 5760,
            "height": 3840,
            "aspectRatio": "3/2",
            "captured": "2025-12-04T16:12:47+00:00"
        },
        {
            "filename": "25681203-164109-CAM25541.jpg",
            "width": 4911,
            "height": 3274,
            "aspectRatio": "3/2",
            "captured": "2025-12-04T16:12:50+00:00"
        },
        {
            "filename": "25681203-164202-CAM19222.jpg",
            "width": 5699,
            "height": 3799,
            "aspectRatio": "3/2",
            "captured": "2025-12-04T16:12:56+00:00"
        },
        {
            "filename": "25681203-164209-CAM19223.jpg",
            "width": 5760,
            "height": 3840,
            "aspectRatio": "3/2",
            "captured": "2025-12-04T16:13:00+00:00"
        },
        {
            "filename": "25681203-164211-CAM19225.jpg",
            "width": 5760,
            "height": 3840,
            "aspectRatio": "3/2",
            "captured": "2025-12-04T16:13:05+00:00"
        },
        {
            "filename": "25681203-164249-CAM25543.jpg",
            "width": 3089,
            "height": 4634,
            "aspectRatio": "2/3",
            "captured": "2025-12-04T16:13:08+00:00"
        },
        {
            "filename": "25681203-164320-CAM25544.jpg",
            "width": 3017,
            "height": 4526,
            "aspectRatio": "2/3",
            "captured": "2025-12-04T16:13:11+00:00"
        },
        {
            "filename": "25681203-164353-CAM25548.jpg",
            "width": 5760,
            "height": 3840,
            "aspectRatio": "3/2",
            "captured": "2025-12-04T16:13:18+00:00"
        },
        {
            "filename": "25681203-164418-CAM25551.jpg",
            "width": 3521,
            "height": 5282,
            "aspectRatio": "2/3",
            "captured": "2025-12-04T16:13:20+00:00"
        },
        {
            "filename": "25681203-164437-CAM25552.jpg",
            "width": 3618,
            "height": 5427,
            "aspectRatio": "2/3",
            "captured": "2025-12-04T16:13:25+00:00"
        },
        {
            "filename": "25681203-164903-CAM19233.jpg",
            "width": 5760,
            "height": 3840,
            "aspectRatio": "3/2",
            "captured": "2025-12-04T16:13:30+00:00"
        },
        {
            "filename": "25681203-165000-CAM19236.jpg",
            "width": 5760,
            "height": 3840,
            "aspectRatio": "3/2",
            "captured": "2025-12-04T16:13:34+00:00"
        },
        {
            "filename": "25681203-165100-CAM19245.jpg",
            "width": 5509,
            "height": 3673,
            "aspectRatio": "3/2",
            "captured": "2025-12-04T16:13:38+00:00"
        },
        {
            "filename": "25681203-165214-CAM19254.jpg",
            "width": 5760,
            "height": 3840,
            "aspectRatio": "3/2",
            "captured": "2025-12-04T16:13:43+00:00"
        },
        {
            "filename": "25681203-165456-CAM19258.jpg",
            "width": 5760,
            "height": 3840,
            "aspectRatio": "3/2",
            "captured": "2025-12-04T16:13:47+00:00"
        },
        {
            "filename": "25681203-165547-CAM19266.jpg",
            "width": 5760,
            "height": 3840,
            "aspectRatio": "3/2",
            "captured": "2025-12-04T16:13:50+00:00"
        },
        {
            "filename": "25681203-165600-CAM19277.jpg",
            "width": 5030,
            "height": 3353,
            "aspectRatio": "3/2",
            "captured": "2025-12-04T16:13:56+00:00"
        },
        {
            "filename": "25681203-165609-CAM19287.jpg",
            "width": 5760,
            "height": 3840,
            "aspectRatio": "3/2",
            "captured": "2025-12-04T16:14:00+00:00"
        },
        {
            "filename": "25681203-170012-CAM25559.jpg",
            "width": 5760,
            "height": 3840,
            "aspectRatio": "3/2",
            "captured": "2025-12-04T16:14:04+00:00"
        },
        {
            "filename": "25681203-170023-CAM25560.jpg",
            "width": 3759,
            "height": 5638,
            "aspectRatio": "2/3",
            "captured": "2025-12-04T16:14:09+00:00"
        },
        {
            "filename": "25681203-170118-CAM25565.jpg",
            "width": 5760,
            "height": 3840,
            "aspectRatio": "3/2",
            "captured": "2025-12-04T16:14:12+00:00"
        },
        {
            "filename": "25681203-170314-CAM19296.jpg",
            "width": 5759,
            "height": 3839,
            "aspectRatio": "3/2",
            "captured": "2025-12-04T16:14:16+00:00"
        },
        {
            "filename": "25681203-171343-CAM19318.jpg",
            "width": 5445,
            "height": 3630,
            "aspectRatio": "3/2",
            "captured": "2025-12-04T16:14:20+00:00"
        },
        {
            "filename": "25681203-171514-CAM25582.jpg",
            "width": 3840,
            "height": 5760,
            "aspectRatio": "2/3",
            "captured": "2025-12-04T16:14:24+00:00"
        },
        {
            "filename": "25681203-171613-CAM25585.jpg",
            "width": 3840,
            "height": 5760,
            "aspectRatio": "2/3",
            "captured": "2025-12-04T16:14:28+00:00"
        },
        {
            "filename": "25681203-171725-CAM25586.jpg",
            "width": 3538,
            "height": 5307,
            "aspectRatio": "2/3",
            "captured": "2025-12-04T16:14:32+00:00"
        },
        {
            "filename": "25681203-171756-CAM25590.jpg",
            "width": 5760,
            "height": 3840,
            "aspectRatio": "3/2",
            "captured": "2025-12-04T16:14:37+00:00"
        },
        {
            "filename": "25681203-171910-CAM25592.jpg",
            "width": 3201,
            "height": 4801,
            "aspectRatio": "2/3",
            "captured": "2025-12-04T16:14:39+00:00"
        },
        {
            "filename": "25681203-171952-CAM25593.jpg",
            "width": 3398,
            "height": 5097,
            "aspectRatio": "2/3",
            "captured": "2025-12-04T16:14:44+00:00"
        },
        {
            "filename": "25681203-172010-CAM25595.jpg",
            "width": 5436,
            "height": 3624,
            "aspectRatio": "3/2",
            "captured": "2025-12-04T16:14:48+00:00"
        },
        {
            "filename": "25681203-172025-CAM25601.jpg",
            "width": 5760,
            "height": 3840,
            "aspectRatio": "3/2",
            "captured": "2025-12-04T16:14:51+00:00"
        },
        {
            "filename": "25681203-172028-CAM25612.jpg",
            "width": 5760,
            "height": 3840,
            "aspectRatio": "3/2",
            "captured": "2025-12-04T16:14:56+00:00"
        },
        {
            "filename": "25681203-172129-CAM19343.jpg",
            "width": 5437,
            "height": 3625,
            "aspectRatio": "3/2",
            "captured": "2025-12-04T16:15:00+00:00"
        },
        {
            "filename": "25681203-172131-CAM19347.jpg",
            "width": 5760,
            "height": 3840,
            "aspectRatio": "3/2",
            "captured": "2025-12-04T16:15:06+00:00"
        },
        {
            "filename": "25681203-172149-CAM25613.jpg",
            "width": 5760,
            "height": 3840,
            "aspectRatio": "3/2",
            "captured": "2025-12-04T16:15:07+00:00"
        },
        {
            "filename": "25681203-172256-CAM19357.jpg",
            "width": 5523,
            "height": 3682,
            "aspectRatio": "3/2",
            "captured": "2025-12-04T16:15:12+00:00"
        },
        {
            "filename": "25681203-172448-CAM25614.jpg",
            "width": 5273,
            "height": 3515,
            "aspectRatio": "3/2",
            "captured": "2025-12-04T16:15:15+00:00"
        },
        {
            "filename": "25681203-172453-CAM25615.jpg",
            "width": 3515,
            "height": 5273,
            "aspectRatio": "2/3",
            "captured": "2025-12-04T16:15:18+00:00"
        },
        {
            "filename": "25681203-172509-CAM25621.jpg",
            "width": 3515,
            "height": 5273,
            "aspectRatio": "2/3",
            "captured": "2025-12-04T16:15:21+00:00"
        },
        {
            "filename": "25681203-172558-CAM25622.jpg",
            "width": 5339,
            "height": 3559,
            "aspectRatio": "3/2",
            "captured": "2025-12-04T16:15:27+00:00"
        },
        {
            "filename": "25681203-172559-CAM25623.jpg",
            "width": 5127,
            "height": 3418,
            "aspectRatio": "3/2",
            "captured": "2025-12-04T16:15:29+00:00"
        },
        {
            "filename": "25681203-172647-CAM25627.jpg",
            "width": 5641,
            "height": 3173,
            "aspectRatio": "16/9",
            "captured": "2025-12-04T16:15:34+00:00"
        },
        {
            "filename": "25681203-172741-CAM25640.jpg",
            "width": 3782,
            "height": 5673,
            "aspectRatio": "2/3",
            "captured": "2025-12-04T16:15:40+00:00"
        },
        {
            "filename": "25681203-172934-CAM25641.jpg",
            "width": 4831,
            "height": 3221,
            "aspectRatio": "3/2",
            "captured": "2025-12-04T16:15:41+00:00"
        },
        {
            "filename": "25681203-172956-CAM25642.jpg",
            "width": 5760,
            "height": 3840,
            "aspectRatio": "3/2",
            "captured": "2025-12-04T16:15:46+00:00"
        },
        {
            "filename": "25681203-173029-CAM25644.jpg",
            "width": 5261,
            "height": 3507,
            "aspectRatio": "3/2",
            "captured": "2025-12-04T16:15:51+00:00"
        },
        {
            "filename": "25681203-173325-CAM25649.jpg",
            "width": 3840,
            "height": 5760,
            "aspectRatio": "2/3",
            "captured": "2025-12-04T16:15:54+00:00"
        },
        {
            "filename": "25681203-173738-CAM25650.jpg",
            "width": 5760,
            "height": 3840,
            "aspectRatio": "3/2",
            "captured": "2025-12-04T16:15:58+00:00"
        },
        {
            "filename": "25681203-173833-CAM25651.jpg",
            "width": 5760,
            "height": 3840,
            "aspectRatio": "3/2",
            "captured": "2025-12-04T16:16:02+00:00"
        },
        {
            "filename": "25681203-173841-CAM25652.jpg",
            "width": 5760,
            "height": 3840,
            "aspectRatio": "3/2",
            "captured": "2025-12-04T16:16:06+00:00"
        },
        {
            "filename": "25681203-174131-CAM25654.jpg",
            "width": 5760,
            "height": 3840,
            "aspectRatio": "3/2",
            "captured": "2025-12-04T16:16:11+00:00"
        },
        {
            "filename": "25681203-174134-CAM25655.jpg",
            "width": 5760,
            "height": 3840,
            "aspectRatio": "3/2",
            "captured": "2025-12-04T16:16:13+00:00"
        },
        {
            "filename": "25681203-174252-CAM25670.jpg",
            "width": 3840,
            "height": 5760,
            "aspectRatio": "2/3",
            "captured": "2025-12-04T16:16:17+00:00"
        },
        {
            "filename": "25681203-174304-CAM25671.jpg",
            "width": 3840,
            "height": 5760,
            "aspectRatio": "2/3",
            "captured": "2025-12-04T16:16:19+00:00"
        },
        {
            "filename": "25681203-174312-CAM25673.jpg",
            "width": 5760,
            "height": 3840,
            "aspectRatio": "3/2",
            "captured": "2025-12-04T16:16:23+00:00"
        },
        {
            "filename": "25681203-174328-CAM25676.jpg",
            "width": 5760,
            "height": 3840,
            "aspectRatio": "3/2",
            "captured": "2025-12-04T16:16:26+00:00"
        },
        {
            "filename": "25681203-174349-CAM25679.jpg",
            "width": 3840,
            "height": 5760,
            "aspectRatio": "2/3",
            "captured": "2025-12-04T16:16:32+00:00"
        },
        {
            "filename": "25681203-174350-CAM25684.jpg",
            "width": 3592,
            "height": 5388,
            "aspectRatio": "2/3",
            "captured": "2025-12-04T16:16:38+00:00"
        },
        {
            "filename": "25681203-174516-CAM19375.jpg",
            "width": 5611,
            "height": 3156,
            "aspectRatio": "16/9",
            "captured": "2025-12-04T16:16:46+00:00"
        },
        {
            "filename": "25681203-174603-CAM19376.jpg",
            "width": 5760,
            "height": 3840,
            "aspectRatio": "3/2",
            "captured": "2025-12-04T16:16:50+00:00"
        },
        {
            "filename": "25681203-174638-CAM19377.jpg",
            "width": 5760,
            "height": 3840,
            "aspectRatio": "3/2",
            "captured": "2025-12-04T16:16:55+00:00"
        },
        {
            "filename": "25681203-174645-CAM19380.jpg",
            "width": 5760,
            "height": 3840,
            "aspectRatio": "3/2",
            "captured": "2025-12-04T16:16:58+00:00"
        },
        {
            "filename": "25681203-174808-CAM25688.jpg",
            "width": 3718,
            "height": 5577,
            "aspectRatio": "2/3",
            "captured": "2025-12-04T16:17:00+00:00"
        },
        {
            "filename": "25681203-174831-CAM25691.jpg",
            "width": 3840,
            "height": 5760,
            "aspectRatio": "2/3",
            "captured": "2025-12-04T16:17:07+00:00"
        },
        {
            "filename": "25681203-174910-CAM25693.jpg",
            "width": 5181,
            "height": 3454,
            "aspectRatio": "3/2",
            "captured": "2025-12-04T16:17:11+00:00"
        },
        {
            "filename": "25681203-174936-CAM25696.jpg",
            "width": 5760,
            "height": 3840,
            "aspectRatio": "3/2",
            "captured": "2025-12-04T16:17:14+00:00"
        },
        {
            "filename": "25681203-174941-CAM25697.jpg",
            "width": 5760,
            "height": 3840,
            "aspectRatio": "3/2",
            "captured": "2025-12-04T16:17:17+00:00"
        },
        {
            "filename": "25681203-175123-CAM25705.jpg",
            "width": 5509,
            "height": 3099,
            "aspectRatio": "16/9",
            "captured": "2025-12-04T16:17:22+00:00"
        },
        {
            "filename": "25681203-175130-CAM25706.jpg",
            "width": 2964,
            "height": 4446,
            "aspectRatio": "2/3",
            "captured": "2025-12-04T16:17:25+00:00"
        },
        {
            "filename": "25681203-175257-CAM19385.jpg",
            "width": 5760,
            "height": 3840,
            "aspectRatio": "3/2",
            "captured": "2025-12-04T16:17:30+00:00"
        },
        {
            "filename": "25681203-175300-CAM19386.jpg",
            "width": 5760,
            "height": 3840,
            "aspectRatio": "3/2",
            "captured": "2025-12-04T16:17:34+00:00"
        },
        {
            "filename": "25681203-175400-CAM19396.jpg",
            "width": 5760,
            "height": 3840,
            "aspectRatio": "3/2",
            "captured": "2025-12-04T16:17:39+00:00"
        },
        {
            "filename": "25681203-175417-CAM19413.jpg",
            "width": 2134,
            "height": 3201,
            "aspectRatio": "2/3",
            "captured": "2025-12-04T16:17:41+00:00"
        },
        {
            "filename": "25681203-175421-CAM19418.jpg",
            "width": 5445,
            "height": 3630,
            "aspectRatio": "3/2",
            "captured": "2025-12-04T16:17:46+00:00"
        },
        {
            "filename": "25681203-175431-CAM19431.jpg",
            "width": 5156,
            "height": 3437,
            "aspectRatio": "3/2",
            "captured": "2025-12-04T16:17:50+00:00"
        },
        {
            "filename": "25681203-175502-CAM25711.jpg",
            "width": 3083,
            "height": 4625,
            "aspectRatio": "2/3",
            "captured": "2025-12-04T16:17:52+00:00"
        },
        {
            "filename": "25681203-175511-CAM25713.jpg",
            "width": 3437,
            "height": 5156,
            "aspectRatio": "2/3",
            "captured": "2025-12-04T16:17:55+00:00"
        },
        {
            "filename": "25681203-175625-CAM19435.jpg",
            "width": 5760,
            "height": 3840,
            "aspectRatio": "3/2",
            "captured": "2025-12-04T16:18:02+00:00"
        },
        {
            "filename": "25681203-175652-CAM19444.jpg",
            "width": 4946,
            "height": 3297,
            "aspectRatio": "3/2",
            "captured": "2025-12-04T16:18:04+00:00"
        },
        {
            "filename": "25681203-175807-CAM25717.jpg",
            "width": 3369,
            "height": 5054,
            "aspectRatio": "2/3",
            "captured": "2025-12-04T16:18:08+00:00"
        },
        {
            "filename": "25681203-175810-CAM25719.jpg",
            "width": 3360,
            "height": 5040,
            "aspectRatio": "2/3",
            "captured": "2025-12-04T16:18:13+00:00"
        },
        {
            "filename": "25681203-175816-CAM25721.jpg",
            "width": 3413,
            "height": 5119,
            "aspectRatio": "2/3",
            "captured": "2025-12-04T16:18:17+00:00"
        },
        {
            "filename": "25681203-175820-CAM25722.jpg",
            "width": 3311,
            "height": 4966,
            "aspectRatio": "2/3",
            "captured": "2025-12-04T16:18:20+00:00"
        },
        {
            "filename": "25681203-175847-CAM25727.jpg",
            "width": 3840,
            "height": 5760,
            "aspectRatio": "2/3",
            "captured": "2025-12-04T16:18:24+00:00"
        },
        {
            "filename": "25681203-180031-CAM19454.jpg",
            "width": 4690,
            "height": 3127,
            "aspectRatio": "3/2",
            "captured": "2025-12-04T16:18:28+00:00"
        },
        {
            "filename": "25681203-180137-CAM25734.jpg",
            "width": 5760,
            "height": 3840,
            "aspectRatio": "3/2",
            "captured": "2025-12-04T16:18:32+00:00"
        },
        {
            "filename": "25681203-180243-CAM19461.jpg",
            "width": 5760,
            "height": 3840,
            "aspectRatio": "3/2",
            "captured": "2025-12-04T16:18:37+00:00"
        },
        {
            "filename": "25681203-180312-CAM19465.jpg",
            "width": 5760,
            "height": 3840,
            "aspectRatio": "3/2",
            "captured": "2025-12-04T16:18:42+00:00"
        },
        {
            "filename": "25681203-180324-CAM19473.jpg",
            "width": 5760,
            "height": 3840,
            "aspectRatio": "3/2",
            "captured": "2025-12-04T16:18:46+00:00"
        },
        {
            "filename": "25681203-180408-CAM25737.jpg",
            "width": 5760,
            "height": 3840,
            "aspectRatio": "3/2",
            "captured": "2025-12-04T16:18:49+00:00"
        },
        {
            "filename": "25681203-180457-CAM19481.jpg",
            "width": 4310,
            "height": 2873,
            "aspectRatio": "3/2",
            "captured": "2025-12-04T16:18:52+00:00"
        },
        {
            "filename": "25681203-180520-CAM19487.jpg",
            "width": 5591,
            "height": 3727,
            "aspectRatio": "3/2",
            "captured": "2025-12-04T16:18:57+00:00"
        },
        {
            "filename": "25681203-180634-CAM19491.jpg",
            "width": 5760,
            "height": 3840,
            "aspectRatio": "3/2",
            "captured": "2025-12-04T16:19:01+00:00"
        },
        {
            "filename": "25681203-180710-CAM19493.jpg",
            "width": 4329,
            "height": 2886,
            "aspectRatio": "3/2",
            "captured": "2025-12-04T16:19:03+00:00"
        },
        {
            "filename": "25681203-180741-CAM19497.jpg",
            "width": 5760,
            "height": 3840,
            "aspectRatio": "3/2",
            "captured": "2025-12-04T16:19:07+00:00"
        },
        {
            "filename": "25681203-181612-CAM19505.jpg",
            "width": 5390,
            "height": 3593,
            "aspectRatio": "3/2",
            "captured": "2025-12-04T16:19:13+00:00"
        },
        {
            "filename": "25681203-181807-CAM25741.jpg",
            "width": 3145,
            "height": 4718,
            "aspectRatio": "2/3",
            "captured": "2025-12-04T16:19:15+00:00"
        },
        {
            "filename": "25681203-182341-CAM25752.jpg",
            "width": 3326,
            "height": 4989,
            "aspectRatio": "2/3",
            "captured": "2025-12-04T16:19:19+00:00"
        },
        {
            "filename": "25681203-182354-CAM25757.jpg",
            "width": 3840,
            "height": 5760,
            "aspectRatio": "2/3",
            "captured": "2025-12-04T16:19:24+00:00"
        },
        {
            "filename": "25681203-182424-CAM19521.jpg",
            "width": 5760,
            "height": 3840,
            "aspectRatio": "3/2",
            "captured": "2025-12-04T16:19:29+00:00"
        },
        {
            "filename": "25681203-182449-CAM25762.jpg",
            "width": 4987,
            "height": 3325,
            "aspectRatio": "3/2",
            "captured": "2025-12-04T16:19:31+00:00"
        },
        {
            "filename": "25681203-182653-CAM19532.jpg",
            "width": 5760,
            "height": 3840,
            "aspectRatio": "3/2",
            "captured": "2025-12-04T16:19:36+00:00"
        },
        {
            "filename": "25681203-182659-CAM19542.jpg",
            "width": 4636,
            "height": 3091,
            "aspectRatio": "3/2",
            "captured": "2025-12-04T16:19:42+00:00"
        },
        {
            "filename": "25681203-182722-CAM19545.jpg",
            "width": 5760,
            "height": 3840,
            "aspectRatio": "3/2",
            "captured": "2025-12-04T16:19:45+00:00"
        },
        {
            "filename": "25681203-182834-CAM25774.jpg",
            "width": 5706,
            "height": 3804,
            "aspectRatio": "3/2",
            "captured": "2025-12-04T16:19:47+00:00"
        },
        {
            "filename": "25681203-183027-CAM19549.jpg",
            "width": 5760,
            "height": 3840,
            "aspectRatio": "3/2",
            "captured": "2025-12-04T16:19:54+00:00"
        },
        {
            "filename": "25681203-183100-CAM25782.jpg",
            "width": 3840,
            "height": 5760,
            "aspectRatio": "2/3",
            "captured": "2025-12-04T16:20:00+00:00"
        },
        {
            "filename": "25681203-183110-CAM25783.jpg",
            "width": 5760,
            "height": 3840,
            "aspectRatio": "3/2",
            "captured": "2025-12-04T16:20:00+00:00"
        },
        {
            "filename": "25681203-183240-CAM19554.jpg",
            "width": 5760,
            "height": 3840,
            "aspectRatio": "3/2",
            "captured": "2025-12-04T16:20:05+00:00"
        },
        {
            "filename": "25681203-183243-CAM19565.jpg",
            "width": 5760,
            "height": 3840,
            "aspectRatio": "3/2",
            "captured": "2025-12-04T16:20:09+00:00"
        },
        {
            "filename": "25681203-183425-CAM19571.jpg",
            "width": 5577,
            "height": 3718,
            "aspectRatio": "3/2",
            "captured": "2025-12-04T16:20:13+00:00"
        },
        {
            "filename": "25681203-183517-CAM19573.jpg",
            "width": 5760,
            "height": 3840,
            "aspectRatio": "3/2",
            "captured": "2025-12-04T16:20:18+00:00"
        },
        {
            "filename": "25681203-183539-CAM19574.jpg",
            "width": 4759,
            "height": 3173,
            "aspectRatio": "3/2",
            "captured": "2025-12-04T16:20:22+00:00"
        },
        {
            "filename": "25681203-183610-CAM25787.jpg",
            "width": 5577,
            "height": 3718,
            "aspectRatio": "3/2",
            "captured": "2025-12-04T16:20:27+00:00"
        },
        {
            "filename": "25681203-183611-CAM25788.jpg",
            "width": 5760,
            "height": 3840,
            "aspectRatio": "3/2",
            "captured": "2025-12-04T16:20:29+00:00"
        },
        {
            "filename": "25681203-183614-CAM25789.jpg",
            "width": 5017,
            "height": 3345,
            "aspectRatio": "3/2",
            "captured": "2025-12-04T16:20:31+00:00"
        },
        {
            "filename": "25681203-183742-CAM19577.jpg",
            "width": 5187,
            "height": 3458,
            "aspectRatio": "3/2",
            "captured": "2025-12-04T16:20:38+00:00"
        },
        {
            "filename": "25681203-183759-CAM19582.jpg",
            "width": 5462,
            "height": 3641,
            "aspectRatio": "3/2",
            "captured": "2025-12-04T16:20:39+00:00"
        },
        {
            "filename": "25681203-183800-CAM19585.jpg",
            "width": 5400,
            "height": 3600,
            "aspectRatio": "3/2",
            "captured": "2025-12-04T16:20:46+00:00"
        },
        {
            "filename": "25681203-184057-CAM19589.jpg",
            "width": 5760,
            "height": 3840,
            "aspectRatio": "3/2",
            "captured": "2025-12-04T16:20:51+00:00"
        },
        {
            "filename": "25681203-184128-CAM25790.jpg",
            "width": 3840,
            "height": 5760,
            "aspectRatio": "2/3",
            "captured": "2025-12-04T16:20:52+00:00"
        },
        {
            "filename": "25681203-184133-CAM25792.jpg",
            "width": 3840,
            "height": 5760,
            "aspectRatio": "2/3",
            "captured": "2025-12-04T16:20:57+00:00"
        },
        {
            "filename": "25681203-184202-CAM19598.jpg",
            "width": 5760,
            "height": 3840,
            "aspectRatio": "3/2",
            "captured": "2025-12-04T16:21:02+00:00"
        },
        {
            "filename": "25681203-184209-CAM25793.jpg",
            "width": 4032,
            "height": 2688,
            "aspectRatio": "3/2",
            "captured": "2025-12-04T16:21:02+00:00"
        },
        {
            "filename": "25681203-184601-CAM19600.jpg",
            "width": 5051,
            "height": 3367,
            "aspectRatio": "3/2",
            "captured": "2025-12-04T16:21:08+00:00"
        },
        {
            "filename": "25681203-184722-CAM25801.jpg",
            "width": 5760,
            "height": 3840,
            "aspectRatio": "3/2",
            "captured": "2025-12-04T16:21:13+00:00"
        },
        {
            "filename": "25681203-184757-CAM25809.jpg",
            "width": 5760,
            "height": 3840,
            "aspectRatio": "3/2",
            "captured": "2025-12-04T16:21:14+00:00"
        },
        {
            "filename": "25681203-184802-CAM25814.jpg",
            "width": 5090,
            "height": 3393,
            "aspectRatio": "3/2",
            "captured": "2025-12-04T16:21:17+00:00"
        },
        {
            "filename": "25681203-184808-CAM25820.jpg",
            "width": 5760,
            "height": 3840,
            "aspectRatio": "3/2",
            "captured": "2025-12-04T16:21:21+00:00"
        },
        {
            "filename": "25681203-184815-CAM25821.jpg",
            "width": 5760,
            "height": 3840,
            "aspectRatio": "3/2",
            "captured": "2025-12-04T16:21:24+00:00"
        },
        {
            "filename": "25681203-184909-CAM25822.jpg",
            "width": 5094,
            "height": 3396,
            "aspectRatio": "3/2",
            "captured": "2025-12-04T16:21:28+00:00"
        },
        {
            "filename": "25681203-184931-CAM25825.jpg",
            "width": 5760,
            "height": 3840,
            "aspectRatio": "3/2",
            "captured": "2025-12-04T16:21:34+00:00"
        },
        {
            "filename": "25681203-185038-CAM25837.jpg",
            "width": 5371,
            "height": 3581,
            "aspectRatio": "3/2",
            "captured": "2025-12-04T16:21:35+00:00"
        },
        {
            "filename": "25681203-185116-CAM25844.jpg",
            "width": 5497,
            "height": 3665,
            "aspectRatio": "3/2",
            "captured": "2025-12-04T16:21:39+00:00"
        },
        {
            "filename": "25681203-185141-CAM25848.jpg",
            "width": 2199,
            "height": 3299,
            "aspectRatio": "2/3",
            "captured": "2025-12-04T16:21:43+00:00"
        },
        {
            "filename": "25681203-185153-CAM25851.jpg",
            "width": 2568,
            "height": 3852,
            "aspectRatio": "2/3",
            "captured": "2025-12-04T16:21:45+00:00"
        },
        {
            "filename": "25681203-185217-CAM25854.jpg",
            "width": 5370,
            "height": 3580,
            "aspectRatio": "3/2",
            "captured": "2025-12-04T16:21:50+00:00"
        },
        {
            "filename": "25681203-185221-CAM25858.jpg",
            "width": 5760,
            "height": 3840,
            "aspectRatio": "3/2",
            "captured": "2025-12-04T16:21:54+00:00"
        },
        {
            "filename": "25681203-185559-CAM25870.jpg",
            "width": 5760,
            "height": 3840,
            "aspectRatio": "3/2",
            "captured": "2025-12-04T16:21:57+00:00"
        },
        {
            "filename": "25681203-185750-CAM25874.jpg",
            "width": 5735,
            "height": 3823,
            "aspectRatio": "3/2",
            "captured": "2025-12-04T16:22:01+00:00"
        },
        {
            "filename": "25681203-185925-CAM19608.jpg",
            "width": 5760,
            "height": 3840,
            "aspectRatio": "3/2",
            "captured": "2025-12-04T16:22:06+00:00"
        },
        {
            "filename": "25681203-190230-CAM25876.jpg",
            "width": 5760,
            "height": 3840,
            "aspectRatio": "3/2",
            "captured": "2025-12-04T16:22:09+00:00"
        },
        {
            "filename": "25681203-190237-CAM25877.jpg",
            "width": 4964,
            "height": 3309,
            "aspectRatio": "3/2",
            "captured": "2025-12-04T16:22:12+00:00"
        },
        {
            "filename": "25681203-190329-CAM25880.jpg",
            "width": 5760,
            "height": 3840,
            "aspectRatio": "3/2",
            "captured": "2025-12-04T16:22:16+00:00"
        },
        {
            "filename": "25681203-190338-CAM25883.jpg",
            "width": 5760,
            "height": 3840,
            "aspectRatio": "3/2",
            "captured": "2025-12-04T16:22:21+00:00"
        },
        {
            "filename": "25681203-190410-CAM25885.jpg",
            "width": 5760,
            "height": 3840,
            "aspectRatio": "3/2",
            "captured": "2025-12-04T16:22:24+00:00"
        },
        {
            "filename": "25681203-191459-CAM25890.jpg",
            "width": 5760,
            "height": 3840,
            "aspectRatio": "3/2",
            "captured": "2025-12-04T16:22:27+00:00"
        },
        {
            "filename": "25681203-191540-CAM25899.jpg",
            "width": 5760,
            "height": 3840,
            "aspectRatio": "3/2",
            "captured": "2025-12-04T16:22:32+00:00"
        },
        {
            "filename": "25681203-191718-CAM25908.jpg",
            "width": 4183,
            "height": 2789,
            "aspectRatio": "3/2",
            "captured": "2025-12-04T16:22:35+00:00"
        },
        {
            "filename": "25681203-191742-CAM25909.jpg",
            "width": 5760,
            "height": 3840,
            "aspectRatio": "3/2",
            "captured": "2025-12-04T16:22:40+00:00"
        },
        {
            "filename": "25681203-191745-CAM25910.jpg",
            "width": 5760,
            "height": 3840,
            "aspectRatio": "3/2",
            "captured": "2025-12-04T16:22:44+00:00"
        },
        {
            "filename": "25681203-191746-CAM25911.jpg",
            "width": 5760,
            "height": 3840,
            "aspectRatio": "3/2",
            "captured": "2025-12-04T16:22:48+00:00"
        },
        {
            "filename": "25681203-191756-CAM25913.jpg",
            "width": 5760,
            "height": 3840,
            "aspectRatio": "3/2",
            "captured": "2025-12-04T16:22:52+00:00"
        },
        {
            "filename": "25681203-191825-CAM19611.jpg",
            "width": 5760,
            "height": 3840,
            "aspectRatio": "3/2",
            "captured": "2025-12-04T16:22:59+00:00"
        },
        {
            "filename": "25681203-191835-CAM25915.jpg",
            "width": 3840,
            "height": 5760,
            "aspectRatio": "2/3",
            "captured": "2025-12-04T16:23:01+00:00"
        },
        {
            "filename": "25681203-191849-CAM25916.jpg",
            "width": 5760,
            "height": 3840,
            "aspectRatio": "3/2",
            "captured": "2025-12-04T16:23:05+00:00"
        },
        {
            "filename": "25681203-191854-CAM25917.jpg",
            "width": 5760,
            "height": 3840,
            "aspectRatio": "3/2",
            "captured": "2025-12-04T16:23:09+00:00"
        },
        {
            "filename": "25681203-191903-CAM25918.jpg",
            "width": 5760,
            "height": 3840,
            "aspectRatio": "3/2",
            "captured": "2025-12-04T16:23:14+00:00"
        },
        {
            "filename": "25681203-191909-CAM25919.jpg",
            "width": 3840,
            "height": 5760,
            "aspectRatio": "2/3",
            "captured": "2025-12-04T16:23:18+00:00"
        },
        {
            "filename": "25681203-191911-CAM25920.jpg",
            "width": 3840,
            "height": 5760,
            "aspectRatio": "2/3",
            "captured": "2025-12-04T16:23:22+00:00"
        },
        {
            "filename": "25681203-191913-CAM25921.jpg",
            "width": 3840,
            "height": 5760,
            "aspectRatio": "2/3",
            "captured": "2025-12-04T16:23:27+00:00"
        },
        {
            "filename": "25681203-191931-CAM25922.jpg",
            "width": 5760,
            "height": 3840,
            "aspectRatio": "3/2",
            "captured": "2025-12-04T16:23:31+00:00"
        },
        {
            "filename": "25681203-191949-CAM25923.jpg",
            "width": 5100,
            "height": 3400,
            "aspectRatio": "3/2",
            "captured": "2025-12-04T16:23:33+00:00"
        },
        {
            "filename": "25681203-192146-CAM25933.jpg",
            "width": 3470,
            "height": 5205,
            "aspectRatio": "2/3",
            "captured": "2025-12-04T16:23:40+00:00"
        },
        {
            "filename": "25681203-192228-CAM19616.jpg",
            "width": 5667,
            "height": 3778,
            "aspectRatio": "3/2",
            "captured": "2025-12-04T16:23:42+00:00"
        },
        {
            "filename": "25681203-192436-CAM19626.jpg",
            "width": 5760,
            "height": 3840,
            "aspectRatio": "3/2",
            "captured": "2025-12-04T16:23:46+00:00"
        },
        {
            "filename": "25681203-192656-CAM19629.jpg",
            "width": 5359,
            "height": 3573,
            "aspectRatio": "3/2",
            "captured": "2025-12-04T16:23:47+00:00"
        },
        {
            "filename": "25681203-193816-CAM19638.jpg",
            "width": 5459,
            "height": 3639,
            "aspectRatio": "3/2",
            "captured": "2025-12-04T16:23:50+00:00"
        },
        {
            "filename": "25681203-194057-CAM19646.jpg",
            "width": 5687,
            "height": 3791,
            "aspectRatio": "3/2",
            "captured": "2025-12-04T16:23:53+00:00"
        },
        {
            "filename": "25681203-194116-CAM19653.jpg",
            "width": 5687,
            "height": 3791,
            "aspectRatio": "3/2",
            "captured": "2025-12-04T16:23:55+00:00"
        },
        {
            "filename": "25681203-194116-CAM19654.jpg",
            "width": 5687,
            "height": 3791,
            "aspectRatio": "3/2",
            "captured": "2025-12-04T16:23:56+00:00"
        }
    ]
}