{
    "id": "72c33fe1",
    "store": "public",
    "subdir": "",
    "folder": "VRU ใต้ร่มพระบารมี  ก้าวสู่ปีใหม่ ด้วยหัวใจภักดี",
    "title": "VRU ใต้ร่มพระบารมี ก้าวสู่ปีใหม่ ด้วยหัวใจภักดี",
    "images": [
        {
            "filename": "25681224-081742-CAM26153.JPG",
            "width": 5718,
            "height": 3812,
            "aspectRatio": "3/2",
            "captured": "2025-12-24T04:42:21+00:00"
        },
        {
            "filename": "25681224-082051-CAM26156.JPG",
            "width": 3691,
            "height": 5537,
            "aspectRatio": "2/3",
            "captured": "2025-12-24T04:42:21+00:00"
        },
        {
            "filename": "25681224-082124-CAM26157.JPG",
            "width": 3840,
            "height": 5760,
            "aspectRatio": "2/3",
            "captured": "2025-12-24T04:42:24+00:00"
        },
        {
            "filename": "25681224-082415-CAM26158.JPG",
            "width": 4512,
            "height": 3008,
            "aspectRatio": "3/2",
            "captured": "2025-12-24T04:42:24+00:00"
        },
        {
            "filename": "25681224-082523-CAM26160.JPG",
            "width": 3840,
            "height": 5760,
            "aspectRatio": "2/3",
            "captured": "2025-12-24T04:42:26+00:00"
        },
        {
            "filename": "25681224-082617-CAM26161.JPG",
            "width": 5473,
            "height": 3649,
            "aspectRatio": "3/2",
            "captured": "2025-12-24T04:42:27+00:00"
        },
        {
            "filename": "25681224-082704-CAM26162.JPG",
            "width": 3420,
            "height": 5130,
            "aspectRatio": "2/3",
            "captured": "2025-12-24T04:42:29+00:00"
        },
        {
            "filename": "25681224-082708-CAM26163.JPG",
            "width": 5760,
            "height": 3840,
            "aspectRatio": "3/2",
            "captured": "2025-12-24T04:42:31+00:00"
        },
        {
            "filename": "25681224-083118-CAM26166.JPG",
            "width": 5090,
            "height": 3393,
            "aspectRatio": "3/2",
            "captured": "2025-12-24T04:42:32+00:00"
        },
        {
            "filename": "25681224-083126-CAM26168.JPG",
            "width": 3791,
            "height": 5687,
            "aspectRatio": "2/3",
            "captured": "2025-12-24T04:42:35+00:00"
        },
        {
            "filename": "25681224-083215-CAM26169.JPG",
            "width": 3840,
            "height": 5760,
            "aspectRatio": "2/3",
            "captured": "2025-12-24T04:42:36+00:00"
        },
        {
            "filename": "25681224-083219-CAM26170.JPG",
            "width": 3840,
            "height": 5760,
            "aspectRatio": "2/3",
            "captured": "2025-12-24T04:42:38+00:00"
        },
        {
            "filename": "25681224-083239-CAM26172.JPG",
            "width": 3038,
            "height": 4557,
            "aspectRatio": "2/3",
            "captured": "2025-12-24T04:42:39+00:00"
        },
        {
            "filename": "25681224-083242-CAM26174.JPG",
            "width": 3341,
            "height": 5012,
            "aspectRatio": "2/3",
            "captured": "2025-12-24T04:42:41+00:00"
        },
        {
            "filename": "25681224-083821-CAM26177.JPG",
            "width": 5760,
            "height": 3840,
            "aspectRatio": "3/2",
            "captured": "2025-12-24T04:42:43+00:00"
        },
        {
            "filename": "25681224-083835-CAM26179.JPG",
            "width": 3589,
            "height": 5383,
            "aspectRatio": "2/3",
            "captured": "2025-12-24T04:42:45+00:00"
        },
        {
            "filename": "25681224-083914-CAM26182.JPG",
            "width": 3840,
            "height": 5760,
            "aspectRatio": "2/3",
            "captured": "2025-12-24T04:42:47+00:00"
        },
        {
            "filename": "25681224-084101-CAM26183.JPG",
            "width": 5604,
            "height": 3736,
            "aspectRatio": "3/2",
            "captured": "2025-12-24T04:42:48+00:00"
        },
        {
            "filename": "25681224-084153-CAM26185.JPG",
            "width": 5760,
            "height": 3840,
            "aspectRatio": "3/2",
            "captured": "2025-12-24T04:42:50+00:00"
        },
        {
            "filename": "25681224-084237-CAM26186.JPG",
            "width": 3596,
            "height": 5394,
            "aspectRatio": "2/3",
            "captured": "2025-12-24T04:42:52+00:00"
        },
        {
            "filename": "25681224-084250-CAM26188.JPG",
            "width": 5583,
            "height": 3722,
            "aspectRatio": "3/2",
            "captured": "2025-12-24T04:42:53+00:00"
        },
        {
            "filename": "25681224-084252-CAM26189.JPG",
            "width": 5760,
            "height": 3840,
            "aspectRatio": "3/2",
            "captured": "2025-12-24T04:42:55+00:00"
        },
        {
            "filename": "25681224-084253-CAM26190.JPG",
            "width": 5760,
            "height": 3840,
            "aspectRatio": "3/2",
            "captured": "2025-12-24T04:42:57+00:00"
        },
        {
            "filename": "25681224-084326-CAM26195.JPG",
            "width": 5760,
            "height": 3840,
            "aspectRatio": "3/2",
            "captured": "2025-12-24T04:42:59+00:00"
        },
        {
            "filename": "25681224-084439-CAM26196.JPG",
            "width": 3525,
            "height": 5287,
            "aspectRatio": "2/3",
            "captured": "2025-12-24T04:43:00+00:00"
        },
        {
            "filename": "25681224-084446-CAM26197.JPG",
            "width": 4984,
            "height": 3323,
            "aspectRatio": "3/2",
            "captured": "2025-12-24T04:43:02+00:00"
        },
        {
            "filename": "25681224-084513-CAM26198.JPG",
            "width": 5607,
            "height": 3738,
            "aspectRatio": "3/2",
            "captured": "2025-12-24T04:43:04+00:00"
        },
        {
            "filename": "25681224-084517-CAM26199.JPG",
            "width": 3840,
            "height": 5760,
            "aspectRatio": "2/3",
            "captured": "2025-12-24T04:43:06+00:00"
        },
        {
            "filename": "25681224-084535-CAM26200.JPG",
            "width": 5310,
            "height": 3540,
            "aspectRatio": "3/2",
            "captured": "2025-12-24T04:43:07+00:00"
        },
        {
            "filename": "25681224-084541-CAM26201.JPG",
            "width": 4743,
            "height": 3162,
            "aspectRatio": "3/2",
            "captured": "2025-12-24T04:43:08+00:00"
        },
        {
            "filename": "25681224-084555-CAM26202.JPG",
            "width": 3840,
            "height": 5760,
            "aspectRatio": "2/3",
            "captured": "2025-12-24T04:43:11+00:00"
        },
        {
            "filename": "25681224-084556-CAM26203.JPG",
            "width": 3840,
            "height": 5760,
            "aspectRatio": "2/3",
            "captured": "2025-12-24T04:43:12+00:00"
        },
        {
            "filename": "25681224-084616-CAM26204.JPG",
            "width": 3840,
            "height": 5760,
            "aspectRatio": "2/3",
            "captured": "2025-12-24T04:43:14+00:00"
        },
        {
            "filename": "25681224-084624-CAM26205.JPG",
            "width": 3840,
            "height": 5760,
            "aspectRatio": "2/3",
            "captured": "2025-12-24T04:43:16+00:00"
        },
        {
            "filename": "25681224-084642-CAM26206.JPG",
            "width": 5760,
            "height": 3840,
            "aspectRatio": "3/2",
            "captured": "2025-12-24T04:43:18+00:00"
        },
        {
            "filename": "25681224-084649-CAM26207.JPG",
            "width": 5760,
            "height": 3840,
            "aspectRatio": "3/2",
            "captured": "2025-12-24T04:43:19+00:00"
        },
        {
            "filename": "25681224-084714-CAM26208.JPG",
            "width": 3595,
            "height": 5393,
            "aspectRatio": "2/3",
            "captured": "2025-12-24T04:43:21+00:00"
        },
        {
            "filename": "25681224-084729-CAM26210.JPG",
            "width": 3521,
            "height": 5281,
            "aspectRatio": "2/3",
            "captured": "2025-12-24T04:43:23+00:00"
        },
        {
            "filename": "25681224-084758-CAM26211.JPG",
            "width": 5760,
            "height": 3840,
            "aspectRatio": "3/2",
            "captured": "2025-12-24T04:43:24+00:00"
        },
        {
            "filename": "25681224-085900-CAM26212.JPG",
            "width": 5760,
            "height": 3840,
            "aspectRatio": "3/2",
            "captured": "2025-12-24T04:43:26+00:00"
        },
        {
            "filename": "25681224-085904-CAM26213.JPG",
            "width": 3840,
            "height": 5760,
            "aspectRatio": "2/3",
            "captured": "2025-12-24T04:43:28+00:00"
        },
        {
            "filename": "25681224-090056-CAM26214.JPG",
            "width": 5760,
            "height": 3840,
            "aspectRatio": "3/2",
            "captured": "2025-12-24T04:43:30+00:00"
        },
        {
            "filename": "25681224-090059-CAM26215.JPG",
            "width": 5760,
            "height": 3840,
            "aspectRatio": "3/2",
            "captured": "2025-12-24T04:43:32+00:00"
        },
        {
            "filename": "25681224-090059-CAM26216.JPG",
            "width": 5760,
            "height": 3840,
            "aspectRatio": "3/2",
            "captured": "2025-12-24T04:43:34+00:00"
        },
        {
            "filename": "25681224-090103-CAM26217.JPG",
            "width": 5760,
            "height": 3840,
            "aspectRatio": "3/2",
            "captured": "2025-12-24T04:43:36+00:00"
        },
        {
            "filename": "25681224-090103-CAM26218.JPG",
            "width": 5760,
            "height": 3840,
            "aspectRatio": "3/2",
            "captured": "2025-12-24T04:43:38+00:00"
        },
        {
            "filename": "25681224-090104-CAM26219.JPG",
            "width": 5760,
            "height": 3840,
            "aspectRatio": "3/2",
            "captured": "2025-12-24T04:43:40+00:00"
        },
        {
            "filename": "25681224-090104-CAM26220.JPG",
            "width": 5760,
            "height": 3840,
            "aspectRatio": "3/2",
            "captured": "2025-12-24T04:43:42+00:00"
        },
        {
            "filename": "25681224-090104-CAM26221.JPG",
            "width": 5760,
            "height": 3840,
            "aspectRatio": "3/2",
            "captured": "2025-12-24T04:43:44+00:00"
        },
        {
            "filename": "25681224-090630-CAM26224.JPG",
            "width": 5760,
            "height": 3840,
            "aspectRatio": "3/2",
            "captured": "2025-12-24T04:43:45+00:00"
        },
        {
            "filename": "25681224-090631-CAM26225.JPG",
            "width": 5760,
            "height": 3840,
            "aspectRatio": "3/2",
            "captured": "2025-12-24T04:43:47+00:00"
        },
        {
            "filename": "25681224-090632-CAM26226.JPG",
            "width": 5760,
            "height": 3840,
            "aspectRatio": "3/2",
            "captured": "2025-12-24T04:43:49+00:00"
        },
        {
            "filename": "25681224-090632-CAM26227.JPG",
            "width": 5760,
            "height": 3840,
            "aspectRatio": "3/2",
            "captured": "2025-12-24T04:43:51+00:00"
        },
        {
            "filename": "25681224-090632-CAM26228.JPG",
            "width": 5760,
            "height": 3840,
            "aspectRatio": "3/2",
            "captured": "2025-12-24T04:43:52+00:00"
        },
        {
            "filename": "25681224-090637-CAM26229.JPG",
            "width": 5760,
            "height": 3840,
            "aspectRatio": "3/2",
            "captured": "2025-12-24T04:43:54+00:00"
        },
        {
            "filename": "25681224-090637-CAM26230.JPG",
            "width": 5586,
            "height": 3724,
            "aspectRatio": "3/2",
            "captured": "2025-12-24T04:43:56+00:00"
        },
        {
            "filename": "25681224-090710-CAM26231.JPG",
            "width": 4839,
            "height": 3226,
            "aspectRatio": "3/2",
            "captured": "2025-12-24T04:43:57+00:00"
        },
        {
            "filename": "25681224-090720-CAM26232.JPG",
            "width": 5760,
            "height": 3840,
            "aspectRatio": "3/2",
            "captured": "2025-12-24T04:43:59+00:00"
        },
        {
            "filename": "25681224-090800-CAM26233.JPG",
            "width": 5760,
            "height": 3840,
            "aspectRatio": "3/2",
            "captured": "2025-12-24T04:44:01+00:00"
        },
        {
            "filename": "25681224-091358-CAM26250.JPG",
            "width": 5760,
            "height": 3840,
            "aspectRatio": "3/2",
            "captured": "2025-12-24T04:44:03+00:00"
        },
        {
            "filename": "25681224-091401-CAM26251.JPG",
            "width": 5760,
            "height": 3840,
            "aspectRatio": "3/2",
            "captured": "2025-12-24T04:44:05+00:00"
        },
        {
            "filename": "25681224-091401-CAM26252.JPG",
            "width": 5760,
            "height": 3840,
            "aspectRatio": "3/2",
            "captured": "2025-12-24T04:44:07+00:00"
        },
        {
            "filename": "25681224-091405-CAM26253.JPG",
            "width": 5760,
            "height": 3840,
            "aspectRatio": "3/2",
            "captured": "2025-12-24T04:44:08+00:00"
        },
        {
            "filename": "25681224-091405-CAM26254.JPG",
            "width": 5760,
            "height": 3840,
            "aspectRatio": "3/2",
            "captured": "2025-12-24T04:44:10+00:00"
        },
        {
            "filename": "25681224-091407-CAM26255.JPG",
            "width": 5760,
            "height": 3840,
            "aspectRatio": "3/2",
            "captured": "2025-12-24T04:44:12+00:00"
        },
        {
            "filename": "25681224-091410-CAM26256.JPG",
            "width": 5760,
            "height": 3840,
            "aspectRatio": "3/2",
            "captured": "2025-12-24T04:44:15+00:00"
        },
        {
            "filename": "25681224-091412-CAM26257.JPG",
            "width": 5760,
            "height": 3840,
            "aspectRatio": "3/2",
            "captured": "2025-12-24T04:44:16+00:00"
        },
        {
            "filename": "25681224-091412-CAM26258.JPG",
            "width": 5760,
            "height": 3840,
            "aspectRatio": "3/2",
            "captured": "2025-12-24T04:44:19+00:00"
        },
        {
            "filename": "25681224-091413-CAM26259.JPG",
            "width": 5760,
            "height": 3840,
            "aspectRatio": "3/2",
            "captured": "2025-12-24T04:44:20+00:00"
        },
        {
            "filename": "25681224-091417-CAM26260.JPG",
            "width": 5760,
            "height": 3840,
            "aspectRatio": "3/2",
            "captured": "2025-12-24T04:44:22+00:00"
        },
        {
            "filename": "25681224-091417-CAM26261.JPG",
            "width": 5760,
            "height": 3840,
            "aspectRatio": "3/2",
            "captured": "2025-12-24T04:44:24+00:00"
        },
        {
            "filename": "25681224-091417-CAM26262.JPG",
            "width": 5760,
            "height": 3840,
            "aspectRatio": "3/2",
            "captured": "2025-12-24T04:44:26+00:00"
        },
        {
            "filename": "25681224-091419-CAM26263.JPG",
            "width": 5760,
            "height": 3840,
            "aspectRatio": "3/2",
            "captured": "2025-12-24T04:44:28+00:00"
        },
        {
            "filename": "25681224-091419-CAM26264.JPG",
            "width": 5760,
            "height": 3840,
            "aspectRatio": "3/2",
            "captured": "2025-12-24T04:44:30+00:00"
        },
        {
            "filename": "25681224-091420-CAM26265.JPG",
            "width": 5760,
            "height": 3840,
            "aspectRatio": "3/2",
            "captured": "2025-12-24T04:44:32+00:00"
        },
        {
            "filename": "25681224-091420-CAM26266.JPG",
            "width": 5760,
            "height": 3840,
            "aspectRatio": "3/2",
            "captured": "2025-12-24T04:44:34+00:00"
        },
        {
            "filename": "25681224-091420-CAM26267.JPG",
            "width": 5760,
            "height": 3840,
            "aspectRatio": "3/2",
            "captured": "2025-12-24T04:44:36+00:00"
        },
        {
            "filename": "25681224-091423-CAM26268.JPG",
            "width": 5760,
            "height": 3840,
            "aspectRatio": "3/2",
            "captured": "2025-12-24T04:44:38+00:00"
        },
        {
            "filename": "25681224-091423-CAM26269.JPG",
            "width": 5760,
            "height": 3840,
            "aspectRatio": "3/2",
            "captured": "2025-12-24T04:44:40+00:00"
        },
        {
            "filename": "25681224-091426-CAM26270.JPG",
            "width": 5760,
            "height": 3840,
            "aspectRatio": "3/2",
            "captured": "2025-12-24T04:44:42+00:00"
        },
        {
            "filename": "25681224-091426-CAM26271.JPG",
            "width": 5760,
            "height": 3840,
            "aspectRatio": "3/2",
            "captured": "2025-12-24T04:44:44+00:00"
        },
        {
            "filename": "25681224-091426-CAM26272.JPG",
            "width": 5760,
            "height": 3840,
            "aspectRatio": "3/2",
            "captured": "2025-12-24T04:44:46+00:00"
        },
        {
            "filename": "25681224-091428-CAM26273.JPG",
            "width": 5760,
            "height": 3840,
            "aspectRatio": "3/2",
            "captured": "2025-12-24T04:44:48+00:00"
        },
        {
            "filename": "25681224-091428-CAM26274.JPG",
            "width": 5760,
            "height": 3840,
            "aspectRatio": "3/2",
            "captured": "2025-12-24T04:44:50+00:00"
        },
        {
            "filename": "25681224-091428-CAM26275.JPG",
            "width": 5760,
            "height": 3840,
            "aspectRatio": "3/2",
            "captured": "2025-12-24T04:44:52+00:00"
        },
        {
            "filename": "25681224-091429-CAM26276.JPG",
            "width": 5760,
            "height": 3840,
            "aspectRatio": "3/2",
            "captured": "2025-12-24T04:44:54+00:00"
        },
        {
            "filename": "25681224-091429-CAM26277.JPG",
            "width": 5760,
            "height": 3840,
            "aspectRatio": "3/2",
            "captured": "2025-12-24T04:44:56+00:00"
        },
        {
            "filename": "25681224-091433-CAM26278.JPG",
            "width": 5760,
            "height": 3840,
            "aspectRatio": "3/2",
            "captured": "2025-12-24T04:44:58+00:00"
        },
        {
            "filename": "25681224-091433-CAM26279.JPG",
            "width": 5760,
            "height": 3840,
            "aspectRatio": "3/2",
            "captured": "2025-12-24T04:45:00+00:00"
        },
        {
            "filename": "25681224-091433-CAM26280.JPG",
            "width": 5760,
            "height": 3840,
            "aspectRatio": "3/2",
            "captured": "2025-12-24T04:45:01+00:00"
        },
        {
            "filename": "25681224-091438-CAM26281.JPG",
            "width": 5760,
            "height": 3840,
            "aspectRatio": "3/2",
            "captured": "2025-12-24T04:45:03+00:00"
        },
        {
            "filename": "25681224-091438-CAM26282.JPG",
            "width": 5760,
            "height": 3840,
            "aspectRatio": "3/2",
            "captured": "2025-12-24T04:45:05+00:00"
        },
        {
            "filename": "25681224-091441-CAM26283.JPG",
            "width": 5760,
            "height": 3840,
            "aspectRatio": "3/2",
            "captured": "2025-12-24T04:45:07+00:00"
        },
        {
            "filename": "25681224-091442-CAM26284.JPG",
            "width": 5760,
            "height": 3840,
            "aspectRatio": "3/2",
            "captured": "2025-12-24T04:45:09+00:00"
        },
        {
            "filename": "25681224-091442-CAM26285.JPG",
            "width": 5760,
            "height": 3840,
            "aspectRatio": "3/2",
            "captured": "2025-12-24T04:45:10+00:00"
        },
        {
            "filename": "25681224-091444-CAM26286.JPG",
            "width": 5760,
            "height": 3840,
            "aspectRatio": "3/2",
            "captured": "2025-12-24T04:45:12+00:00"
        },
        {
            "filename": "25681224-091444-CAM26287.JPG",
            "width": 5760,
            "height": 3840,
            "aspectRatio": "3/2",
            "captured": "2025-12-24T04:45:14+00:00"
        },
        {
            "filename": "25681224-091444-CAM26288.JPG",
            "width": 5760,
            "height": 3840,
            "aspectRatio": "3/2",
            "captured": "2025-12-24T04:45:16+00:00"
        },
        {
            "filename": "25681224-091445-CAM26289.JPG",
            "width": 5760,
            "height": 3840,
            "aspectRatio": "3/2",
            "captured": "2025-12-24T04:45:18+00:00"
        },
        {
            "filename": "25681224-091445-CAM26290.JPG",
            "width": 5760,
            "height": 3840,
            "aspectRatio": "3/2",
            "captured": "2025-12-24T04:45:20+00:00"
        },
        {
            "filename": "25681224-091445-CAM26291.JPG",
            "width": 5760,
            "height": 3840,
            "aspectRatio": "3/2",
            "captured": "2025-12-24T04:45:22+00:00"
        },
        {
            "filename": "25681224-091445-CAM26292.JPG",
            "width": 5760,
            "height": 3840,
            "aspectRatio": "3/2",
            "captured": "2025-12-24T04:45:24+00:00"
        },
        {
            "filename": "25681224-091507-CAM26293.JPG",
            "width": 5760,
            "height": 3840,
            "aspectRatio": "3/2",
            "captured": "2025-12-24T04:45:26+00:00"
        },
        {
            "filename": "25681224-091507-CAM26294.JPG",
            "width": 5760,
            "height": 3840,
            "aspectRatio": "3/2",
            "captured": "2025-12-24T04:45:28+00:00"
        },
        {
            "filename": "25681224-091507-CAM26295.JPG",
            "width": 5760,
            "height": 3840,
            "aspectRatio": "3/2",
            "captured": "2025-12-24T04:45:30+00:00"
        },
        {
            "filename": "25681224-091507-CAM26296.JPG",
            "width": 5760,
            "height": 3840,
            "aspectRatio": "3/2",
            "captured": "2025-12-24T04:45:32+00:00"
        },
        {
            "filename": "25681224-091507-CAM26297.JPG",
            "width": 5760,
            "height": 3840,
            "aspectRatio": "3/2",
            "captured": "2025-12-24T04:45:34+00:00"
        },
        {
            "filename": "25681224-091511-CAM26298.JPG",
            "width": 5760,
            "height": 3840,
            "aspectRatio": "3/2",
            "captured": "2025-12-24T04:45:36+00:00"
        },
        {
            "filename": "25681224-091511-CAM26299.JPG",
            "width": 5760,
            "height": 3840,
            "aspectRatio": "3/2",
            "captured": "2025-12-24T04:45:38+00:00"
        },
        {
            "filename": "25681224-091511-CAM26300.JPG",
            "width": 5760,
            "height": 3840,
            "aspectRatio": "3/2",
            "captured": "2025-12-24T04:45:40+00:00"
        },
        {
            "filename": "25681224-091511-CAM26301.JPG",
            "width": 5760,
            "height": 3840,
            "aspectRatio": "3/2",
            "captured": "2025-12-24T04:45:42+00:00"
        },
        {
            "filename": "25681224-091512-CAM26302.JPG",
            "width": 5760,
            "height": 3840,
            "aspectRatio": "3/2",
            "captured": "2025-12-24T04:45:44+00:00"
        },
        {
            "filename": "25681224-091512-CAM26303.JPG",
            "width": 5760,
            "height": 3840,
            "aspectRatio": "3/2",
            "captured": "2025-12-24T04:45:46+00:00"
        },
        {
            "filename": "25681224-091512-CAM26304.JPG",
            "width": 5760,
            "height": 3840,
            "aspectRatio": "3/2",
            "captured": "2025-12-24T04:45:48+00:00"
        },
        {
            "filename": "25681224-091512-CAM26305.JPG",
            "width": 5760,
            "height": 3840,
            "aspectRatio": "3/2",
            "captured": "2025-12-24T04:45:50+00:00"
        },
        {
            "filename": "25681224-091521-CAM26306.JPG",
            "width": 5760,
            "height": 3840,
            "aspectRatio": "3/2",
            "captured": "2025-12-24T04:45:52+00:00"
        },
        {
            "filename": "25681224-091521-CAM26307.JPG",
            "width": 5760,
            "height": 3840,
            "aspectRatio": "3/2",
            "captured": "2025-12-24T04:45:54+00:00"
        },
        {
            "filename": "25681224-091521-CAM26308.JPG",
            "width": 5760,
            "height": 3840,
            "aspectRatio": "3/2",
            "captured": "2025-12-24T04:45:56+00:00"
        },
        {
            "filename": "25681224-091521-CAM26309.JPG",
            "width": 5760,
            "height": 3840,
            "aspectRatio": "3/2",
            "captured": "2025-12-24T04:45:58+00:00"
        },
        {
            "filename": "25681224-091521-CAM26310.JPG",
            "width": 5760,
            "height": 3840,
            "aspectRatio": "3/2",
            "captured": "2025-12-24T04:46:00+00:00"
        },
        {
            "filename": "25681224-091522-CAM26311.JPG",
            "width": 5760,
            "height": 3840,
            "aspectRatio": "3/2",
            "captured": "2025-12-24T04:46:02+00:00"
        },
        {
            "filename": "25681224-091549-CAM26312.JPG",
            "width": 5760,
            "height": 3840,
            "aspectRatio": "3/2",
            "captured": "2025-12-24T04:46:04+00:00"
        },
        {
            "filename": "25681224-091549-CAM26313.JPG",
            "width": 5760,
            "height": 3840,
            "aspectRatio": "3/2",
            "captured": "2025-12-24T04:46:06+00:00"
        },
        {
            "filename": "25681224-091549-CAM26314.JPG",
            "width": 5760,
            "height": 3840,
            "aspectRatio": "3/2",
            "captured": "2025-12-24T04:46:07+00:00"
        },
        {
            "filename": "25681224-091550-CAM26315.JPG",
            "width": 5760,
            "height": 3840,
            "aspectRatio": "3/2",
            "captured": "2025-12-24T04:46:09+00:00"
        },
        {
            "filename": "25681224-091550-CAM26316.JPG",
            "width": 5760,
            "height": 3840,
            "aspectRatio": "3/2",
            "captured": "2025-12-24T04:46:11+00:00"
        },
        {
            "filename": "25681224-091550-CAM26317.JPG",
            "width": 5760,
            "height": 3840,
            "aspectRatio": "3/2",
            "captured": "2025-12-24T04:46:13+00:00"
        },
        {
            "filename": "25681224-091551-CAM26318.JPG",
            "width": 5760,
            "height": 3840,
            "aspectRatio": "3/2",
            "captured": "2025-12-24T04:46:15+00:00"
        },
        {
            "filename": "25681224-091551-CAM26319.JPG",
            "width": 5760,
            "height": 3840,
            "aspectRatio": "3/2",
            "captured": "2025-12-24T04:46:17+00:00"
        },
        {
            "filename": "25681224-091552-CAM26320.JPG",
            "width": 5760,
            "height": 3840,
            "aspectRatio": "3/2",
            "captured": "2025-12-24T04:46:18+00:00"
        },
        {
            "filename": "25681224-091553-CAM26321.JPG",
            "width": 5760,
            "height": 3840,
            "aspectRatio": "3/2",
            "captured": "2025-12-24T04:46:20+00:00"
        },
        {
            "filename": "25681224-091554-CAM26322.JPG",
            "width": 5760,
            "height": 3840,
            "aspectRatio": "3/2",
            "captured": "2025-12-24T04:46:22+00:00"
        },
        {
            "filename": "25681224-091554-CAM26323.JPG",
            "width": 5760,
            "height": 3840,
            "aspectRatio": "3/2",
            "captured": "2025-12-24T04:46:24+00:00"
        },
        {
            "filename": "25681224-091554-CAM26324.JPG",
            "width": 5760,
            "height": 3840,
            "aspectRatio": "3/2",
            "captured": "2025-12-24T04:46:25+00:00"
        },
        {
            "filename": "25681224-091555-CAM26325.JPG",
            "width": 5760,
            "height": 3840,
            "aspectRatio": "3/2",
            "captured": "2025-12-24T04:46:27+00:00"
        },
        {
            "filename": "25681224-091556-CAM26326.JPG",
            "width": 5760,
            "height": 3840,
            "aspectRatio": "3/2",
            "captured": "2025-12-24T04:46:29+00:00"
        },
        {
            "filename": "25681224-091556-CAM26327.JPG",
            "width": 5760,
            "height": 3840,
            "aspectRatio": "3/2",
            "captured": "2025-12-24T04:46:31+00:00"
        },
        {
            "filename": "25681224-091556-CAM26328.JPG",
            "width": 5760,
            "height": 3840,
            "aspectRatio": "3/2",
            "captured": "2025-12-24T04:46:33+00:00"
        },
        {
            "filename": "25681224-091557-CAM26329.JPG",
            "width": 5760,
            "height": 3840,
            "aspectRatio": "3/2",
            "captured": "2025-12-24T04:46:34+00:00"
        },
        {
            "filename": "25681224-091557-CAM26330.JPG",
            "width": 5760,
            "height": 3840,
            "aspectRatio": "3/2",
            "captured": "2025-12-24T04:46:36+00:00"
        },
        {
            "filename": "25681224-091558-CAM26331.JPG",
            "width": 5760,
            "height": 3840,
            "aspectRatio": "3/2",
            "captured": "2025-12-24T04:46:38+00:00"
        },
        {
            "filename": "25681224-091558-CAM26332.JPG",
            "width": 5760,
            "height": 3840,
            "aspectRatio": "3/2",
            "captured": "2025-12-24T04:46:40+00:00"
        },
        {
            "filename": "25681224-091558-CAM26333.JPG",
            "width": 5760,
            "height": 3840,
            "aspectRatio": "3/2",
            "captured": "2025-12-24T04:46:41+00:00"
        },
        {
            "filename": "25681224-091559-CAM26334.JPG",
            "width": 5760,
            "height": 3840,
            "aspectRatio": "3/2",
            "captured": "2025-12-24T04:46:43+00:00"
        },
        {
            "filename": "25681224-091559-CAM26335.JPG",
            "width": 5760,
            "height": 3840,
            "aspectRatio": "3/2",
            "captured": "2025-12-24T04:46:45+00:00"
        },
        {
            "filename": "25681224-091559-CAM26336.JPG",
            "width": 5760,
            "height": 3840,
            "aspectRatio": "3/2",
            "captured": "2025-12-24T04:46:47+00:00"
        },
        {
            "filename": "25681224-091604-CAM26337.JPG",
            "width": 5760,
            "height": 3840,
            "aspectRatio": "3/2",
            "captured": "2025-12-24T04:46:49+00:00"
        },
        {
            "filename": "25681224-091606-CAM26338.JPG",
            "width": 5760,
            "height": 3840,
            "aspectRatio": "3/2",
            "captured": "2025-12-24T04:46:51+00:00"
        },
        {
            "filename": "25681224-091607-CAM26339.JPG",
            "width": 5760,
            "height": 3840,
            "aspectRatio": "3/2",
            "captured": "2025-12-24T04:46:52+00:00"
        },
        {
            "filename": "25681224-091608-CAM26340.JPG",
            "width": 5760,
            "height": 3840,
            "aspectRatio": "3/2",
            "captured": "2025-12-24T04:46:54+00:00"
        },
        {
            "filename": "25681224-091609-CAM26341.JPG",
            "width": 5760,
            "height": 3840,
            "aspectRatio": "3/2",
            "captured": "2025-12-24T04:46:56+00:00"
        },
        {
            "filename": "25681224-091610-CAM26342.JPG",
            "width": 5760,
            "height": 3840,
            "aspectRatio": "3/2",
            "captured": "2025-12-24T04:46:58+00:00"
        },
        {
            "filename": "25681224-091610-CAM26343.JPG",
            "width": 5760,
            "height": 3840,
            "aspectRatio": "3/2",
            "captured": "2025-12-24T04:47:00+00:00"
        },
        {
            "filename": "25681224-091612-CAM26344.JPG",
            "width": 5760,
            "height": 3840,
            "aspectRatio": "3/2",
            "captured": "2025-12-24T04:47:01+00:00"
        },
        {
            "filename": "25681224-091612-CAM26345.JPG",
            "width": 5760,
            "height": 3840,
            "aspectRatio": "3/2",
            "captured": "2025-12-24T04:47:03+00:00"
        },
        {
            "filename": "25681224-091718-CAM26348.JPG",
            "width": 5760,
            "height": 3840,
            "aspectRatio": "3/2",
            "captured": "2025-12-24T04:47:05+00:00"
        },
        {
            "filename": "25681224-091718-CAM26349.JPG",
            "width": 5760,
            "height": 3840,
            "aspectRatio": "3/2",
            "captured": "2025-12-24T04:47:07+00:00"
        },
        {
            "filename": "25681224-091718-CAM26350.JPG",
            "width": 5760,
            "height": 3840,
            "aspectRatio": "3/2",
            "captured": "2025-12-24T04:47:08+00:00"
        },
        {
            "filename": "25681224-091718-CAM26351.JPG",
            "width": 5760,
            "height": 3840,
            "aspectRatio": "3/2",
            "captured": "2025-12-24T04:47:10+00:00"
        },
        {
            "filename": "25681224-091724-CAM26352.JPG",
            "width": 5760,
            "height": 3840,
            "aspectRatio": "3/2",
            "captured": "2025-12-24T04:47:12+00:00"
        },
        {
            "filename": "25681224-091724-CAM26353.JPG",
            "width": 5760,
            "height": 3840,
            "aspectRatio": "3/2",
            "captured": "2025-12-24T04:47:14+00:00"
        },
        {
            "filename": "25681224-091724-CAM26354.JPG",
            "width": 5760,
            "height": 3840,
            "aspectRatio": "3/2",
            "captured": "2025-12-24T04:47:15+00:00"
        },
        {
            "filename": "25681224-091733-CAM26355.JPG",
            "width": 5760,
            "height": 3840,
            "aspectRatio": "3/2",
            "captured": "2025-12-24T04:47:17+00:00"
        },
        {
            "filename": "25681224-091734-CAM26356.JPG",
            "width": 5760,
            "height": 3840,
            "aspectRatio": "3/2",
            "captured": "2025-12-24T04:47:19+00:00"
        },
        {
            "filename": "25681224-091734-CAM26357.JPG",
            "width": 5760,
            "height": 3840,
            "aspectRatio": "3/2",
            "captured": "2025-12-24T04:47:21+00:00"
        },
        {
            "filename": "25681224-091753-CAM26358.JPG",
            "width": 5760,
            "height": 3840,
            "aspectRatio": "3/2",
            "captured": "2025-12-24T04:47:23+00:00"
        },
        {
            "filename": "25681224-091753-CAM26359.JPG",
            "width": 5760,
            "height": 3840,
            "aspectRatio": "3/2",
            "captured": "2025-12-24T04:47:24+00:00"
        },
        {
            "filename": "25681224-091755-CAM26360.JPG",
            "width": 5760,
            "height": 3840,
            "aspectRatio": "3/2",
            "captured": "2025-12-24T04:47:26+00:00"
        },
        {
            "filename": "25681224-091755-CAM26361.JPG",
            "width": 5760,
            "height": 3840,
            "aspectRatio": "3/2",
            "captured": "2025-12-24T04:47:29+00:00"
        },
        {
            "filename": "25681224-091756-CAM26362.JPG",
            "width": 5760,
            "height": 3840,
            "aspectRatio": "3/2",
            "captured": "2025-12-24T04:47:33+00:00"
        },
        {
            "filename": "25681224-091756-CAM26363.JPG",
            "width": 5760,
            "height": 3840,
            "aspectRatio": "3/2",
            "captured": "2025-12-24T04:47:35+00:00"
        },
        {
            "filename": "25681224-091850-CAM26365.JPG",
            "width": 5760,
            "height": 3840,
            "aspectRatio": "3/2",
            "captured": "2025-12-24T04:47:38+00:00"
        },
        {
            "filename": "25681224-091850-CAM26366.JPG",
            "width": 5760,
            "height": 3840,
            "aspectRatio": "3/2",
            "captured": "2025-12-24T04:47:40+00:00"
        },
        {
            "filename": "25681224-091854-CAM26367.JPG",
            "width": 5760,
            "height": 3840,
            "aspectRatio": "3/2",
            "captured": "2025-12-24T04:47:42+00:00"
        },
        {
            "filename": "25681224-091854-CAM26368.JPG",
            "width": 5760,
            "height": 3840,
            "aspectRatio": "3/2",
            "captured": "2025-12-24T04:47:44+00:00"
        },
        {
            "filename": "25681224-091854-CAM26369.JPG",
            "width": 5760,
            "height": 3840,
            "aspectRatio": "3/2",
            "captured": "2025-12-24T04:47:46+00:00"
        },
        {
            "filename": "25681224-091855-CAM26370.JPG",
            "width": 5760,
            "height": 3840,
            "aspectRatio": "3/2",
            "captured": "2025-12-24T04:47:49+00:00"
        },
        {
            "filename": "25681224-091855-CAM26371.JPG",
            "width": 5760,
            "height": 3840,
            "aspectRatio": "3/2",
            "captured": "2025-12-24T04:47:51+00:00"
        },
        {
            "filename": "25681224-091855-CAM26372.JPG",
            "width": 5760,
            "height": 3840,
            "aspectRatio": "3/2",
            "captured": "2025-12-24T04:47:53+00:00"
        },
        {
            "filename": "25681224-091901-CAM26373.JPG",
            "width": 5760,
            "height": 3840,
            "aspectRatio": "3/2",
            "captured": "2025-12-24T04:47:56+00:00"
        },
        {
            "filename": "25681224-091901-CAM26374.JPG",
            "width": 5760,
            "height": 3840,
            "aspectRatio": "3/2",
            "captured": "2025-12-24T04:47:58+00:00"
        },
        {
            "filename": "25681224-091901-CAM26375.JPG",
            "width": 5760,
            "height": 3840,
            "aspectRatio": "3/2",
            "captured": "2025-12-24T04:48:02+00:00"
        },
        {
            "filename": "25681224-091909-CAM26376.JPG",
            "width": 5760,
            "height": 3840,
            "aspectRatio": "3/2",
            "captured": "2025-12-24T04:48:06+00:00"
        },
        {
            "filename": "25681224-091909-CAM26377.JPG",
            "width": 5420,
            "height": 3613,
            "aspectRatio": "3/2",
            "captured": "2025-12-24T04:48:09+00:00"
        },
        {
            "filename": "25681224-091909-CAM26378.JPG",
            "width": 5760,
            "height": 3840,
            "aspectRatio": "3/2",
            "captured": "2025-12-24T04:48:13+00:00"
        },
        {
            "filename": "25681224-091922-CAM26379.JPG",
            "width": 5760,
            "height": 3840,
            "aspectRatio": "3/2",
            "captured": "2025-12-24T04:48:17+00:00"
        },
        {
            "filename": "25681224-091922-CAM26380.JPG",
            "width": 5760,
            "height": 3840,
            "aspectRatio": "3/2",
            "captured": "2025-12-24T04:48:22+00:00"
        },
        {
            "filename": "25681224-091922-CAM26381.JPG",
            "width": 5760,
            "height": 3840,
            "aspectRatio": "3/2",
            "captured": "2025-12-24T04:48:24+00:00"
        },
        {
            "filename": "25681224-091922-CAM26382.JPG",
            "width": 5760,
            "height": 3840,
            "aspectRatio": "3/2",
            "captured": "2025-12-24T04:48:29+00:00"
        },
        {
            "filename": "25681224-092229-CAM26388.JPG",
            "width": 3840,
            "height": 5760,
            "aspectRatio": "2/3",
            "captured": "2025-12-24T04:48:32+00:00"
        },
        {
            "filename": "25681224-092235-CAM26389.JPG",
            "width": 3840,
            "height": 5760,
            "aspectRatio": "2/3",
            "captured": "2025-12-24T04:48:36+00:00"
        },
        {
            "filename": "25681224-092237-CAM26390.JPG",
            "width": 3840,
            "height": 5760,
            "aspectRatio": "2/3",
            "captured": "2025-12-24T04:48:40+00:00"
        },
        {
            "filename": "25681224-092237-CAM26391.JPG",
            "width": 3840,
            "height": 5760,
            "aspectRatio": "2/3",
            "captured": "2025-12-24T04:48:44+00:00"
        },
        {
            "filename": "25681224-092909-CAM26392.JPG",
            "width": 3840,
            "height": 5760,
            "aspectRatio": "2/3",
            "captured": "2025-12-24T04:48:47+00:00"
        },
        {
            "filename": "25681224-092909-CAM26393.JPG",
            "width": 3410,
            "height": 5115,
            "aspectRatio": "2/3",
            "captured": "2025-12-24T04:48:51+00:00"
        },
        {
            "filename": "25681224-092913-CAM26394.JPG",
            "width": 3840,
            "height": 5760,
            "aspectRatio": "2/3",
            "captured": "2025-12-24T04:48:54+00:00"
        },
        {
            "filename": "25681224-092914-CAM26395.JPG",
            "width": 3840,
            "height": 5760,
            "aspectRatio": "2/3",
            "captured": "2025-12-24T04:48:59+00:00"
        },
        {
            "filename": "25681224-092914-CAM26396.JPG",
            "width": 3630,
            "height": 5445,
            "aspectRatio": "2/3",
            "captured": "2025-12-24T04:49:01+00:00"
        },
        {
            "filename": "25681224-092916-CAM26397.JPG",
            "width": 3840,
            "height": 5760,
            "aspectRatio": "2/3",
            "captured": "2025-12-24T04:49:05+00:00"
        },
        {
            "filename": "25681224-092916-CAM26398.JPG",
            "width": 3840,
            "height": 5760,
            "aspectRatio": "2/3",
            "captured": "2025-12-24T04:49:08+00:00"
        },
        {
            "filename": "25681224-093007-CAM26401.JPG",
            "width": 5760,
            "height": 3840,
            "aspectRatio": "3/2",
            "captured": "2025-12-24T04:49:13+00:00"
        },
        {
            "filename": "25681224-093024-CAM26402.JPG",
            "width": 5760,
            "height": 3840,
            "aspectRatio": "3/2",
            "captured": "2025-12-24T04:49:15+00:00"
        },
        {
            "filename": "25681224-093024-CAM26403.JPG",
            "width": 5760,
            "height": 3840,
            "aspectRatio": "3/2",
            "captured": "2025-12-24T04:49:18+00:00"
        },
        {
            "filename": "25681224-093024-CAM26404.JPG",
            "width": 5760,
            "height": 3840,
            "aspectRatio": "3/2",
            "captured": "2025-12-24T04:49:22+00:00"
        },
        {
            "filename": "25681224-093025-CAM26405.JPG",
            "width": 5760,
            "height": 3840,
            "aspectRatio": "3/2",
            "captured": "2025-12-24T04:49:26+00:00"
        },
        {
            "filename": "25681224-093025-CAM26406.JPG",
            "width": 5760,
            "height": 3840,
            "aspectRatio": "3/2",
            "captured": "2025-12-24T04:49:29+00:00"
        },
        {
            "filename": "25681224-093025-CAM26407.JPG",
            "width": 5760,
            "height": 3840,
            "aspectRatio": "3/2",
            "captured": "2025-12-24T04:49:33+00:00"
        },
        {
            "filename": "25681224-093028-CAM26408.JPG",
            "width": 5760,
            "height": 3840,
            "aspectRatio": "3/2",
            "captured": "2025-12-24T04:49:36+00:00"
        },
        {
            "filename": "25681224-093028-CAM26409.JPG",
            "width": 5760,
            "height": 3840,
            "aspectRatio": "3/2",
            "captured": "2025-12-24T04:49:41+00:00"
        },
        {
            "filename": "25681224-093029-CAM26410.JPG",
            "width": 5760,
            "height": 3840,
            "aspectRatio": "3/2",
            "captured": "2025-12-24T04:49:46+00:00"
        },
        {
            "filename": "25681224-093037-CAM26411.JPG",
            "width": 5760,
            "height": 3840,
            "aspectRatio": "3/2",
            "captured": "2025-12-24T04:49:50+00:00"
        },
        {
            "filename": "25681224-093037-CAM26412.JPG",
            "width": 5760,
            "height": 3840,
            "aspectRatio": "3/2",
            "captured": "2025-12-24T04:49:55+00:00"
        },
        {
            "filename": "25681224-093037-CAM26413.JPG",
            "width": 5760,
            "height": 3840,
            "aspectRatio": "3/2",
            "captured": "2025-12-24T04:49:57+00:00"
        },
        {
            "filename": "25681224-093038-CAM26414.JPG",
            "width": 5760,
            "height": 3840,
            "aspectRatio": "3/2",
            "captured": "2025-12-24T04:50:01+00:00"
        },
        {
            "filename": "25681224-093038-CAM26415.JPG",
            "width": 5760,
            "height": 3840,
            "aspectRatio": "3/2",
            "captured": "2025-12-24T04:50:05+00:00"
        },
        {
            "filename": "25681224-093038-CAM26416.JPG",
            "width": 5760,
            "height": 3840,
            "aspectRatio": "3/2",
            "captured": "2025-12-24T04:50:09+00:00"
        },
        {
            "filename": "25681224-093039-CAM26417.JPG",
            "width": 5760,
            "height": 3840,
            "aspectRatio": "3/2",
            "captured": "2025-12-24T04:50:11+00:00"
        },
        {
            "filename": "25681224-093039-CAM26418.JPG",
            "width": 5760,
            "height": 3840,
            "aspectRatio": "3/2",
            "captured": "2025-12-24T04:50:15+00:00"
        },
        {
            "filename": "25681224-093039-CAM26419.JPG",
            "width": 5760,
            "height": 3840,
            "aspectRatio": "3/2",
            "captured": "2025-12-24T04:50:19+00:00"
        },
        {
            "filename": "25681224-093047-CAM26420.JPG",
            "width": 5760,
            "height": 3840,
            "aspectRatio": "3/2",
            "captured": "2025-12-24T04:50:23+00:00"
        },
        {
            "filename": "25681224-093047-CAM26421.JPG",
            "width": 5760,
            "height": 3840,
            "aspectRatio": "3/2",
            "captured": "2025-12-24T04:50:25+00:00"
        },
        {
            "filename": "25681224-093048-CAM26422.JPG",
            "width": 5760,
            "height": 3840,
            "aspectRatio": "3/2",
            "captured": "2025-12-24T04:50:29+00:00"
        },
        {
            "filename": "25681224-093048-CAM26423.JPG",
            "width": 5760,
            "height": 3840,
            "aspectRatio": "3/2",
            "captured": "2025-12-24T04:50:32+00:00"
        },
        {
            "filename": "25681224-093048-CAM26424.JPG",
            "width": 5760,
            "height": 3840,
            "aspectRatio": "3/2",
            "captured": "2025-12-24T04:50:36+00:00"
        },
        {
            "filename": "25681224-093048-CAM26425.JPG",
            "width": 5760,
            "height": 3840,
            "aspectRatio": "3/2",
            "captured": "2025-12-24T04:50:39+00:00"
        },
        {
            "filename": "25681224-093050-CAM26426.JPG",
            "width": 5760,
            "height": 3840,
            "aspectRatio": "3/2",
            "captured": "2025-12-24T04:50:43+00:00"
        },
        {
            "filename": "25681224-093050-CAM26427.JPG",
            "width": 5760,
            "height": 3840,
            "aspectRatio": "3/2",
            "captured": "2025-12-24T04:50:47+00:00"
        },
        {
            "filename": "25681224-093051-CAM26428.JPG",
            "width": 5760,
            "height": 3840,
            "aspectRatio": "3/2",
            "captured": "2025-12-24T04:50:51+00:00"
        },
        {
            "filename": "25681224-093051-CAM26429.JPG",
            "width": 5760,
            "height": 3840,
            "aspectRatio": "3/2",
            "captured": "2025-12-24T04:50:53+00:00"
        },
        {
            "filename": "25681224-093052-CAM26430.JPG",
            "width": 5760,
            "height": 3840,
            "aspectRatio": "3/2",
            "captured": "2025-12-24T04:50:57+00:00"
        },
        {
            "filename": "25681224-093052-CAM26431.JPG",
            "width": 5760,
            "height": 3840,
            "aspectRatio": "3/2",
            "captured": "2025-12-24T04:51:00+00:00"
        },
        {
            "filename": "25681224-093052-CAM26432.JPG",
            "width": 5760,
            "height": 3840,
            "aspectRatio": "3/2",
            "captured": "2025-12-24T04:51:04+00:00"
        },
        {
            "filename": "25681224-093338-CAM26445.JPG",
            "width": 5760,
            "height": 3840,
            "aspectRatio": "3/2",
            "captured": "2025-12-24T04:51:07+00:00"
        },
        {
            "filename": "25681224-093343-CAM26446.JPG",
            "width": 5760,
            "height": 3840,
            "aspectRatio": "3/2",
            "captured": "2025-12-24T04:51:10+00:00"
        },
        {
            "filename": "25681224-093343-CAM26447.JPG",
            "width": 5760,
            "height": 3840,
            "aspectRatio": "3/2",
            "captured": "2025-12-24T04:51:14+00:00"
        },
        {
            "filename": "25681224-093343-CAM26448.JPG",
            "width": 5760,
            "height": 3840,
            "aspectRatio": "3/2",
            "captured": "2025-12-24T04:51:17+00:00"
        },
        {
            "filename": "25681224-093343-CAM26449.JPG",
            "width": 5760,
            "height": 3840,
            "aspectRatio": "3/2",
            "captured": "2025-12-24T04:51:21+00:00"
        },
        {
            "filename": "25681224-093356-CAM26450.JPG",
            "width": 5760,
            "height": 3840,
            "aspectRatio": "3/2",
            "captured": "2025-12-24T04:51:25+00:00"
        },
        {
            "filename": "25681224-093356-CAM26451.JPG",
            "width": 5760,
            "height": 3840,
            "aspectRatio": "3/2",
            "captured": "2025-12-24T04:51:27+00:00"
        },
        {
            "filename": "25681224-093357-CAM26452.JPG",
            "width": 5760,
            "height": 3840,
            "aspectRatio": "3/2",
            "captured": "2025-12-24T04:51:28+00:00"
        },
        {
            "filename": "25681224-093357-CAM26453.JPG",
            "width": 5760,
            "height": 3840,
            "aspectRatio": "3/2",
            "captured": "2025-12-24T04:51:30+00:00"
        },
        {
            "filename": "25681224-093357-CAM26454.JPG",
            "width": 5760,
            "height": 3840,
            "aspectRatio": "3/2",
            "captured": "2025-12-24T04:51:32+00:00"
        },
        {
            "filename": "25681224-093400-CAM26455.JPG",
            "width": 5760,
            "height": 3840,
            "aspectRatio": "3/2",
            "captured": "2025-12-24T04:51:34+00:00"
        },
        {
            "filename": "25681224-093400-CAM26456.JPG",
            "width": 5760,
            "height": 3840,
            "aspectRatio": "3/2",
            "captured": "2025-12-24T04:51:35+00:00"
        },
        {
            "filename": "25681224-093400-CAM26457.JPG",
            "width": 5760,
            "height": 3840,
            "aspectRatio": "3/2",
            "captured": "2025-12-24T04:51:36+00:00"
        },
        {
            "filename": "25681224-094419-CAM26460.JPG",
            "width": 4434,
            "height": 2956,
            "aspectRatio": "3/2",
            "captured": "2025-12-24T04:51:37+00:00"
        }
    ]
}