{
    "id": "a00894d1",
    "store": "public",
    "subdir": "",
    "folder": "บรรยากาศพระราชทานปริญญาบัตร 2568",
    "title": "บรรยากาศพระราชทานปริญญาบัตร 2568",
    "images": [
        {
            "filename": "cover.jpg",
            "width": 5989,
            "height": 3993,
            "aspectRatio": "3/2",
            "captured": "2025-10-31T01:24:35+00:00"
        },
        {
            "filename": "25681029-100317-DSC04590.jpg",
            "width": 5338,
            "height": 3559,
            "aspectRatio": "3/2",
            "captured": "2025-10-31T01:23:54+00:00"
        },
        {
            "filename": "25681029-100333-DSC04591.jpg",
            "width": 4800,
            "height": 3200,
            "aspectRatio": "3/2",
            "captured": "2025-10-31T01:23:56+00:00"
        },
        {
            "filename": "25681029-100413-DSC04592.jpg",
            "width": 6240,
            "height": 4160,
            "aspectRatio": "3/2",
            "captured": "2025-10-31T01:23:58+00:00"
        },
        {
            "filename": "25681029-100630-DSC04593.jpg",
            "width": 4953,
            "height": 3302,
            "aspectRatio": "3/2",
            "captured": "2025-10-31T01:24:00+00:00"
        },
        {
            "filename": "25681029-100634-DSC04594.jpg",
            "width": 4953,
            "height": 3302,
            "aspectRatio": "3/2",
            "captured": "2025-10-31T01:24:02+00:00"
        },
        {
            "filename": "25681029-100733-DSC04597.jpg",
            "width": 5129,
            "height": 3419,
            "aspectRatio": "3/2",
            "captured": "2025-10-31T01:24:04+00:00"
        },
        {
            "filename": "25681029-100734-DSC04598.jpg",
            "width": 6240,
            "height": 4160,
            "aspectRatio": "3/2",
            "captured": "2025-10-31T01:24:06+00:00"
        },
        {
            "filename": "25681029-100758-DSC04600.jpg",
            "width": 5097,
            "height": 3398,
            "aspectRatio": "3/2",
            "captured": "2025-10-31T01:24:09+00:00"
        },
        {
            "filename": "25681029-100833-DSC04603.jpg",
            "width": 5615,
            "height": 3743,
            "aspectRatio": "3/2",
            "captured": "2025-10-31T01:24:11+00:00"
        },
        {
            "filename": "25681029-100911-DSC04605.jpg",
            "width": 6240,
            "height": 4160,
            "aspectRatio": "3/2",
            "captured": "2025-10-31T01:24:14+00:00"
        },
        {
            "filename": "25681029-101208-DSC04608.jpg",
            "width": 5881,
            "height": 3921,
            "aspectRatio": "3/2",
            "captured": "2025-10-31T01:24:17+00:00"
        },
        {
            "filename": "25681029-101502-DSC04611.jpg",
            "width": 5501,
            "height": 3667,
            "aspectRatio": "3/2",
            "captured": "2025-10-31T01:24:20+00:00"
        },
        {
            "filename": "25681029-101613-DSC04613.jpg",
            "width": 5028,
            "height": 3352,
            "aspectRatio": "3/2",
            "captured": "2025-10-31T01:24:22+00:00"
        },
        {
            "filename": "25681029-101647-DSC04614.jpg",
            "width": 6240,
            "height": 4160,
            "aspectRatio": "3/2",
            "captured": "2025-10-31T01:24:24+00:00"
        },
        {
            "filename": "25681029-101648-DSC04615.jpg",
            "width": 6240,
            "height": 4160,
            "aspectRatio": "3/2",
            "captured": "2025-10-31T01:24:27+00:00"
        },
        {
            "filename": "25681029-101711-DSC04619.jpg",
            "width": 6240,
            "height": 4160,
            "aspectRatio": "3/2",
            "captured": "2025-10-31T01:24:30+00:00"
        },
        {
            "filename": "25681029-101715-DSC04621.jpg",
            "width": 5575,
            "height": 3717,
            "aspectRatio": "3/2",
            "captured": "2025-10-31T01:24:32+00:00"
        },
        {
            "filename": "25681029-101736-DSC04623.jpg",
            "width": 3399,
            "height": 5099,
            "aspectRatio": "2/3",
            "captured": "2025-10-31T01:24:34+00:00"
        },
        {
            "filename": "25681029-101806-DSC04627.jpg",
            "width": 5096,
            "height": 3397,
            "aspectRatio": "3/2",
            "captured": "2025-10-31T01:24:36+00:00"
        },
        {
            "filename": "25681029-101900-DSC04631.jpg",
            "width": 5940,
            "height": 3960,
            "aspectRatio": "3/2",
            "captured": "2025-10-31T01:24:39+00:00"
        },
        {
            "filename": "25681029-101929-DSC04635.jpg",
            "width": 4894,
            "height": 3263,
            "aspectRatio": "3/2",
            "captured": "2025-10-31T01:24:41+00:00"
        },
        {
            "filename": "25681029-101933-DSC04636.jpg",
            "width": 5614,
            "height": 3743,
            "aspectRatio": "3/2",
            "captured": "2025-10-31T01:24:43+00:00"
        },
        {
            "filename": "25681029-102016-DSC04639.jpg",
            "width": 5229,
            "height": 3486,
            "aspectRatio": "3/2",
            "captured": "2025-10-31T01:24:45+00:00"
        },
        {
            "filename": "25681029-102021-DSC04641.jpg",
            "width": 5229,
            "height": 3486,
            "aspectRatio": "3/2",
            "captured": "2025-10-31T01:24:47+00:00"
        },
        {
            "filename": "25681029-102227-DSC04642.jpg",
            "width": 6240,
            "height": 4160,
            "aspectRatio": "3/2",
            "captured": "2025-10-31T01:24:49+00:00"
        },
        {
            "filename": "25681029-102253-DSC04644.jpg",
            "width": 4160,
            "height": 6240,
            "aspectRatio": "2/3",
            "captured": "2025-10-31T01:24:52+00:00"
        },
        {
            "filename": "25681029-102254-DSC04645.jpg",
            "width": 4160,
            "height": 6240,
            "aspectRatio": "2/3",
            "captured": "2025-10-31T01:24:55+00:00"
        },
        {
            "filename": "25681029-102342-DSC04646.jpg",
            "width": 5594,
            "height": 3729,
            "aspectRatio": "3/2",
            "captured": "2025-10-31T01:24:57+00:00"
        },
        {
            "filename": "25681029-102407-DSC04651.jpg",
            "width": 4160,
            "height": 6240,
            "aspectRatio": "2/3",
            "captured": "2025-10-31T01:24:59+00:00"
        },
        {
            "filename": "25681029-102410-DSC04652.jpg",
            "width": 4160,
            "height": 6240,
            "aspectRatio": "2/3",
            "captured": "2025-10-31T01:25:02+00:00"
        },
        {
            "filename": "25681029-102431-DSC04654.jpg",
            "width": 3362,
            "height": 5043,
            "aspectRatio": "2/3",
            "captured": "2025-10-31T01:25:04+00:00"
        },
        {
            "filename": "25681029-102432-DSC04655.jpg",
            "width": 3362,
            "height": 5043,
            "aspectRatio": "2/3",
            "captured": "2025-10-31T01:25:06+00:00"
        },
        {
            "filename": "25681029-102447-DSC04657.jpg",
            "width": 3390,
            "height": 5085,
            "aspectRatio": "2/3",
            "captured": "2025-10-31T01:25:08+00:00"
        },
        {
            "filename": "25681029-102451-DSC04659.jpg",
            "width": 3614,
            "height": 5421,
            "aspectRatio": "2/3",
            "captured": "2025-10-31T01:25:11+00:00"
        },
        {
            "filename": "25681029-102505-DSC04661.jpg",
            "width": 3661,
            "height": 5492,
            "aspectRatio": "2/3",
            "captured": "2025-10-31T01:25:13+00:00"
        },
        {
            "filename": "25681029-102509-DSC04662.jpg",
            "width": 3281,
            "height": 4921,
            "aspectRatio": "2/3",
            "captured": "2025-10-31T01:25:14+00:00"
        },
        {
            "filename": "25681029-102535-DSC04664.jpg",
            "width": 3788,
            "height": 5682,
            "aspectRatio": "2/3",
            "captured": "2025-10-31T01:25:16+00:00"
        },
        {
            "filename": "25681029-102547-DSC04668.jpg",
            "width": 2748,
            "height": 4122,
            "aspectRatio": "2/3",
            "captured": "2025-10-31T01:25:17+00:00"
        },
        {
            "filename": "25681029-102613-DSC04671.jpg",
            "width": 3715,
            "height": 5573,
            "aspectRatio": "2/3",
            "captured": "2025-10-31T01:25:19+00:00"
        },
        {
            "filename": "25681029-102613-DSC04672.jpg",
            "width": 3681,
            "height": 5521,
            "aspectRatio": "2/3",
            "captured": "2025-10-31T01:25:21+00:00"
        },
        {
            "filename": "25681029-102638-DSC04673.jpg",
            "width": 3479,
            "height": 5218,
            "aspectRatio": "2/3",
            "captured": "2025-10-31T01:25:23+00:00"
        },
        {
            "filename": "25681029-102654-DSC04675.jpg",
            "width": 3421,
            "height": 5131,
            "aspectRatio": "2/3",
            "captured": "2025-10-31T01:25:25+00:00"
        },
        {
            "filename": "25681029-102753-DSC04676.jpg",
            "width": 6240,
            "height": 4160,
            "aspectRatio": "3/2",
            "captured": "2025-10-31T01:25:27+00:00"
        },
        {
            "filename": "25681029-102837-DSC04678.jpg",
            "width": 3368,
            "height": 5052,
            "aspectRatio": "2/3",
            "captured": "2025-10-31T01:25:29+00:00"
        },
        {
            "filename": "25681029-102856-DSC04679.jpg",
            "width": 5128,
            "height": 3419,
            "aspectRatio": "3/2",
            "captured": "2025-10-31T01:23:07+00:00"
        },
        {
            "filename": "25681029-102927-DSC04681.jpg",
            "width": 6240,
            "height": 4160,
            "aspectRatio": "3/2",
            "captured": "2025-10-31T01:23:09+00:00"
        },
        {
            "filename": "25681029-102951-DSC04684.jpg",
            "width": 5381,
            "height": 3587,
            "aspectRatio": "3/2",
            "captured": "2025-10-31T01:23:12+00:00"
        },
        {
            "filename": "25681029-103019-DSC04686.jpg",
            "width": 5114,
            "height": 3409,
            "aspectRatio": "3/2",
            "captured": "2025-10-31T01:23:15+00:00"
        },
        {
            "filename": "25681029-103028-DSC04689.jpg",
            "width": 2559,
            "height": 3838,
            "aspectRatio": "2/3",
            "captured": "2025-10-31T01:23:17+00:00"
        },
        {
            "filename": "25681029-103039-DSC04691.jpg",
            "width": 6240,
            "height": 4160,
            "aspectRatio": "3/2",
            "captured": "2025-10-31T01:23:20+00:00"
        },
        {
            "filename": "25681029-103105-DSC04693.jpg",
            "width": 5361,
            "height": 3574,
            "aspectRatio": "3/2",
            "captured": "2025-10-31T01:23:23+00:00"
        },
        {
            "filename": "25681029-103110-DSC04694.jpg",
            "width": 5129,
            "height": 3419,
            "aspectRatio": "3/2",
            "captured": "2025-10-31T01:23:26+00:00"
        },
        {
            "filename": "25681029-103216-DSC04698.jpg",
            "width": 5119,
            "height": 3413,
            "aspectRatio": "3/2",
            "captured": "2025-10-31T01:23:28+00:00"
        },
        {
            "filename": "25681029-103222-DSC04699.jpg",
            "width": 5538,
            "height": 3692,
            "aspectRatio": "3/2",
            "captured": "2025-10-31T01:23:30+00:00"
        },
        {
            "filename": "25681029-103305-DSC04702.jpg",
            "width": 5353,
            "height": 3569,
            "aspectRatio": "3/2",
            "captured": "2025-10-31T01:23:32+00:00"
        },
        {
            "filename": "25681029-103310-DSC04704.jpg",
            "width": 5325,
            "height": 3550,
            "aspectRatio": "3/2",
            "captured": "2025-10-31T01:23:34+00:00"
        },
        {
            "filename": "25681029-103312-DSC04705.jpg",
            "width": 6240,
            "height": 4160,
            "aspectRatio": "3/2",
            "captured": "2025-10-31T01:23:37+00:00"
        },
        {
            "filename": "25681029-103326-DSC04706.jpg",
            "width": 5773,
            "height": 3849,
            "aspectRatio": "3/2",
            "captured": "2025-10-31T01:23:40+00:00"
        },
        {
            "filename": "25681029-103533-DSC04707.jpg",
            "width": 4160,
            "height": 6240,
            "aspectRatio": "2/3",
            "captured": "2025-10-31T01:23:43+00:00"
        },
        {
            "filename": "25681029-103822-DSC04712.jpg",
            "width": 6240,
            "height": 4160,
            "aspectRatio": "3/2",
            "captured": "2025-10-31T01:23:45+00:00"
        },
        {
            "filename": "25681029-103825-DSC04713.jpg",
            "width": 5384,
            "height": 3589,
            "aspectRatio": "3/2",
            "captured": "2025-10-31T01:23:47+00:00"
        },
        {
            "filename": "25681029-104039-DSC04714.jpg",
            "width": 6240,
            "height": 4160,
            "aspectRatio": "3/2",
            "captured": "2025-10-31T01:23:50+00:00"
        },
        {
            "filename": "25681029-104418-DSC04716.jpg",
            "width": 5755,
            "height": 3837,
            "aspectRatio": "3/2",
            "captured": "2025-10-31T01:23:53+00:00"
        },
        {
            "filename": "25681029-104623-DSC04720.jpg",
            "width": 3509,
            "height": 5263,
            "aspectRatio": "2/3",
            "captured": "2025-10-31T01:23:55+00:00"
        },
        {
            "filename": "25681029-104816-DSC04724.jpg",
            "width": 5620,
            "height": 3747,
            "aspectRatio": "3/2",
            "captured": "2025-10-31T01:23:57+00:00"
        },
        {
            "filename": "25681029-104848-DSC04726.jpg",
            "width": 5547,
            "height": 3698,
            "aspectRatio": "3/2",
            "captured": "2025-10-31T01:23:59+00:00"
        },
        {
            "filename": "25681029-105656-DSC04734.jpg",
            "width": 4808,
            "height": 3205,
            "aspectRatio": "3/2",
            "captured": "2025-10-31T01:24:01+00:00"
        },
        {
            "filename": "25681029-105708-DSC04736.jpg",
            "width": 5086,
            "height": 3391,
            "aspectRatio": "3/2",
            "captured": "2025-10-31T01:24:03+00:00"
        },
        {
            "filename": "25681029-105709-DSC04739.jpg",
            "width": 5315,
            "height": 3543,
            "aspectRatio": "3/2",
            "captured": "2025-10-31T01:24:05+00:00"
        },
        {
            "filename": "25681029-105855-DSC04741.jpg",
            "width": 5709,
            "height": 3806,
            "aspectRatio": "3/2",
            "captured": "2025-10-31T01:24:07+00:00"
        },
        {
            "filename": "25681029-110116-DSC04744.jpg",
            "width": 5081,
            "height": 3387,
            "aspectRatio": "3/2",
            "captured": "2025-10-31T01:24:09+00:00"
        },
        {
            "filename": "25681029-110241-DSC04750.jpg",
            "width": 5425,
            "height": 3617,
            "aspectRatio": "3/2",
            "captured": "2025-10-31T01:24:11+00:00"
        },
        {
            "filename": "25681029-110326-DSC04757.jpg",
            "width": 6240,
            "height": 4160,
            "aspectRatio": "3/2",
            "captured": "2025-10-31T01:24:14+00:00"
        },
        {
            "filename": "25681029-110613-DSC04760.jpg",
            "width": 4936,
            "height": 3291,
            "aspectRatio": "3/2",
            "captured": "2025-10-31T01:24:16+00:00"
        },
        {
            "filename": "25681029-110633-DSC04761.jpg",
            "width": 3625,
            "height": 5437,
            "aspectRatio": "2/3",
            "captured": "2025-10-31T01:24:18+00:00"
        },
        {
            "filename": "25681029-110651-DSC04764.jpg",
            "width": 3337,
            "height": 5006,
            "aspectRatio": "2/3",
            "captured": "2025-10-31T01:24:21+00:00"
        },
        {
            "filename": "25681029-110655-DSC04766.jpg",
            "width": 3337,
            "height": 5006,
            "aspectRatio": "2/3",
            "captured": "2025-10-31T01:24:23+00:00"
        },
        {
            "filename": "25681029-110659-DSC04767.jpg",
            "width": 5512,
            "height": 3675,
            "aspectRatio": "3/2",
            "captured": "2025-10-31T01:24:25+00:00"
        },
        {
            "filename": "25681029-110713-DSC04768.jpg",
            "width": 4202,
            "height": 2801,
            "aspectRatio": "3/2",
            "captured": "2025-10-31T01:24:27+00:00"
        },
        {
            "filename": "25681029-110715-DSC04770.jpg",
            "width": 2506,
            "height": 3759,
            "aspectRatio": "2/3",
            "captured": "2025-10-31T01:24:28+00:00"
        },
        {
            "filename": "25681029-110754-DSC04771.jpg",
            "width": 5146,
            "height": 3431,
            "aspectRatio": "3/2",
            "captured": "2025-10-31T01:24:30+00:00"
        },
        {
            "filename": "25681029-110853-DSC04779.jpg",
            "width": 2961,
            "height": 4441,
            "aspectRatio": "2/3",
            "captured": "2025-10-31T01:24:31+00:00"
        },
        {
            "filename": "25681029-110935-DSC04780.jpg",
            "width": 5319,
            "height": 3546,
            "aspectRatio": "3/2",
            "captured": "2025-10-31T01:24:33+00:00"
        },
        {
            "filename": "25681029-110957-DSC04781.jpg",
            "width": 6240,
            "height": 4160,
            "aspectRatio": "3/2",
            "captured": "2025-10-31T01:24:35+00:00"
        },
        {
            "filename": "25681029-111008-DSC04784.jpg",
            "width": 1841,
            "height": 2762,
            "aspectRatio": "2/3",
            "captured": "2025-10-31T01:24:37+00:00"
        },
        {
            "filename": "25681029-111101-DSC04785.jpg",
            "width": 4451,
            "height": 2967,
            "aspectRatio": "3/2",
            "captured": "2025-10-31T01:24:38+00:00"
        },
        {
            "filename": "25681029-111118-DSC04787.jpg",
            "width": 5139,
            "height": 3426,
            "aspectRatio": "3/2",
            "captured": "2025-10-31T01:24:40+00:00"
        },
        {
            "filename": "25681029-111145-DSC04788.jpg",
            "width": 4957,
            "height": 3305,
            "aspectRatio": "3/2",
            "captured": "2025-10-31T01:24:41+00:00"
        },
        {
            "filename": "25681029-111223-DSC04789.jpg",
            "width": 6240,
            "height": 4160,
            "aspectRatio": "3/2",
            "captured": "2025-10-31T01:24:44+00:00"
        },
        {
            "filename": "25681029-111300-DSC04793.jpg",
            "width": 3977,
            "height": 5965,
            "aspectRatio": "2/3",
            "captured": "2025-10-31T01:24:46+00:00"
        },
        {
            "filename": "25681029-111303-DSC04794.jpg",
            "width": 5582,
            "height": 3721,
            "aspectRatio": "3/2",
            "captured": "2025-10-31T01:24:48+00:00"
        },
        {
            "filename": "25681029-111323-DSC04797.jpg",
            "width": 5543,
            "height": 3695,
            "aspectRatio": "3/2",
            "captured": "2025-10-31T01:24:50+00:00"
        },
        {
            "filename": "25681029-111502-DSC04798.jpg",
            "width": 5413,
            "height": 3609,
            "aspectRatio": "3/2",
            "captured": "2025-10-31T01:24:52+00:00"
        },
        {
            "filename": "25681029-111547-DSC04799.jpg",
            "width": 4031,
            "height": 6046,
            "aspectRatio": "2/3",
            "captured": "2025-10-31T01:24:55+00:00"
        },
        {
            "filename": "25681029-111659-DSC04805.jpg",
            "width": 2285,
            "height": 3427,
            "aspectRatio": "2/3",
            "captured": "2025-10-31T01:24:57+00:00"
        },
        {
            "filename": "25681029-111822-DSC04809.jpg",
            "width": 3207,
            "height": 4810,
            "aspectRatio": "2/3",
            "captured": "2025-10-31T01:24:58+00:00"
        },
        {
            "filename": "25681029-112119-DSC04812.jpg",
            "width": 4841,
            "height": 3227,
            "aspectRatio": "3/2",
            "captured": "2025-10-31T01:25:00+00:00"
        },
        {
            "filename": "25681029-112120-DSC04813.jpg",
            "width": 6240,
            "height": 4160,
            "aspectRatio": "3/2",
            "captured": "2025-10-31T01:25:02+00:00"
        },
        {
            "filename": "25681029-112502-DSC04815.jpg",
            "width": 5931,
            "height": 3954,
            "aspectRatio": "3/2",
            "captured": "2025-10-31T01:25:05+00:00"
        },
        {
            "filename": "25681029-112502-DSC04816.jpg",
            "width": 5969,
            "height": 3979,
            "aspectRatio": "3/2",
            "captured": "2025-10-31T01:25:07+00:00"
        },
        {
            "filename": "25681029-112549-DSC04817.jpg",
            "width": 5494,
            "height": 3663,
            "aspectRatio": "3/2",
            "captured": "2025-10-31T01:25:10+00:00"
        },
        {
            "filename": "25681029-112557-DSC04819.jpg",
            "width": 4160,
            "height": 6240,
            "aspectRatio": "2/3",
            "captured": "2025-10-31T01:25:12+00:00"
        },
        {
            "filename": "25681029-112607-DSC04820.jpg",
            "width": 4770,
            "height": 3180,
            "aspectRatio": "3/2",
            "captured": "2025-10-31T01:25:14+00:00"
        },
        {
            "filename": "25681029-113352-DSC04823.jpg",
            "width": 6240,
            "height": 4160,
            "aspectRatio": "3/2",
            "captured": "2025-10-31T01:25:17+00:00"
        },
        {
            "filename": "25681029-113353-DSC04824.jpg",
            "width": 6240,
            "height": 4160,
            "aspectRatio": "3/2",
            "captured": "2025-10-31T01:25:19+00:00"
        },
        {
            "filename": "25681029-113419-DSC04825.jpg",
            "width": 5374,
            "height": 3583,
            "aspectRatio": "3/2",
            "captured": "2025-10-31T01:25:21+00:00"
        },
        {
            "filename": "25681029-123126-DSC04833.jpg",
            "width": 5416,
            "height": 3611,
            "aspectRatio": "3/2",
            "captured": "2025-10-31T01:25:23+00:00"
        },
        {
            "filename": "25681029-123133-DSC04835.jpg",
            "width": 5388,
            "height": 3592,
            "aspectRatio": "3/2",
            "captured": "2025-10-31T01:25:25+00:00"
        },
        {
            "filename": "25681029-123332-DSC04838.jpg",
            "width": 6240,
            "height": 4160,
            "aspectRatio": "3/2",
            "captured": "2025-10-31T01:23:11+00:00"
        },
        {
            "filename": "25681029-123338-DSC04839.jpg",
            "width": 4941,
            "height": 3294,
            "aspectRatio": "3/2",
            "captured": "2025-10-31T01:23:13+00:00"
        },
        {
            "filename": "25681029-123432-DSC04841.jpg",
            "width": 3629,
            "height": 5444,
            "aspectRatio": "2/3",
            "captured": "2025-10-31T01:23:15+00:00"
        },
        {
            "filename": "25681029-123438-DSC04843.jpg",
            "width": 4160,
            "height": 6240,
            "aspectRatio": "2/3",
            "captured": "2025-10-31T01:23:17+00:00"
        },
        {
            "filename": "25681029-123513-DSC04844.jpg",
            "width": 3745,
            "height": 5618,
            "aspectRatio": "2/3",
            "captured": "2025-10-31T01:23:20+00:00"
        },
        {
            "filename": "25681029-123517-DSC04845.jpg",
            "width": 4160,
            "height": 6240,
            "aspectRatio": "2/3",
            "captured": "2025-10-31T01:23:22+00:00"
        },
        {
            "filename": "25681029-123521-DSC04849.jpg",
            "width": 4160,
            "height": 6240,
            "aspectRatio": "2/3",
            "captured": "2025-10-31T01:23:25+00:00"
        },
        {
            "filename": "25681029-123523-DSC04851.jpg",
            "width": 3429,
            "height": 5144,
            "aspectRatio": "2/3",
            "captured": "2025-10-31T01:23:26+00:00"
        },
        {
            "filename": "25681029-123552-DSC04854.jpg",
            "width": 4160,
            "height": 6240,
            "aspectRatio": "2/3",
            "captured": "2025-10-31T01:23:29+00:00"
        },
        {
            "filename": "25681029-123552-DSC04855.jpg",
            "width": 4160,
            "height": 6240,
            "aspectRatio": "2/3",
            "captured": "2025-10-31T01:23:31+00:00"
        },
        {
            "filename": "25681029-123556-DSC04856.jpg",
            "width": 4160,
            "height": 6240,
            "aspectRatio": "2/3",
            "captured": "2025-10-31T01:23:34+00:00"
        },
        {
            "filename": "25681029-123557-DSC04857.jpg",
            "width": 3817,
            "height": 5726,
            "aspectRatio": "2/3",
            "captured": "2025-10-31T01:23:36+00:00"
        },
        {
            "filename": "25681029-123614-DSC04860.jpg",
            "width": 3400,
            "height": 5100,
            "aspectRatio": "2/3",
            "captured": "2025-10-31T01:23:38+00:00"
        },
        {
            "filename": "25681029-123620-DSC04862.jpg",
            "width": 4160,
            "height": 6240,
            "aspectRatio": "2/3",
            "captured": "2025-10-31T01:23:40+00:00"
        },
        {
            "filename": "25681029-123624-DSC04865.jpg",
            "width": 3351,
            "height": 5026,
            "aspectRatio": "2/3",
            "captured": "2025-10-31T01:23:43+00:00"
        },
        {
            "filename": "25681029-123742-DSC04869.jpg",
            "width": 5426,
            "height": 3617,
            "aspectRatio": "3/2",
            "captured": "2025-10-31T01:23:44+00:00"
        },
        {
            "filename": "25681029-123743-DSC04870.jpg",
            "width": 5603,
            "height": 3735,
            "aspectRatio": "3/2",
            "captured": "2025-10-31T01:23:47+00:00"
        },
        {
            "filename": "25681029-131307-DSC04875.jpg",
            "width": 6240,
            "height": 4160,
            "aspectRatio": "3/2",
            "captured": "2025-10-31T01:23:49+00:00"
        },
        {
            "filename": "25681029-131354-DSC04877.jpg",
            "width": 4160,
            "height": 6240,
            "aspectRatio": "2/3",
            "captured": "2025-10-31T01:23:52+00:00"
        },
        {
            "filename": "25681029-131648-DSC04881.jpg",
            "width": 3984,
            "height": 5976,
            "aspectRatio": "2/3",
            "captured": "2025-10-31T01:23:55+00:00"
        },
        {
            "filename": "25681029-131702-DSC04882.jpg",
            "width": 3998,
            "height": 5997,
            "aspectRatio": "2/3",
            "captured": "2025-10-31T01:23:57+00:00"
        },
        {
            "filename": "25681029-131718-DSC04885.jpg",
            "width": 6152,
            "height": 4101,
            "aspectRatio": "3/2",
            "captured": "2025-10-31T01:24:00+00:00"
        },
        {
            "filename": "25681029-131730-DSC04887.jpg",
            "width": 4160,
            "height": 6240,
            "aspectRatio": "2/3",
            "captured": "2025-10-31T01:24:03+00:00"
        },
        {
            "filename": "25681029-131736-DSC04888.jpg",
            "width": 5858,
            "height": 3905,
            "aspectRatio": "3/2",
            "captured": "2025-10-31T01:24:05+00:00"
        },
        {
            "filename": "25681029-131740-DSC04890.jpg",
            "width": 5911,
            "height": 3941,
            "aspectRatio": "3/2",
            "captured": "2025-10-31T01:24:08+00:00"
        },
        {
            "filename": "25681029-131838-DSC04895.jpg",
            "width": 3089,
            "height": 4634,
            "aspectRatio": "2/3",
            "captured": "2025-10-31T01:24:10+00:00"
        },
        {
            "filename": "25681029-131848-DSC04896.jpg",
            "width": 3706,
            "height": 5559,
            "aspectRatio": "2/3",
            "captured": "2025-10-31T01:24:12+00:00"
        },
        {
            "filename": "25681029-131952-DSC04899.jpg",
            "width": 6240,
            "height": 4160,
            "aspectRatio": "3/2",
            "captured": "2025-10-31T01:24:15+00:00"
        },
        {
            "filename": "25681029-132025-DSC04900.jpg",
            "width": 5639,
            "height": 3759,
            "aspectRatio": "3/2",
            "captured": "2025-10-31T01:24:18+00:00"
        },
        {
            "filename": "25681029-132103-DSC04901.jpg",
            "width": 5860,
            "height": 3907,
            "aspectRatio": "3/2",
            "captured": "2025-10-31T01:24:20+00:00"
        },
        {
            "filename": "25681029-132144-DSC04903.jpg",
            "width": 4160,
            "height": 6240,
            "aspectRatio": "2/3",
            "captured": "2025-10-31T01:24:23+00:00"
        },
        {
            "filename": "25681029-132155-DSC04905.jpg",
            "width": 3927,
            "height": 5891,
            "aspectRatio": "2/3",
            "captured": "2025-10-31T01:24:26+00:00"
        },
        {
            "filename": "25681029-132204-DSC04906.jpg",
            "width": 5687,
            "height": 3791,
            "aspectRatio": "3/2",
            "captured": "2025-10-31T01:24:28+00:00"
        },
        {
            "filename": "25681029-132211-DSC04908.jpg",
            "width": 5803,
            "height": 3869,
            "aspectRatio": "3/2",
            "captured": "2025-10-31T01:24:31+00:00"
        },
        {
            "filename": "25681029-132224-DSC04910.jpg",
            "width": 5346,
            "height": 3564,
            "aspectRatio": "3/2",
            "captured": "2025-10-31T01:24:33+00:00"
        },
        {
            "filename": "25681029-132231-DSC04911.jpg",
            "width": 2557,
            "height": 3836,
            "aspectRatio": "2/3",
            "captured": "2025-10-31T01:24:35+00:00"
        },
        {
            "filename": "25681029-132232-DSC04912.jpg",
            "width": 2383,
            "height": 3575,
            "aspectRatio": "2/3",
            "captured": "2025-10-31T01:24:36+00:00"
        },
        {
            "filename": "25681029-132355-DSC04916.jpg",
            "width": 5822,
            "height": 3881,
            "aspectRatio": "3/2",
            "captured": "2025-10-31T01:24:38+00:00"
        },
        {
            "filename": "25681029-132529-DSC04921.jpg",
            "width": 6142,
            "height": 4095,
            "aspectRatio": "3/2",
            "captured": "2025-10-31T01:24:41+00:00"
        },
        {
            "filename": "25681029-132539-DSC04924.jpg",
            "width": 3200,
            "height": 4800,
            "aspectRatio": "2/3",
            "captured": "2025-10-31T01:24:43+00:00"
        },
        {
            "filename": "25681029-132601-DSC04931.jpg",
            "width": 3295,
            "height": 4942,
            "aspectRatio": "2/3",
            "captured": "2025-10-31T01:24:45+00:00"
        },
        {
            "filename": "25681029-132608-DSC04932.jpg",
            "width": 5456,
            "height": 3637,
            "aspectRatio": "3/2",
            "captured": "2025-10-31T01:24:47+00:00"
        },
        {
            "filename": "25681029-132610-DSC04933.jpg",
            "width": 6240,
            "height": 4160,
            "aspectRatio": "3/2",
            "captured": "2025-10-31T01:24:49+00:00"
        },
        {
            "filename": "25681029-132750-DSC04942.jpg",
            "width": 5424,
            "height": 3616,
            "aspectRatio": "3/2",
            "captured": "2025-10-31T01:24:52+00:00"
        },
        {
            "filename": "25681029-132756-DSC04943.jpg",
            "width": 6240,
            "height": 4160,
            "aspectRatio": "3/2",
            "captured": "2025-10-31T01:24:55+00:00"
        },
        {
            "filename": "25681029-132759-DSC04944.jpg",
            "width": 3297,
            "height": 4945,
            "aspectRatio": "2/3",
            "captured": "2025-10-31T01:24:57+00:00"
        },
        {
            "filename": "25681029-132809-DSC04945.jpg",
            "width": 5644,
            "height": 3763,
            "aspectRatio": "3/2",
            "captured": "2025-10-31T01:24:59+00:00"
        },
        {
            "filename": "25681029-132811-DSC04946.jpg",
            "width": 6240,
            "height": 4160,
            "aspectRatio": "3/2",
            "captured": "2025-10-31T01:25:01+00:00"
        },
        {
            "filename": "25681029-132814-DSC04948.jpg",
            "width": 5518,
            "height": 3679,
            "aspectRatio": "3/2",
            "captured": "2025-10-31T01:25:04+00:00"
        },
        {
            "filename": "25681029-132904-DSC04952.jpg",
            "width": 5494,
            "height": 3663,
            "aspectRatio": "3/2",
            "captured": "2025-10-31T01:25:06+00:00"
        },
        {
            "filename": "25681029-132950-DSC04953.jpg",
            "width": 2643,
            "height": 3964,
            "aspectRatio": "2/3",
            "captured": "2025-10-31T01:25:08+00:00"
        },
        {
            "filename": "25681029-133006-DSC04954.jpg",
            "width": 5709,
            "height": 3806,
            "aspectRatio": "3/2",
            "captured": "2025-10-31T01:25:09+00:00"
        },
        {
            "filename": "25681029-133136-DSC04956.jpg",
            "width": 6240,
            "height": 4160,
            "aspectRatio": "3/2",
            "captured": "2025-10-31T01:25:12+00:00"
        },
        {
            "filename": "25681029-133356-DSC04959.jpg",
            "width": 3527,
            "height": 5290,
            "aspectRatio": "2/3",
            "captured": "2025-10-31T01:25:14+00:00"
        },
        {
            "filename": "25681029-133438-DSC04961.jpg",
            "width": 4826,
            "height": 3217,
            "aspectRatio": "3/2",
            "captured": "2025-10-31T01:25:16+00:00"
        },
        {
            "filename": "25681029-133507-DSC04963.jpg",
            "width": 2539,
            "height": 3809,
            "aspectRatio": "2/3",
            "captured": "2025-10-31T01:25:17+00:00"
        },
        {
            "filename": "25681029-133657-DSC04967.jpg",
            "width": 2455,
            "height": 3682,
            "aspectRatio": "2/3",
            "captured": "2025-10-31T01:25:18+00:00"
        },
        {
            "filename": "25681029-133752-DSC04972.jpg",
            "width": 5976,
            "height": 3984,
            "aspectRatio": "3/2",
            "captured": "2025-10-31T01:25:20+00:00"
        },
        {
            "filename": "25681029-133806-DSC04975.jpg",
            "width": 1945,
            "height": 2918,
            "aspectRatio": "2/3",
            "captured": "2025-10-31T01:25:22+00:00"
        },
        {
            "filename": "25681029-133835-DSC04976.jpg",
            "width": 5984,
            "height": 3989,
            "aspectRatio": "3/2",
            "captured": "2025-10-31T01:25:23+00:00"
        },
        {
            "filename": "25681029-134027-DSC04978.jpg",
            "width": 4531,
            "height": 3021,
            "aspectRatio": "3/2",
            "captured": "2025-10-31T01:25:25+00:00"
        },
        {
            "filename": "25681029-134029-DSC04979.jpg",
            "width": 5986,
            "height": 3991,
            "aspectRatio": "3/2",
            "captured": "2025-10-31T01:25:27+00:00"
        },
        {
            "filename": "25681029-134036-DSC04980.jpg",
            "width": 4160,
            "height": 6240,
            "aspectRatio": "2/3",
            "captured": "2025-10-31T01:25:29+00:00"
        },
        {
            "filename": "25681029-134227-DSC04981.jpg",
            "width": 5893,
            "height": 3929,
            "aspectRatio": "3/2",
            "captured": "2025-10-31T01:25:31+00:00"
        },
        {
            "filename": "25681029-134325-DSC04983.jpg",
            "width": 5706,
            "height": 3804,
            "aspectRatio": "3/2",
            "captured": "2025-10-31T01:23:11+00:00"
        },
        {
            "filename": "25681029-134652-DSC04988.jpg",
            "width": 5130,
            "height": 3420,
            "aspectRatio": "3/2",
            "captured": "2025-10-31T01:23:14+00:00"
        },
        {
            "filename": "25681029-134823-DSC04989.jpg",
            "width": 6240,
            "height": 4160,
            "aspectRatio": "3/2",
            "captured": "2025-10-31T01:23:16+00:00"
        },
        {
            "filename": "25681029-134832-DSC04990.jpg",
            "width": 6240,
            "height": 4160,
            "aspectRatio": "3/2",
            "captured": "2025-10-31T01:23:19+00:00"
        },
        {
            "filename": "25681029-134839-DSC04991.jpg",
            "width": 6240,
            "height": 4160,
            "aspectRatio": "3/2",
            "captured": "2025-10-31T01:23:22+00:00"
        },
        {
            "filename": "25681029-134917-DSC04992.jpg",
            "width": 6240,
            "height": 4160,
            "aspectRatio": "3/2",
            "captured": "2025-10-31T01:23:25+00:00"
        },
        {
            "filename": "25681029-135004-DSC04994.jpg",
            "width": 5934,
            "height": 3956,
            "aspectRatio": "3/2",
            "captured": "2025-10-31T01:23:28+00:00"
        },
        {
            "filename": "25681029-135010-DSC04995.jpg",
            "width": 5973,
            "height": 3982,
            "aspectRatio": "3/2",
            "captured": "2025-10-31T01:23:31+00:00"
        },
        {
            "filename": "25681029-135014-DSC04997.jpg",
            "width": 5499,
            "height": 3666,
            "aspectRatio": "3/2",
            "captured": "2025-10-31T01:23:33+00:00"
        },
        {
            "filename": "25681029-135019-DSC04998.jpg",
            "width": 6227,
            "height": 4151,
            "aspectRatio": "3/2",
            "captured": "2025-10-31T01:23:37+00:00"
        },
        {
            "filename": "25681029-135213-DSC04999.jpg",
            "width": 6240,
            "height": 4160,
            "aspectRatio": "3/2",
            "captured": "2025-10-31T01:23:39+00:00"
        },
        {
            "filename": "25681029-135607-DSC05005.jpg",
            "width": 5642,
            "height": 3761,
            "aspectRatio": "3/2",
            "captured": "2025-10-31T01:23:42+00:00"
        },
        {
            "filename": "25681029-135647-DSC05006.jpg",
            "width": 5621,
            "height": 3747,
            "aspectRatio": "3/2",
            "captured": "2025-10-31T01:23:44+00:00"
        },
        {
            "filename": "25681029-140052-DSC05009.jpg",
            "width": 3808,
            "height": 5712,
            "aspectRatio": "2/3",
            "captured": "2025-10-31T01:23:47+00:00"
        },
        {
            "filename": "25681029-140226-DSC05010.jpg",
            "width": 6240,
            "height": 4160,
            "aspectRatio": "3/2",
            "captured": "2025-10-31T01:23:49+00:00"
        },
        {
            "filename": "25681029-140348-DSC05012.jpg",
            "width": 6240,
            "height": 4160,
            "aspectRatio": "3/2",
            "captured": "2025-10-31T01:23:52+00:00"
        },
        {
            "filename": "25681029-140459-DSC05015.jpg",
            "width": 6240,
            "height": 4160,
            "aspectRatio": "3/2",
            "captured": "2025-10-31T01:23:56+00:00"
        },
        {
            "filename": "25681029-140611-DSC05017.jpg",
            "width": 4641,
            "height": 3094,
            "aspectRatio": "3/2",
            "captured": "2025-10-31T01:23:58+00:00"
        },
        {
            "filename": "25681029-140636-DSC05019.jpg",
            "width": 2441,
            "height": 3662,
            "aspectRatio": "2/3",
            "captured": "2025-10-31T01:24:00+00:00"
        },
        {
            "filename": "25681029-140700-DSC05021.jpg",
            "width": 5550,
            "height": 3700,
            "aspectRatio": "3/2",
            "captured": "2025-10-31T01:24:02+00:00"
        },
        {
            "filename": "25681029-140712-DSC05022.jpg",
            "width": 6240,
            "height": 4160,
            "aspectRatio": "3/2",
            "captured": "2025-10-31T01:24:04+00:00"
        },
        {
            "filename": "25681029-141108-DSC05025.jpg",
            "width": 6240,
            "height": 4160,
            "aspectRatio": "3/2",
            "captured": "2025-10-31T01:24:08+00:00"
        },
        {
            "filename": "25681029-141111-DSC05028.jpg",
            "width": 5412,
            "height": 3608,
            "aspectRatio": "3/2",
            "captured": "2025-10-31T01:24:10+00:00"
        },
        {
            "filename": "25681029-141408-DSC05032.jpg",
            "width": 6240,
            "height": 4160,
            "aspectRatio": "3/2",
            "captured": "2025-10-31T01:24:13+00:00"
        },
        {
            "filename": "25681029-141439-DSC05034.jpg",
            "width": 4948,
            "height": 3299,
            "aspectRatio": "3/2",
            "captured": "2025-10-31T01:24:15+00:00"
        },
        {
            "filename": "25681029-141439-DSC05035.jpg",
            "width": 2715,
            "height": 4072,
            "aspectRatio": "2/3",
            "captured": "2025-10-31T01:24:16+00:00"
        },
        {
            "filename": "25681029-141556-DSC05041.jpg",
            "width": 6240,
            "height": 4160,
            "aspectRatio": "3/2",
            "captured": "2025-10-31T01:24:19+00:00"
        },
        {
            "filename": "25681029-141603-DSC05043.jpg",
            "width": 3753,
            "height": 5630,
            "aspectRatio": "2/3",
            "captured": "2025-10-31T01:24:22+00:00"
        },
        {
            "filename": "25681029-141608-DSC05045.jpg",
            "width": 3691,
            "height": 5537,
            "aspectRatio": "2/3",
            "captured": "2025-10-31T01:24:24+00:00"
        },
        {
            "filename": "25681029-141800-DSC05047.jpg",
            "width": 5668,
            "height": 3779,
            "aspectRatio": "3/2",
            "captured": "2025-10-31T01:24:27+00:00"
        },
        {
            "filename": "25681029-141837-DSC05048.jpg",
            "width": 6059,
            "height": 4039,
            "aspectRatio": "3/2",
            "captured": "2025-10-31T01:24:29+00:00"
        },
        {
            "filename": "25681029-141844-DSC05049.jpg",
            "width": 4934,
            "height": 3289,
            "aspectRatio": "3/2",
            "captured": "2025-10-31T01:24:31+00:00"
        },
        {
            "filename": "25681029-142102-DSC05052.jpg",
            "width": 4539,
            "height": 3026,
            "aspectRatio": "3/2",
            "captured": "2025-10-31T01:24:33+00:00"
        },
        {
            "filename": "25681029-142109-DSC05053.jpg",
            "width": 3105,
            "height": 2070,
            "aspectRatio": "3/2",
            "captured": "2025-10-31T01:24:33+00:00"
        },
        {
            "filename": "25681029-142248-DSC05059.jpg",
            "width": 5608,
            "height": 3739,
            "aspectRatio": "3/2",
            "captured": "2025-10-31T01:24:38+00:00"
        },
        {
            "filename": "25681029-142317-DSC05060.jpg",
            "width": 4626,
            "height": 3084,
            "aspectRatio": "3/2",
            "captured": "2025-10-31T01:24:40+00:00"
        },
        {
            "filename": "25681029-142320-DSC05062.jpg",
            "width": 4626,
            "height": 3084,
            "aspectRatio": "3/2",
            "captured": "2025-10-31T01:24:41+00:00"
        },
        {
            "filename": "25681029-142351-DSC05064.jpg",
            "width": 4626,
            "height": 3084,
            "aspectRatio": "3/2",
            "captured": "2025-10-31T01:24:43+00:00"
        },
        {
            "filename": "25681029-142353-DSC05065.jpg",
            "width": 4626,
            "height": 3084,
            "aspectRatio": "3/2",
            "captured": "2025-10-31T01:24:45+00:00"
        },
        {
            "filename": "25681029-142357-DSC05066.jpg",
            "width": 4626,
            "height": 3084,
            "aspectRatio": "3/2",
            "captured": "2025-10-31T01:24:47+00:00"
        },
        {
            "filename": "25681029-142511-DSC05074.jpg",
            "width": 5367,
            "height": 3578,
            "aspectRatio": "3/2",
            "captured": "2025-10-31T01:24:49+00:00"
        },
        {
            "filename": "25681029-142532-DSC05080.jpg",
            "width": 5706,
            "height": 3804,
            "aspectRatio": "3/2",
            "captured": "2025-10-31T01:24:52+00:00"
        },
        {
            "filename": "25681029-142534-DSC05081.jpg",
            "width": 5213,
            "height": 3475,
            "aspectRatio": "3/2",
            "captured": "2025-10-31T01:24:54+00:00"
        },
        {
            "filename": "25681029-142643-DSC05084.jpg",
            "width": 5860,
            "height": 3907,
            "aspectRatio": "3/2",
            "captured": "2025-10-31T01:24:56+00:00"
        },
        {
            "filename": "25681029-142714-DSC05086.jpg",
            "width": 1583,
            "height": 2374,
            "aspectRatio": "2/3",
            "captured": "2025-10-31T01:24:58+00:00"
        },
        {
            "filename": "25681029-142806-DSC05088.jpg",
            "width": 6176,
            "height": 4117,
            "aspectRatio": "3/2",
            "captured": "2025-10-31T01:25:00+00:00"
        },
        {
            "filename": "25681029-142954-DSC05093.jpg",
            "width": 5980,
            "height": 3987,
            "aspectRatio": "3/2",
            "captured": "2025-10-31T01:25:03+00:00"
        },
        {
            "filename": "25681029-143025-DSC05097.jpg",
            "width": 6240,
            "height": 4160,
            "aspectRatio": "3/2",
            "captured": "2025-10-31T01:25:05+00:00"
        },
        {
            "filename": "25681029-143040-DSC05098.jpg",
            "width": 6240,
            "height": 4160,
            "aspectRatio": "3/2",
            "captured": "2025-10-31T01:25:08+00:00"
        },
        {
            "filename": "25681029-143042-DSC05099.jpg",
            "width": 6240,
            "height": 4160,
            "aspectRatio": "3/2",
            "captured": "2025-10-31T01:25:10+00:00"
        },
        {
            "filename": "25681029-143111-DSC05102.jpg",
            "width": 5061,
            "height": 3374,
            "aspectRatio": "3/2",
            "captured": "2025-10-31T01:25:12+00:00"
        },
        {
            "filename": "25681029-143115-DSC05104.jpg",
            "width": 5061,
            "height": 3374,
            "aspectRatio": "3/2",
            "captured": "2025-10-31T01:25:15+00:00"
        },
        {
            "filename": "25681029-143241-DSC05106.jpg",
            "width": 4933,
            "height": 3289,
            "aspectRatio": "3/2",
            "captured": "2025-10-31T01:25:16+00:00"
        },
        {
            "filename": "25681029-143324-DSC05108.jpg",
            "width": 6240,
            "height": 4160,
            "aspectRatio": "3/2",
            "captured": "2025-10-31T01:25:19+00:00"
        },
        {
            "filename": "25681029-143342-DSC05110.jpg",
            "width": 5090,
            "height": 3393,
            "aspectRatio": "3/2",
            "captured": "2025-10-31T01:25:21+00:00"
        },
        {
            "filename": "25681029-143350-DSC05112.jpg",
            "width": 5445,
            "height": 3630,
            "aspectRatio": "3/2",
            "captured": "2025-10-31T01:25:22+00:00"
        },
        {
            "filename": "25681029-143512-DSC05117.jpg",
            "width": 5573,
            "height": 3715,
            "aspectRatio": "3/2",
            "captured": "2025-10-31T01:25:24+00:00"
        },
        {
            "filename": "25681029-143706-DSC05123.jpg",
            "width": 5520,
            "height": 3680,
            "aspectRatio": "3/2",
            "captured": "2025-10-31T01:25:26+00:00"
        },
        {
            "filename": "25681029-143711-DSC05125.jpg",
            "width": 5334,
            "height": 3556,
            "aspectRatio": "3/2",
            "captured": "2025-10-31T01:25:28+00:00"
        },
        {
            "filename": "25681029-143726-DSC05128.jpg",
            "width": 6240,
            "height": 4160,
            "aspectRatio": "3/2",
            "captured": "2025-10-31T01:25:31+00:00"
        },
        {
            "filename": "25681029-143737-DSC05132.jpg",
            "width": 4433,
            "height": 2955,
            "aspectRatio": "3/2",
            "captured": "2025-10-31T01:25:32+00:00"
        },
        {
            "filename": "25681029-144034-DSC05135.jpg",
            "width": 6240,
            "height": 4160,
            "aspectRatio": "3/2",
            "captured": "2025-10-31T01:25:35+00:00"
        },
        {
            "filename": "25681029-144103-DSC05139.jpg",
            "width": 5706,
            "height": 3804,
            "aspectRatio": "3/2",
            "captured": "2025-10-31T01:25:37+00:00"
        },
        {
            "filename": "25681029-144157-DSC05150.jpg",
            "width": 4803,
            "height": 3202,
            "aspectRatio": "3/2",
            "captured": "2025-10-31T01:23:16+00:00"
        },
        {
            "filename": "25681029-144201-DSC05152.jpg",
            "width": 5903,
            "height": 3935,
            "aspectRatio": "3/2",
            "captured": "2025-10-31T01:23:18+00:00"
        },
        {
            "filename": "25681029-144256-DSC05155.jpg",
            "width": 5254,
            "height": 3503,
            "aspectRatio": "3/2",
            "captured": "2025-10-31T01:23:21+00:00"
        },
        {
            "filename": "25681029-144651-DSC05168.jpg",
            "width": 4360,
            "height": 2907,
            "aspectRatio": "3/2",
            "captured": "2025-10-31T01:23:22+00:00"
        },
        {
            "filename": "25681029-144759-DSC05174.jpg",
            "width": 6240,
            "height": 4160,
            "aspectRatio": "3/2",
            "captured": "2025-10-31T01:23:25+00:00"
        },
        {
            "filename": "25681029-145332-DSC05176.jpg",
            "width": 6240,
            "height": 4160,
            "aspectRatio": "3/2",
            "captured": "2025-10-31T01:23:28+00:00"
        },
        {
            "filename": "25681029-150442-DSC05183.jpg",
            "width": 6240,
            "height": 4160,
            "aspectRatio": "3/2",
            "captured": "2025-10-31T01:23:31+00:00"
        },
        {
            "filename": "25681029-160635-DSC05187.jpg",
            "width": 6086,
            "height": 4057,
            "aspectRatio": "3/2",
            "captured": "2025-10-31T01:23:33+00:00"
        },
        {
            "filename": "25681029-160637-DSC05190.jpg",
            "width": 6116,
            "height": 4077,
            "aspectRatio": "3/2",
            "captured": "2025-10-31T01:23:36+00:00"
        },
        {
            "filename": "25681029-160648-DSC05191.jpg",
            "width": 4061,
            "height": 6092,
            "aspectRatio": "2/3",
            "captured": "2025-10-31T01:23:38+00:00"
        }
    ]
}