{
    "id": "a2850cc6",
    "store": "public",
    "subdir": "",
    "folder": "กิจกรรมจิตอาสา – ครบรอบ 100 ปี สมเด็จเจ้าฟ้าเพชรรัตนราชสุดาฯ",
    "title": "กิจกรรมจิตอาสา – ครบรอบ 100 ปี สมเด็จเจ้าฟ้าเพชรรัตนราชสุดาฯ",
    "images": [
        {
            "filename": "25681121-090715-IMG_2522.JPG",
            "width": 5199,
            "height": 3466,
            "aspectRatio": "3/2",
            "captured": "2025-11-21T06:06:25+00:00"
        },
        {
            "filename": "25681121-091030-IMG_2525.JPG",
            "width": 5009,
            "height": 2818,
            "aspectRatio": "16/9",
            "captured": "2025-11-21T06:06:26+00:00"
        },
        {
            "filename": "25681121-091218-IMG_2530.JPG",
            "width": 5472,
            "height": 3648,
            "aspectRatio": "3/2",
            "captured": "2025-11-21T06:06:28+00:00"
        },
        {
            "filename": "25681121-091324-IMG_2532.JPG",
            "width": 2853,
            "height": 4279,
            "aspectRatio": "2/3",
            "captured": "2025-11-21T06:06:30+00:00"
        },
        {
            "filename": "25681121-091339-IMG_2533.JPG",
            "width": 3175,
            "height": 4762,
            "aspectRatio": "2/3",
            "captured": "2025-11-21T06:06:33+00:00"
        },
        {
            "filename": "25681121-091409-IMG_2538.JPG",
            "width": 3127,
            "height": 4690,
            "aspectRatio": "2/3",
            "captured": "2025-11-21T06:06:35+00:00"
        },
        {
            "filename": "25681121-091453-IMG_2548.JPG",
            "width": 5472,
            "height": 3648,
            "aspectRatio": "3/2",
            "captured": "2025-11-21T06:06:37+00:00"
        },
        {
            "filename": "25681121-091625-IMG_2554.JPG",
            "width": 5472,
            "height": 3648,
            "aspectRatio": "3/2",
            "captured": "2025-11-21T06:06:40+00:00"
        },
        {
            "filename": "25681121-091819-IMG_2558.JPG",
            "width": 5184,
            "height": 3456,
            "aspectRatio": "3/2",
            "captured": "2025-11-21T06:06:42+00:00"
        },
        {
            "filename": "25681121-092028-IMG_2559.JPG",
            "width": 4442,
            "height": 2961,
            "aspectRatio": "3/2",
            "captured": "2025-11-21T06:06:44+00:00"
        },
        {
            "filename": "25681121-092032-IMG_2561.JPG",
            "width": 5472,
            "height": 3648,
            "aspectRatio": "3/2",
            "captured": "2025-11-21T06:06:47+00:00"
        },
        {
            "filename": "25681121-092120-IMG_2562.JPG",
            "width": 5472,
            "height": 3648,
            "aspectRatio": "3/2",
            "captured": "2025-11-21T06:06:50+00:00"
        },
        {
            "filename": "25681121-092123-IMG_2563.JPG",
            "width": 5014,
            "height": 3343,
            "aspectRatio": "3/2",
            "captured": "2025-11-21T06:06:52+00:00"
        },
        {
            "filename": "25681121-092204-IMG_2566.JPG",
            "width": 3648,
            "height": 5472,
            "aspectRatio": "2/3",
            "captured": "2025-11-21T06:06:55+00:00"
        },
        {
            "filename": "25681121-092247-IMG_2575.JPG",
            "width": 5472,
            "height": 3648,
            "aspectRatio": "3/2",
            "captured": "2025-11-21T06:06:58+00:00"
        },
        {
            "filename": "25681121-092528-IMG_2587.JPG",
            "width": 5017,
            "height": 2822,
            "aspectRatio": "16/9",
            "captured": "2025-11-21T06:06:59+00:00"
        },
        {
            "filename": "25681121-092528-IMG_2589.JPG",
            "width": 5017,
            "height": 2822,
            "aspectRatio": "16/9",
            "captured": "2025-11-21T06:07:01+00:00"
        },
        {
            "filename": "25681121-092531-IMG_2591.JPG",
            "width": 5017,
            "height": 2822,
            "aspectRatio": "16/9",
            "captured": "2025-11-21T06:07:03+00:00"
        },
        {
            "filename": "25681121-092534-IMG_2593.JPG",
            "width": 5017,
            "height": 2822,
            "aspectRatio": "16/9",
            "captured": "2025-11-21T06:07:05+00:00"
        },
        {
            "filename": "25681121-092656-IMG_2600.JPG",
            "width": 3280,
            "height": 4920,
            "aspectRatio": "2/3",
            "captured": "2025-11-21T06:07:09+00:00"
        },
        {
            "filename": "25681121-092709-IMG_2601.JPG",
            "width": 3648,
            "height": 5472,
            "aspectRatio": "2/3",
            "captured": "2025-11-21T06:07:13+00:00"
        },
        {
            "filename": "25681121-092716-IMG_2602.JPG",
            "width": 3648,
            "height": 5472,
            "aspectRatio": "2/3",
            "captured": "2025-11-21T06:07:16+00:00"
        },
        {
            "filename": "25681121-092734-IMG_2603.JPG",
            "width": 3469,
            "height": 5203,
            "aspectRatio": "2/3",
            "captured": "2025-11-21T06:07:20+00:00"
        },
        {
            "filename": "25681121-092738-IMG_2604.JPG",
            "width": 3648,
            "height": 5472,
            "aspectRatio": "2/3",
            "captured": "2025-11-21T06:07:22+00:00"
        },
        {
            "filename": "25681121-092758-IMG_2606.JPG",
            "width": 5472,
            "height": 3648,
            "aspectRatio": "3/2",
            "captured": "2025-11-21T06:07:26+00:00"
        },
        {
            "filename": "25681121-092800-IMG_2607.JPG",
            "width": 5472,
            "height": 3648,
            "aspectRatio": "3/2",
            "captured": "2025-11-21T06:07:28+00:00"
        },
        {
            "filename": "25681121-092810-IMG_2608.JPG",
            "width": 5472,
            "height": 3648,
            "aspectRatio": "3/2",
            "captured": "2025-11-21T06:07:32+00:00"
        },
        {
            "filename": "25681121-092823-IMG_2612.JPG",
            "width": 4944,
            "height": 3296,
            "aspectRatio": "3/2",
            "captured": "2025-11-21T06:07:36+00:00"
        },
        {
            "filename": "25681121-092823-IMG_2613.JPG",
            "width": 4826,
            "height": 3217,
            "aspectRatio": "3/2",
            "captured": "2025-11-21T06:07:39+00:00"
        },
        {
            "filename": "25681121-092855-IMG_2615.JPG",
            "width": 2727,
            "height": 4090,
            "aspectRatio": "2/3",
            "captured": "2025-11-21T06:07:43+00:00"
        },
        {
            "filename": "25681121-092956-IMG_2617.JPG",
            "width": 3210,
            "height": 4815,
            "aspectRatio": "2/3",
            "captured": "2025-11-21T06:07:46+00:00"
        },
        {
            "filename": "25681121-093041-IMG_2619.JPG",
            "width": 3447,
            "height": 5170,
            "aspectRatio": "2/3",
            "captured": "2025-11-21T06:07:49+00:00"
        },
        {
            "filename": "25681121-093103-IMG_2622.JPG",
            "width": 3406,
            "height": 5109,
            "aspectRatio": "2/3",
            "captured": "2025-11-21T06:07:53+00:00"
        },
        {
            "filename": "25681121-093202-IMG_2624.JPG",
            "width": 4536,
            "height": 3024,
            "aspectRatio": "3/2",
            "captured": "2025-11-21T06:07:53+00:00"
        },
        {
            "filename": "25681121-093203-IMG_2626.JPG",
            "width": 5138,
            "height": 3425,
            "aspectRatio": "3/2",
            "captured": "2025-11-21T06:07:57+00:00"
        },
        {
            "filename": "25681121-093204-IMG_2627.JPG",
            "width": 5077,
            "height": 3385,
            "aspectRatio": "3/2",
            "captured": "2025-11-21T06:08:00+00:00"
        },
        {
            "filename": "25681121-093237-IMG_2629.JPG",
            "width": 3792,
            "height": 2528,
            "aspectRatio": "3/2",
            "captured": "2025-11-21T06:08:02+00:00"
        },
        {
            "filename": "25681121-093303-IMG_2633.JPG",
            "width": 3648,
            "height": 5472,
            "aspectRatio": "2/3",
            "captured": "2025-11-21T06:08:05+00:00"
        },
        {
            "filename": "25681121-093305-IMG_2634.JPG",
            "width": 3648,
            "height": 5472,
            "aspectRatio": "2/3",
            "captured": "2025-11-21T06:08:09+00:00"
        },
        {
            "filename": "25681121-093325-IMG_2639.JPG",
            "width": 4891,
            "height": 3261,
            "aspectRatio": "3/2",
            "captured": "2025-11-21T06:08:11+00:00"
        },
        {
            "filename": "25681121-093328-IMG_2641.JPG",
            "width": 1929,
            "height": 2893,
            "aspectRatio": "2/3",
            "captured": "2025-11-21T06:08:13+00:00"
        },
        {
            "filename": "25681121-093345-IMG_2642.JPG",
            "width": 4579,
            "height": 3053,
            "aspectRatio": "3/2",
            "captured": "2025-11-21T06:08:16+00:00"
        },
        {
            "filename": "25681121-093402-IMG_2645.JPG",
            "width": 4836,
            "height": 3224,
            "aspectRatio": "3/2",
            "captured": "2025-11-21T06:08:18+00:00"
        },
        {
            "filename": "25681121-093403-IMG_2648.JPG",
            "width": 4836,
            "height": 3224,
            "aspectRatio": "3/2",
            "captured": "2025-11-21T06:08:21+00:00"
        },
        {
            "filename": "25681121-093434-IMG_2652.JPG",
            "width": 2797,
            "height": 4196,
            "aspectRatio": "2/3",
            "captured": "2025-11-21T06:08:24+00:00"
        },
        {
            "filename": "25681121-093453-IMG_2654.JPG",
            "width": 4836,
            "height": 3224,
            "aspectRatio": "3/2",
            "captured": "2025-11-21T06:08:26+00:00"
        },
        {
            "filename": "25681121-093454-IMG_2655.JPG",
            "width": 4836,
            "height": 3224,
            "aspectRatio": "3/2",
            "captured": "2025-11-21T06:08:29+00:00"
        },
        {
            "filename": "25681121-093630-IMG_2657.JPG",
            "width": 5186,
            "height": 3457,
            "aspectRatio": "3/2",
            "captured": "2025-11-21T06:08:33+00:00"
        },
        {
            "filename": "25681121-093632-IMG_2659.JPG",
            "width": 5472,
            "height": 3648,
            "aspectRatio": "3/2",
            "captured": "2025-11-21T06:08:35+00:00"
        },
        {
            "filename": "25681121-093637-IMG_2662.JPG",
            "width": 5472,
            "height": 3648,
            "aspectRatio": "3/2",
            "captured": "2025-11-21T06:08:38+00:00"
        },
        {
            "filename": "25681121-093638-IMG_2663.JPG",
            "width": 5472,
            "height": 3648,
            "aspectRatio": "3/2",
            "captured": "2025-11-21T06:08:39+00:00"
        },
        {
            "filename": "25681121-093703-IMG_2666.JPG",
            "width": 3119,
            "height": 4678,
            "aspectRatio": "2/3",
            "captured": "2025-11-21T06:08:41+00:00"
        },
        {
            "filename": "25681121-093718-IMG_2667.JPG",
            "width": 4664,
            "height": 3109,
            "aspectRatio": "3/2",
            "captured": "2025-11-21T06:08:42+00:00"
        },
        {
            "filename": "25681121-093723-IMG_2669.JPG",
            "width": 4136,
            "height": 2757,
            "aspectRatio": "3/2",
            "captured": "2025-11-21T06:08:43+00:00"
        },
        {
            "filename": "25681121-093830-IMG_2670.JPG",
            "width": 5411,
            "height": 3607,
            "aspectRatio": "3/2",
            "captured": "2025-11-21T06:08:45+00:00"
        },
        {
            "filename": "25681121-093910-IMG_2671.JPG",
            "width": 5472,
            "height": 3648,
            "aspectRatio": "3/2",
            "captured": "2025-11-21T06:08:47+00:00"
        },
        {
            "filename": "25681121-093915-IMG_2673.JPG",
            "width": 5472,
            "height": 3648,
            "aspectRatio": "3/2",
            "captured": "2025-11-21T06:08:48+00:00"
        },
        {
            "filename": "25681121-093944-IMG_2674.JPG",
            "width": 4841,
            "height": 3227,
            "aspectRatio": "3/2",
            "captured": "2025-11-21T06:08:50+00:00"
        },
        {
            "filename": "25681121-094131-IMG_2678.JPG",
            "width": 3283,
            "height": 4924,
            "aspectRatio": "2/3",
            "captured": "2025-11-21T06:08:51+00:00"
        },
        {
            "filename": "25681121-094243-IMG_2681.JPG",
            "width": 4569,
            "height": 3046,
            "aspectRatio": "3/2",
            "captured": "2025-11-21T06:08:52+00:00"
        },
        {
            "filename": "25681121-094257-IMG_2684.JPG",
            "width": 5472,
            "height": 3648,
            "aspectRatio": "3/2",
            "captured": "2025-11-21T06:08:54+00:00"
        },
        {
            "filename": "25681121-094805-IMG_2685.JPG",
            "width": 3140,
            "height": 4710,
            "aspectRatio": "2/3",
            "captured": "2025-11-21T06:08:53+00:00"
        },
        {
            "filename": "25681121-095331-IMG_2693.JPG",
            "width": 4347,
            "height": 2898,
            "aspectRatio": "3/2",
            "captured": "2025-11-21T06:08:56+00:00"
        },
        {
            "filename": "25681121-095333-IMG_2694.JPG",
            "width": 5472,
            "height": 3648,
            "aspectRatio": "3/2",
            "captured": "2025-11-21T06:08:57+00:00"
        },
        {
            "filename": "25681121-095354-IMG_2697.JPG",
            "width": 3299,
            "height": 4949,
            "aspectRatio": "2/3",
            "captured": "2025-11-21T06:08:58+00:00"
        },
        {
            "filename": "25681121-095406-IMG_2700.JPG",
            "width": 4947,
            "height": 3298,
            "aspectRatio": "3/2",
            "captured": "2025-11-21T06:09:00+00:00"
        },
        {
            "filename": "25681121-095439-IMG_2702.JPG",
            "width": 2655,
            "height": 3982,
            "aspectRatio": "2/3",
            "captured": "2025-11-21T06:09:01+00:00"
        },
        {
            "filename": "25681121-095515-IMG_2703.JPG",
            "width": 5175,
            "height": 3450,
            "aspectRatio": "3/2",
            "captured": "2025-11-21T06:09:03+00:00"
        },
        {
            "filename": "25681121-095705-IMG_2704.JPG",
            "width": 3403,
            "height": 5104,
            "aspectRatio": "2/3",
            "captured": "2025-11-21T06:09:04+00:00"
        },
        {
            "filename": "25681121-095712-IMG_2705.JPG",
            "width": 2413,
            "height": 3620,
            "aspectRatio": "2/3",
            "captured": "2025-11-21T06:09:05+00:00"
        },
        {
            "filename": "25681121-095716-IMG_2707.JPG",
            "width": 2432,
            "height": 3648,
            "aspectRatio": "2/3",
            "captured": "2025-11-21T06:09:06+00:00"
        },
        {
            "filename": "25681121-095717-IMG_2708.JPG",
            "width": 5472,
            "height": 3648,
            "aspectRatio": "3/2",
            "captured": "2025-11-21T06:09:08+00:00"
        },
        {
            "filename": "25681121-095724-IMG_2710.JPG",
            "width": 4393,
            "height": 2929,
            "aspectRatio": "3/2",
            "captured": "2025-11-21T06:09:08+00:00"
        },
        {
            "filename": "25681121-100047-IMG_2711.JPG",
            "width": 3373,
            "height": 5060,
            "aspectRatio": "2/3",
            "captured": "2025-11-21T06:09:10+00:00"
        },
        {
            "filename": "25681121-100157-IMG_2712.JPG",
            "width": 5360,
            "height": 3573,
            "aspectRatio": "3/2",
            "captured": "2025-11-21T06:09:12+00:00"
        },
        {
            "filename": "25681121-100655-IMG_2717.JPG",
            "width": 4918,
            "height": 3279,
            "aspectRatio": "3/2",
            "captured": "2025-11-21T06:09:13+00:00"
        },
        {
            "filename": "25681121-100748-IMG_2720.JPG",
            "width": 5098,
            "height": 3399,
            "aspectRatio": "3/2",
            "captured": "2025-11-21T06:09:14+00:00"
        },
        {
            "filename": "25681121-100759-IMG_2721.JPG",
            "width": 3648,
            "height": 5472,
            "aspectRatio": "2/3",
            "captured": "2025-11-21T06:09:15+00:00"
        }
    ]
}