{
    "id": "a584f1aa",
    "store": "public",
    "subdir": "",
    "folder": "บรรยากาศซ้อมรับพระราชทานปริญญาบัตร 2568 (ซ้อมย่อย)",
    "title": "บรรยากาศซ้อมรับพระราชทานปริญญาบัตร 2568 (ซ้อมย่อย)",
    "images": [
        {
            "filename": "cover.jpg",
            "width": 5382,
            "height": 3588,
            "aspectRatio": "3/2",
            "captured": "2025-10-31T01:20:46+00:00"
        },
        {
            "filename": "25681024-055534-CAM17278.jpg",
            "width": 3840,
            "height": 3840,
            "aspectRatio": "1/1",
            "captured": "2025-10-31T01:20:18+00:00"
        },
        {
            "filename": "25681024-055758-CAM17279.jpg",
            "width": 5706,
            "height": 3804,
            "aspectRatio": "3/2",
            "captured": "2025-10-31T01:20:21+00:00"
        },
        {
            "filename": "25681024-055832-CAM17280.jpg",
            "width": 4292,
            "height": 2861,
            "aspectRatio": "3/2",
            "captured": "2025-10-31T01:20:23+00:00"
        },
        {
            "filename": "25681024-060020-CAM17282.jpg",
            "width": 4753,
            "height": 2674,
            "aspectRatio": "16/9",
            "captured": "2025-10-31T01:20:25+00:00"
        },
        {
            "filename": "25681024-060037-CAM17283.jpg",
            "width": 4755,
            "height": 2675,
            "aspectRatio": "16/9",
            "captured": "2025-10-31T01:20:28+00:00"
        },
        {
            "filename": "25681024-060052-CAM17284.jpg",
            "width": 4205,
            "height": 2803,
            "aspectRatio": "3/2",
            "captured": "2025-10-31T01:20:30+00:00"
        },
        {
            "filename": "25681024-062416-CAM17285.jpg",
            "width": 5672,
            "height": 3781,
            "aspectRatio": "3/2",
            "captured": "2025-10-31T01:20:32+00:00"
        },
        {
            "filename": "25681024-062450-CAM20341.jpg",
            "width": 5333,
            "height": 3555,
            "aspectRatio": "3/2",
            "captured": "2025-10-31T01:20:34+00:00"
        },
        {
            "filename": "25681024-062522-CAM20342.jpg",
            "width": 5714,
            "height": 3809,
            "aspectRatio": "3/2",
            "captured": "2025-10-31T01:20:37+00:00"
        },
        {
            "filename": "25681024-062643-CAM20344.jpg",
            "width": 3313,
            "height": 4969,
            "aspectRatio": "2/3",
            "captured": "2025-10-31T01:20:39+00:00"
        },
        {
            "filename": "25681024-062705-CAM17286.jpg",
            "width": 5559,
            "height": 3706,
            "aspectRatio": "3/2",
            "captured": "2025-10-31T01:20:41+00:00"
        },
        {
            "filename": "25681024-062742-CAM17287.jpg",
            "width": 5501,
            "height": 3667,
            "aspectRatio": "3/2",
            "captured": "2025-10-31T01:20:43+00:00"
        },
        {
            "filename": "25681024-062942-CAM17288.jpg",
            "width": 5198,
            "height": 2924,
            "aspectRatio": "16/9",
            "captured": "2025-10-31T01:20:48+00:00"
        },
        {
            "filename": "25681024-063131-CAM20347.jpg",
            "width": 3732,
            "height": 5598,
            "aspectRatio": "2/3",
            "captured": "2025-10-31T01:20:50+00:00"
        },
        {
            "filename": "25681024-063149-CAM20348.jpg",
            "width": 5440,
            "height": 3627,
            "aspectRatio": "3/2",
            "captured": "2025-10-31T01:20:53+00:00"
        },
        {
            "filename": "25681024-063405-CAM20349.jpg",
            "width": 3658,
            "height": 5487,
            "aspectRatio": "2/3",
            "captured": "2025-10-31T01:20:56+00:00"
        },
        {
            "filename": "25681024-063417-CAM20350.jpg",
            "width": 3840,
            "height": 5760,
            "aspectRatio": "2/3",
            "captured": "2025-10-31T01:20:58+00:00"
        },
        {
            "filename": "25681024-063418-CAM20351.jpg",
            "width": 3840,
            "height": 5760,
            "aspectRatio": "2/3",
            "captured": "2025-10-31T01:21:01+00:00"
        },
        {
            "filename": "25681024-063420-CAM20352.jpg",
            "width": 3840,
            "height": 5760,
            "aspectRatio": "2/3",
            "captured": "2025-10-31T01:21:04+00:00"
        },
        {
            "filename": "25681024-063420-CAM20353.jpg",
            "width": 3840,
            "height": 5760,
            "aspectRatio": "2/3",
            "captured": "2025-10-31T01:21:07+00:00"
        },
        {
            "filename": "25681024-063545-CAM20355.jpg",
            "width": 5760,
            "height": 3840,
            "aspectRatio": "3/2",
            "captured": "2025-10-31T01:21:10+00:00"
        },
        {
            "filename": "25681024-063717-CAM20358.jpg",
            "width": 2233,
            "height": 3350,
            "aspectRatio": "2/3",
            "captured": "2025-10-31T01:21:12+00:00"
        },
        {
            "filename": "25681024-063729-CAM20359.jpg",
            "width": 3200,
            "height": 4800,
            "aspectRatio": "2/3",
            "captured": "2025-10-31T01:21:14+00:00"
        },
        {
            "filename": "25681024-063825-CAM20360.jpg",
            "width": 3469,
            "height": 5204,
            "aspectRatio": "2/3",
            "captured": "2025-10-31T01:21:16+00:00"
        },
        {
            "filename": "25681024-064050-CAM20361.jpg",
            "width": 5760,
            "height": 3840,
            "aspectRatio": "3/2",
            "captured": "2025-10-31T01:21:18+00:00"
        },
        {
            "filename": "25681024-064141-CAM20363.jpg",
            "width": 3325,
            "height": 4988,
            "aspectRatio": "2/3",
            "captured": "2025-10-31T01:21:21+00:00"
        },
        {
            "filename": "25681024-070523-CAM20367.jpg",
            "width": 5760,
            "height": 3840,
            "aspectRatio": "3/2",
            "captured": "2025-10-31T01:21:24+00:00"
        },
        {
            "filename": "25681024-070627-CAM20368.jpg",
            "width": 5159,
            "height": 3439,
            "aspectRatio": "3/2",
            "captured": "2025-10-31T01:21:26+00:00"
        },
        {
            "filename": "25681024-070650-CAM20369.jpg",
            "width": 2777,
            "height": 4165,
            "aspectRatio": "2/3",
            "captured": "2025-10-31T01:21:28+00:00"
        },
        {
            "filename": "25681024-070721-CAM20371.jpg",
            "width": 4517,
            "height": 3011,
            "aspectRatio": "3/2",
            "captured": "2025-10-31T01:21:30+00:00"
        },
        {
            "filename": "25681024-071019-CAM20375.jpg",
            "width": 4559,
            "height": 3039,
            "aspectRatio": "3/2",
            "captured": "2025-10-31T01:21:31+00:00"
        },
        {
            "filename": "25681024-071054-CAM20377.jpg",
            "width": 5627,
            "height": 3751,
            "aspectRatio": "3/2",
            "captured": "2025-10-31T01:21:33+00:00"
        },
        {
            "filename": "25681024-071122-CAM20378.jpg",
            "width": 4996,
            "height": 3331,
            "aspectRatio": "3/2",
            "captured": "2025-10-31T01:21:35+00:00"
        },
        {
            "filename": "25681024-071234-CAM20379.jpg",
            "width": 5760,
            "height": 3840,
            "aspectRatio": "3/2",
            "captured": "2025-10-31T01:21:38+00:00"
        },
        {
            "filename": "25681024-072320-CAM20380.jpg",
            "width": 5760,
            "height": 3840,
            "aspectRatio": "3/2",
            "captured": "2025-10-31T01:21:40+00:00"
        },
        {
            "filename": "25681024-072327-CAM20381.jpg",
            "width": 5760,
            "height": 3840,
            "aspectRatio": "3/2",
            "captured": "2025-10-31T01:21:44+00:00"
        },
        {
            "filename": "25681024-072358-CAM20383.jpg",
            "width": 5760,
            "height": 3840,
            "aspectRatio": "3/2",
            "captured": "2025-10-31T01:21:47+00:00"
        },
        {
            "filename": "25681024-072422-CAM20384.jpg",
            "width": 5142,
            "height": 3428,
            "aspectRatio": "3/2",
            "captured": "2025-10-31T01:20:10+00:00"
        },
        {
            "filename": "25681024-072612-CAM20387.jpg",
            "width": 5760,
            "height": 3840,
            "aspectRatio": "3/2",
            "captured": "2025-10-31T01:20:14+00:00"
        },
        {
            "filename": "25681024-072646-CAM20388.jpg",
            "width": 5760,
            "height": 3840,
            "aspectRatio": "3/2",
            "captured": "2025-10-31T01:20:17+00:00"
        },
        {
            "filename": "25681024-073239-CAM20389.jpg",
            "width": 5054,
            "height": 3369,
            "aspectRatio": "3/2",
            "captured": "2025-10-31T01:20:19+00:00"
        },
        {
            "filename": "25681024-073259-CAM20390.jpg",
            "width": 3840,
            "height": 5760,
            "aspectRatio": "2/3",
            "captured": "2025-10-31T01:20:22+00:00"
        },
        {
            "filename": "25681024-073345-CAM20392.jpg",
            "width": 5760,
            "height": 3840,
            "aspectRatio": "3/2",
            "captured": "2025-10-31T01:20:25+00:00"
        },
        {
            "filename": "25681024-073407-CAM20393.jpg",
            "width": 5760,
            "height": 3840,
            "aspectRatio": "3/2",
            "captured": "2025-10-31T01:20:27+00:00"
        },
        {
            "filename": "25681024-073408-CAM20394.jpg",
            "width": 5140,
            "height": 3427,
            "aspectRatio": "3/2",
            "captured": "2025-10-31T01:20:29+00:00"
        },
        {
            "filename": "25681024-073714-CAM20395.jpg",
            "width": 3667,
            "height": 5501,
            "aspectRatio": "2/3",
            "captured": "2025-10-31T01:20:32+00:00"
        },
        {
            "filename": "25681024-073810-CAM20396.jpg",
            "width": 3840,
            "height": 5760,
            "aspectRatio": "2/3",
            "captured": "2025-10-31T01:20:35+00:00"
        },
        {
            "filename": "25681024-073938-CAM20397.jpg",
            "width": 5760,
            "height": 3840,
            "aspectRatio": "3/2",
            "captured": "2025-10-31T01:20:37+00:00"
        },
        {
            "filename": "25681024-073943-CAM20398.jpg",
            "width": 5760,
            "height": 3840,
            "aspectRatio": "3/2",
            "captured": "2025-10-31T01:20:40+00:00"
        },
        {
            "filename": "25681024-074010-CAM20399.jpg",
            "width": 5760,
            "height": 3840,
            "aspectRatio": "3/2",
            "captured": "2025-10-31T01:20:42+00:00"
        },
        {
            "filename": "25681024-074631-CAM17293.jpg",
            "width": 5760,
            "height": 3840,
            "aspectRatio": "3/2",
            "captured": "2025-10-31T01:20:45+00:00"
        },
        {
            "filename": "25681024-074728-CAM17295.jpg",
            "width": 5760,
            "height": 3840,
            "aspectRatio": "3/2",
            "captured": "2025-10-31T01:20:47+00:00"
        },
        {
            "filename": "25681024-074828-CAM20409.jpg",
            "width": 5326,
            "height": 3551,
            "aspectRatio": "3/2",
            "captured": "2025-10-31T01:20:50+00:00"
        },
        {
            "filename": "25681024-074835-CAM20410.jpg",
            "width": 5760,
            "height": 3840,
            "aspectRatio": "3/2",
            "captured": "2025-10-31T01:20:53+00:00"
        },
        {
            "filename": "25681024-074835-CAM20411.jpg",
            "width": 5760,
            "height": 3840,
            "aspectRatio": "3/2",
            "captured": "2025-10-31T01:20:56+00:00"
        },
        {
            "filename": "25681024-074952-CAM20412.jpg",
            "width": 3679,
            "height": 5518,
            "aspectRatio": "2/3",
            "captured": "2025-10-31T01:20:59+00:00"
        },
        {
            "filename": "25681024-075900-CAM20414.jpg",
            "width": 4962,
            "height": 3308,
            "aspectRatio": "3/2",
            "captured": "2025-10-31T01:21:01+00:00"
        },
        {
            "filename": "25681024-080751-CAM20417.jpg",
            "width": 4435,
            "height": 2957,
            "aspectRatio": "3/2",
            "captured": "2025-10-31T01:21:02+00:00"
        },
        {
            "filename": "25681024-080851-CAM20419.jpg",
            "width": 5760,
            "height": 3840,
            "aspectRatio": "3/2",
            "captured": "2025-10-31T01:21:05+00:00"
        },
        {
            "filename": "25681024-080910-CAM20420.jpg",
            "width": 5681,
            "height": 3787,
            "aspectRatio": "3/2",
            "captured": "2025-10-31T01:21:08+00:00"
        },
        {
            "filename": "25681024-080948-CAM17298.jpg",
            "width": 5760,
            "height": 3840,
            "aspectRatio": "3/2",
            "captured": "2025-10-31T01:21:10+00:00"
        },
        {
            "filename": "25681024-081012-CAM20421.jpg",
            "width": 2787,
            "height": 4180,
            "aspectRatio": "2/3",
            "captured": "2025-10-31T01:21:12+00:00"
        },
        {
            "filename": "25681024-081109-CAM20425.jpg",
            "width": 5432,
            "height": 3621,
            "aspectRatio": "3/2",
            "captured": "2025-10-31T01:21:15+00:00"
        },
        {
            "filename": "25681024-081111-CAM20426.jpg",
            "width": 4928,
            "height": 3285,
            "aspectRatio": "3/2",
            "captured": "2025-10-31T01:21:16+00:00"
        },
        {
            "filename": "25681024-081208-CAM20430.jpg",
            "width": 5369,
            "height": 3579,
            "aspectRatio": "3/2",
            "captured": "2025-10-31T01:21:19+00:00"
        },
        {
            "filename": "25681024-081245-CAM17299.jpg",
            "width": 5760,
            "height": 3840,
            "aspectRatio": "3/2",
            "captured": "2025-10-31T01:21:22+00:00"
        },
        {
            "filename": "25681024-081340-CAM17301.jpg",
            "width": 4541,
            "height": 2554,
            "aspectRatio": "16/9",
            "captured": "2025-10-31T01:21:24+00:00"
        },
        {
            "filename": "25681024-081512-CAM17303.jpg",
            "width": 4329,
            "height": 2886,
            "aspectRatio": "3/2",
            "captured": "2025-10-31T01:21:25+00:00"
        },
        {
            "filename": "25681024-081609-CAM17305.jpg",
            "width": 4755,
            "height": 2675,
            "aspectRatio": "16/9",
            "captured": "2025-10-31T01:21:28+00:00"
        },
        {
            "filename": "25681024-081900-CAM20435.jpg",
            "width": 5301,
            "height": 3534,
            "aspectRatio": "3/2",
            "captured": "2025-10-31T01:21:31+00:00"
        },
        {
            "filename": "25681024-082029-CAM17306.jpg",
            "width": 5760,
            "height": 3240,
            "aspectRatio": "16/9",
            "captured": "2025-10-31T01:21:33+00:00"
        },
        {
            "filename": "25681024-084927-CAM20443.jpg",
            "width": 5760,
            "height": 3840,
            "aspectRatio": "3/2",
            "captured": "2025-10-31T01:21:35+00:00"
        },
        {
            "filename": "25681024-085016-CAM20445.jpg",
            "width": 5760,
            "height": 3840,
            "aspectRatio": "3/2",
            "captured": "2025-10-31T01:21:39+00:00"
        },
        {
            "filename": "25681024-085021-CAM20446.jpg",
            "width": 5760,
            "height": 3840,
            "aspectRatio": "3/2",
            "captured": "2025-10-31T01:21:41+00:00"
        },
        {
            "filename": "25681024-085408-CAM20448.jpg",
            "width": 5589,
            "height": 3726,
            "aspectRatio": "3/2",
            "captured": "2025-10-31T01:21:45+00:00"
        },
        {
            "filename": "25681024-085450-CAM17311.jpg",
            "width": 5760,
            "height": 3840,
            "aspectRatio": "3/2",
            "captured": "2025-10-31T01:21:47+00:00"
        },
        {
            "filename": "25681024-085459-CAM17312.jpg",
            "width": 5760,
            "height": 3840,
            "aspectRatio": "3/2",
            "captured": "2025-10-31T01:21:50+00:00"
        },
        {
            "filename": "25681024-090241-CAM20449.jpg",
            "width": 5488,
            "height": 3659,
            "aspectRatio": "3/2",
            "captured": "2025-10-31T01:21:53+00:00"
        },
        {
            "filename": "25681024-090241-CAM20450.jpg",
            "width": 5760,
            "height": 3840,
            "aspectRatio": "3/2",
            "captured": "2025-10-31T01:21:57+00:00"
        },
        {
            "filename": "25681024-092353-CAM20452.jpg",
            "width": 5760,
            "height": 3840,
            "aspectRatio": "3/2",
            "captured": "2025-10-31T01:22:01+00:00"
        },
        {
            "filename": "25681024-092431-CAM17313.jpg",
            "width": 5760,
            "height": 3840,
            "aspectRatio": "3/2",
            "captured": "2025-10-31T01:22:03+00:00"
        },
        {
            "filename": "25681024-092441-CAM20453.jpg",
            "width": 5105,
            "height": 3403,
            "aspectRatio": "3/2",
            "captured": "2025-10-31T01:22:05+00:00"
        },
        {
            "filename": "25681024-092448-CAM20454.jpg",
            "width": 5151,
            "height": 3434,
            "aspectRatio": "3/2",
            "captured": "2025-10-31T01:22:07+00:00"
        },
        {
            "filename": "25681024-092511-CAM20455.jpg",
            "width": 5314,
            "height": 3543,
            "aspectRatio": "3/2",
            "captured": "2025-10-31T01:22:10+00:00"
        },
        {
            "filename": "25681024-092641-CAM17316.jpg",
            "width": 5760,
            "height": 3840,
            "aspectRatio": "3/2",
            "captured": "2025-10-31T01:22:12+00:00"
        },
        {
            "filename": "25681024-092704-CAM20456.jpg",
            "width": 5320,
            "height": 3547,
            "aspectRatio": "3/2",
            "captured": "2025-10-31T01:22:14+00:00"
        },
        {
            "filename": "25681024-092747-CAM17317.jpg",
            "width": 4329,
            "height": 2886,
            "aspectRatio": "3/2",
            "captured": "2025-10-31T01:22:16+00:00"
        },
        {
            "filename": "25681024-092758-CAM20457.jpg",
            "width": 5174,
            "height": 3449,
            "aspectRatio": "3/2",
            "captured": "2025-10-31T01:22:18+00:00"
        },
        {
            "filename": "25681024-092803-CAM20458.jpg",
            "width": 5760,
            "height": 3840,
            "aspectRatio": "3/2",
            "captured": "2025-10-31T01:22:21+00:00"
        },
        {
            "filename": "25681024-092856-CAM20464.jpg",
            "width": 5760,
            "height": 3840,
            "aspectRatio": "3/2",
            "captured": "2025-10-31T01:22:23+00:00"
        },
        {
            "filename": "25681024-092917-CAM20465.jpg",
            "width": 2028,
            "height": 3042,
            "aspectRatio": "2/3",
            "captured": "2025-10-31T01:22:25+00:00"
        },
        {
            "filename": "25681024-092943-CAM20466.jpg",
            "width": 5209,
            "height": 3473,
            "aspectRatio": "3/2",
            "captured": "2025-10-31T01:22:27+00:00"
        },
        {
            "filename": "25681024-092955-CAM20468.jpg",
            "width": 3840,
            "height": 5760,
            "aspectRatio": "2/3",
            "captured": "2025-10-31T01:22:30+00:00"
        },
        {
            "filename": "25681024-092959-CAM20469.jpg",
            "width": 3840,
            "height": 5760,
            "aspectRatio": "2/3",
            "captured": "2025-10-31T01:22:32+00:00"
        },
        {
            "filename": "25681024-093000-CAM20470.jpg",
            "width": 3840,
            "height": 5760,
            "aspectRatio": "2/3",
            "captured": "2025-10-31T01:22:35+00:00"
        },
        {
            "filename": "25681024-093002-CAM20471.jpg",
            "width": 3840,
            "height": 5760,
            "aspectRatio": "2/3",
            "captured": "2025-10-31T01:22:38+00:00"
        },
        {
            "filename": "25681024-093042-CAM17319.jpg",
            "width": 4329,
            "height": 2886,
            "aspectRatio": "3/2",
            "captured": "2025-10-31T01:22:40+00:00"
        },
        {
            "filename": "25681024-093053-CAM20472.jpg",
            "width": 5241,
            "height": 3494,
            "aspectRatio": "3/2",
            "captured": "2025-10-31T01:22:43+00:00"
        },
        {
            "filename": "25681024-093055-CAM20474.jpg",
            "width": 5760,
            "height": 3840,
            "aspectRatio": "3/2",
            "captured": "2025-10-31T01:22:46+00:00"
        },
        {
            "filename": "25681024-101234-CAM20476.jpg",
            "width": 4632,
            "height": 3088,
            "aspectRatio": "3/2",
            "captured": "2025-10-31T01:22:48+00:00"
        },
        {
            "filename": "25681024-101331-CAM17321.jpg",
            "width": 5562,
            "height": 3708,
            "aspectRatio": "3/2",
            "captured": "2025-10-31T01:22:49+00:00"
        },
        {
            "filename": "25681024-102345-CAM20477.jpg",
            "width": 5298,
            "height": 3532,
            "aspectRatio": "3/2",
            "captured": "2025-10-31T01:20:14+00:00"
        },
        {
            "filename": "25681024-102351-CAM20478.jpg",
            "width": 5760,
            "height": 3840,
            "aspectRatio": "3/2",
            "captured": "2025-10-31T01:20:17+00:00"
        },
        {
            "filename": "25681024-102354-CAM20479.jpg",
            "width": 5760,
            "height": 3840,
            "aspectRatio": "3/2",
            "captured": "2025-10-31T01:20:20+00:00"
        },
        {
            "filename": "25681024-102434-CAM17323.jpg",
            "width": 5220,
            "height": 3480,
            "aspectRatio": "3/2",
            "captured": "2025-10-31T01:20:23+00:00"
        },
        {
            "filename": "25681024-102439-CAM17324.jpg",
            "width": 5760,
            "height": 3840,
            "aspectRatio": "3/2",
            "captured": "2025-10-31T01:20:26+00:00"
        },
        {
            "filename": "25681024-102441-CAM17325.jpg",
            "width": 5760,
            "height": 3840,
            "aspectRatio": "3/2",
            "captured": "2025-10-31T01:20:30+00:00"
        },
        {
            "filename": "25681024-102609-CAM20481.jpg",
            "width": 5358,
            "height": 3572,
            "aspectRatio": "3/2",
            "captured": "2025-10-31T01:20:33+00:00"
        },
        {
            "filename": "25681024-102613-CAM20482.jpg",
            "width": 5760,
            "height": 3840,
            "aspectRatio": "3/2",
            "captured": "2025-10-31T01:20:35+00:00"
        },
        {
            "filename": "25681024-102730-CAM17326.jpg",
            "width": 5760,
            "height": 3840,
            "aspectRatio": "3/2",
            "captured": "2025-10-31T01:20:38+00:00"
        },
        {
            "filename": "25681024-102735-CAM17327.jpg",
            "width": 5760,
            "height": 3840,
            "aspectRatio": "3/2",
            "captured": "2025-10-31T01:20:41+00:00"
        },
        {
            "filename": "25681024-102742-CAM20483.jpg",
            "width": 5760,
            "height": 3840,
            "aspectRatio": "3/2",
            "captured": "2025-10-31T01:20:44+00:00"
        },
        {
            "filename": "25681024-102756-CAM20484.jpg",
            "width": 5760,
            "height": 3840,
            "aspectRatio": "3/2",
            "captured": "2025-10-31T01:20:46+00:00"
        },
        {
            "filename": "25681024-102756-CAM20485.jpg",
            "width": 5760,
            "height": 3840,
            "aspectRatio": "3/2",
            "captured": "2025-10-31T01:20:49+00:00"
        },
        {
            "filename": "25681024-102839-CAM20486.jpg",
            "width": 5760,
            "height": 3840,
            "aspectRatio": "3/2",
            "captured": "2025-10-31T01:20:51+00:00"
        },
        {
            "filename": "25681024-102848-CAM20487.jpg",
            "width": 5760,
            "height": 3840,
            "aspectRatio": "3/2",
            "captured": "2025-10-31T01:20:55+00:00"
        },
        {
            "filename": "25681024-102848-CAM20488.jpg",
            "width": 5760,
            "height": 3840,
            "aspectRatio": "3/2",
            "captured": "2025-10-31T01:20:58+00:00"
        },
        {
            "filename": "25681024-102925-CAM20490.jpg",
            "width": 5041,
            "height": 3361,
            "aspectRatio": "3/2",
            "captured": "2025-10-31T01:21:01+00:00"
        },
        {
            "filename": "25681024-103101-CAM17329.jpg",
            "width": 5760,
            "height": 3840,
            "aspectRatio": "3/2",
            "captured": "2025-10-31T01:21:04+00:00"
        },
        {
            "filename": "25681024-103103-CAM17330.jpg",
            "width": 5760,
            "height": 3840,
            "aspectRatio": "3/2",
            "captured": "2025-10-31T01:21:06+00:00"
        },
        {
            "filename": "25681024-103123-CAM20492.jpg",
            "width": 5760,
            "height": 3840,
            "aspectRatio": "3/2",
            "captured": "2025-10-31T01:21:09+00:00"
        },
        {
            "filename": "25681024-103126-CAM20493.jpg",
            "width": 5760,
            "height": 3840,
            "aspectRatio": "3/2",
            "captured": "2025-10-31T01:21:12+00:00"
        },
        {
            "filename": "25681024-103128-CAM20494.jpg",
            "width": 5760,
            "height": 3840,
            "aspectRatio": "3/2",
            "captured": "2025-10-31T01:21:15+00:00"
        },
        {
            "filename": "25681024-103131-CAM20495.jpg",
            "width": 5760,
            "height": 3840,
            "aspectRatio": "3/2",
            "captured": "2025-10-31T01:21:17+00:00"
        },
        {
            "filename": "25681024-103223-CAM20496.jpg",
            "width": 5760,
            "height": 3840,
            "aspectRatio": "3/2",
            "captured": "2025-10-31T01:21:20+00:00"
        },
        {
            "filename": "25681024-103232-CAM20497.jpg",
            "width": 5760,
            "height": 3840,
            "aspectRatio": "3/2",
            "captured": "2025-10-31T01:21:23+00:00"
        },
        {
            "filename": "25681024-103519-CAM20498.jpg",
            "width": 5244,
            "height": 3496,
            "aspectRatio": "3/2",
            "captured": "2025-10-31T01:21:25+00:00"
        },
        {
            "filename": "25681024-104104-CAM20508.jpg",
            "width": 5760,
            "height": 3840,
            "aspectRatio": "3/2",
            "captured": "2025-10-31T01:21:28+00:00"
        },
        {
            "filename": "25681024-104107-CAM20509.jpg",
            "width": 5760,
            "height": 3840,
            "aspectRatio": "3/2",
            "captured": "2025-10-31T01:21:30+00:00"
        },
        {
            "filename": "25681024-104110-CAM20510.jpg",
            "width": 5760,
            "height": 3840,
            "aspectRatio": "3/2",
            "captured": "2025-10-31T01:21:33+00:00"
        },
        {
            "filename": "25681024-104136-CAM20511.jpg",
            "width": 5760,
            "height": 3840,
            "aspectRatio": "3/2",
            "captured": "2025-10-31T01:21:36+00:00"
        },
        {
            "filename": "25681024-104140-CAM20513.jpg",
            "width": 5760,
            "height": 3840,
            "aspectRatio": "3/2",
            "captured": "2025-10-31T01:21:39+00:00"
        },
        {
            "filename": "25681024-104212-CAM20514.jpg",
            "width": 5760,
            "height": 3840,
            "aspectRatio": "3/2",
            "captured": "2025-10-31T01:21:42+00:00"
        },
        {
            "filename": "25681024-104336-CAM17331.jpg",
            "width": 5760,
            "height": 3840,
            "aspectRatio": "3/2",
            "captured": "2025-10-31T01:21:46+00:00"
        },
        {
            "filename": "25681024-104351-CAM20515.jpg",
            "width": 5760,
            "height": 3840,
            "aspectRatio": "3/2",
            "captured": "2025-10-31T01:21:49+00:00"
        },
        {
            "filename": "25681024-104351-CAM20516.jpg",
            "width": 5760,
            "height": 3840,
            "aspectRatio": "3/2",
            "captured": "2025-10-31T01:21:51+00:00"
        },
        {
            "filename": "25681024-104353-CAM20517.jpg",
            "width": 5760,
            "height": 3840,
            "aspectRatio": "3/2",
            "captured": "2025-10-31T01:21:55+00:00"
        },
        {
            "filename": "25681024-104406-CAM20518.jpg",
            "width": 5760,
            "height": 3840,
            "aspectRatio": "3/2",
            "captured": "2025-10-31T01:21:58+00:00"
        },
        {
            "filename": "25681024-104414-CAM20519.jpg",
            "width": 5760,
            "height": 3840,
            "aspectRatio": "3/2",
            "captured": "2025-10-31T01:22:02+00:00"
        },
        {
            "filename": "25681024-104419-CAM20520.jpg",
            "width": 5760,
            "height": 3840,
            "aspectRatio": "3/2",
            "captured": "2025-10-31T01:22:05+00:00"
        },
        {
            "filename": "25681024-104420-CAM20521.jpg",
            "width": 5760,
            "height": 3840,
            "aspectRatio": "3/2",
            "captured": "2025-10-31T01:22:08+00:00"
        },
        {
            "filename": "25681024-104421-CAM20522.jpg",
            "width": 5760,
            "height": 3840,
            "aspectRatio": "3/2",
            "captured": "2025-10-31T01:22:11+00:00"
        },
        {
            "filename": "25681024-104425-CAM20523.jpg",
            "width": 5760,
            "height": 3840,
            "aspectRatio": "3/2",
            "captured": "2025-10-31T01:22:14+00:00"
        },
        {
            "filename": "25681024-104553-CAM17332.jpg",
            "width": 5760,
            "height": 3840,
            "aspectRatio": "3/2",
            "captured": "2025-10-31T01:22:17+00:00"
        },
        {
            "filename": "25681024-104600-CAM17333.jpg",
            "width": 5760,
            "height": 3840,
            "aspectRatio": "3/2",
            "captured": "2025-10-31T01:22:20+00:00"
        },
        {
            "filename": "25681024-104615-CAM17334.jpg",
            "width": 5760,
            "height": 3840,
            "aspectRatio": "3/2",
            "captured": "2025-10-31T01:22:23+00:00"
        },
        {
            "filename": "25681024-104630-CAM17335.jpg",
            "width": 5760,
            "height": 3840,
            "aspectRatio": "3/2",
            "captured": "2025-10-31T01:22:27+00:00"
        },
        {
            "filename": "25681024-104644-CAM17336.jpg",
            "width": 5760,
            "height": 3840,
            "aspectRatio": "3/2",
            "captured": "2025-10-31T01:22:30+00:00"
        },
        {
            "filename": "25681024-104645-CAM17337.jpg",
            "width": 5760,
            "height": 3840,
            "aspectRatio": "3/2",
            "captured": "2025-10-31T01:22:33+00:00"
        },
        {
            "filename": "25681024-104719-CAM20525.jpg",
            "width": 5760,
            "height": 3840,
            "aspectRatio": "3/2",
            "captured": "2025-10-31T01:22:35+00:00"
        },
        {
            "filename": "25681024-104722-CAM20526.jpg",
            "width": 5760,
            "height": 3840,
            "aspectRatio": "3/2",
            "captured": "2025-10-31T01:22:39+00:00"
        },
        {
            "filename": "25681024-104828-CAM17338.jpg",
            "width": 4755,
            "height": 2886,
            "aspectRatio": "16/9",
            "captured": "2025-10-31T01:22:41+00:00"
        },
        {
            "filename": "25681024-105256-CAM20528.jpg",
            "width": 5273,
            "height": 3515,
            "aspectRatio": "3/2",
            "captured": "2025-10-31T01:22:44+00:00"
        },
        {
            "filename": "25681024-105301-CAM20530.jpg",
            "width": 5273,
            "height": 3515,
            "aspectRatio": "3/2",
            "captured": "2025-10-31T01:22:48+00:00"
        },
        {
            "filename": "25681024-105511-CAM20531.jpg",
            "width": 3734,
            "height": 5601,
            "aspectRatio": "2/3",
            "captured": "2025-10-31T01:22:51+00:00"
        },
        {
            "filename": "25681024-105518-CAM20532.jpg",
            "width": 3745,
            "height": 5617,
            "aspectRatio": "2/3",
            "captured": "2025-10-31T01:22:54+00:00"
        },
        {
            "filename": "25681024-105539-CAM20533.jpg",
            "width": 3237,
            "height": 4856,
            "aspectRatio": "2/3",
            "captured": "2025-10-31T01:22:57+00:00"
        },
        {
            "filename": "25681024-123552-CAM20535.jpg",
            "width": 4757,
            "height": 3171,
            "aspectRatio": "3/2",
            "captured": "2025-10-31T01:22:59+00:00"
        },
        {
            "filename": "25681024-123606-CAM20536.jpg",
            "width": 3439,
            "height": 5159,
            "aspectRatio": "2/3",
            "captured": "2025-10-31T01:23:00+00:00"
        },
        {
            "filename": "25681024-123636-CAM17339.jpg",
            "width": 5681,
            "height": 3787,
            "aspectRatio": "3/2",
            "captured": "2025-10-31T01:23:03+00:00"
        },
        {
            "filename": "25681024-123801-CAM20541.jpg",
            "width": 3840,
            "height": 5760,
            "aspectRatio": "2/3",
            "captured": "2025-10-31T01:23:06+00:00"
        },
        {
            "filename": "25681024-123802-CAM20542.jpg",
            "width": 3840,
            "height": 5760,
            "aspectRatio": "2/3",
            "captured": "2025-10-31T01:23:09+00:00"
        },
        {
            "filename": "25681024-123831-CAM20545.jpg",
            "width": 4770,
            "height": 3180,
            "aspectRatio": "3/2",
            "captured": "2025-10-31T01:23:12+00:00"
        },
        {
            "filename": "25681024-123843-CAM20546.jpg",
            "width": 5235,
            "height": 3490,
            "aspectRatio": "3/2",
            "captured": "2025-10-31T01:23:14+00:00"
        },
        {
            "filename": "25681024-123853-CAM20547.jpg",
            "width": 5760,
            "height": 3840,
            "aspectRatio": "3/2",
            "captured": "2025-10-31T01:23:17+00:00"
        },
        {
            "filename": "25681024-123854-CAM20548.jpg",
            "width": 5760,
            "height": 3840,
            "aspectRatio": "3/2",
            "captured": "2025-10-31T01:20:17+00:00"
        },
        {
            "filename": "25681024-123905-CAM20549.jpg",
            "width": 5760,
            "height": 3840,
            "aspectRatio": "3/2",
            "captured": "2025-10-31T01:20:19+00:00"
        },
        {
            "filename": "25681024-123922-CAM20550.jpg",
            "width": 5760,
            "height": 3840,
            "aspectRatio": "3/2",
            "captured": "2025-10-31T01:20:22+00:00"
        },
        {
            "filename": "25681024-123923-CAM20551.jpg",
            "width": 5760,
            "height": 3840,
            "aspectRatio": "3/2",
            "captured": "2025-10-31T01:20:25+00:00"
        },
        {
            "filename": "25681024-124016-CAM17341.jpg",
            "width": 5760,
            "height": 3840,
            "aspectRatio": "3/2",
            "captured": "2025-10-31T01:20:28+00:00"
        },
        {
            "filename": "25681024-124032-CAM20552.jpg",
            "width": 5182,
            "height": 3455,
            "aspectRatio": "3/2",
            "captured": "2025-10-31T01:20:30+00:00"
        },
        {
            "filename": "25681024-124056-CAM20555.jpg",
            "width": 3840,
            "height": 5760,
            "aspectRatio": "2/3",
            "captured": "2025-10-31T01:20:34+00:00"
        },
        {
            "filename": "25681024-124107-CAM20557.jpg",
            "width": 3472,
            "height": 5208,
            "aspectRatio": "2/3",
            "captured": "2025-10-31T01:20:36+00:00"
        },
        {
            "filename": "25681024-124145-CAM20559.jpg",
            "width": 5687,
            "height": 3791,
            "aspectRatio": "3/2",
            "captured": "2025-10-31T01:20:38+00:00"
        },
        {
            "filename": "25681024-124159-CAM20560.jpg",
            "width": 5760,
            "height": 3840,
            "aspectRatio": "3/2",
            "captured": "2025-10-31T01:20:41+00:00"
        },
        {
            "filename": "25681024-124622-CAM20569.jpg",
            "width": 5760,
            "height": 3840,
            "aspectRatio": "3/2",
            "captured": "2025-10-31T01:20:43+00:00"
        },
        {
            "filename": "25681024-125116-CAM20570.jpg",
            "width": 5760,
            "height": 3840,
            "aspectRatio": "3/2",
            "captured": "2025-10-31T01:20:45+00:00"
        },
        {
            "filename": "25681024-125124-CAM20571.jpg",
            "width": 5760,
            "height": 3840,
            "aspectRatio": "3/2",
            "captured": "2025-10-31T01:20:48+00:00"
        },
        {
            "filename": "25681024-125124-CAM20572.jpg",
            "width": 5760,
            "height": 3840,
            "aspectRatio": "3/2",
            "captured": "2025-10-31T01:20:50+00:00"
        },
        {
            "filename": "25681024-125155-CAM20573.jpg",
            "width": 3840,
            "height": 5760,
            "aspectRatio": "2/3",
            "captured": "2025-10-31T01:20:52+00:00"
        },
        {
            "filename": "25681024-125203-CAM20574.jpg",
            "width": 3332,
            "height": 4998,
            "aspectRatio": "2/3",
            "captured": "2025-10-31T01:20:54+00:00"
        },
        {
            "filename": "25681024-125247-CAM20575.jpg",
            "width": 5760,
            "height": 3840,
            "aspectRatio": "3/2",
            "captured": "2025-10-31T01:20:57+00:00"
        },
        {
            "filename": "25681024-125257-CAM20576.jpg",
            "width": 5760,
            "height": 3840,
            "aspectRatio": "3/2",
            "captured": "2025-10-31T01:21:00+00:00"
        },
        {
            "filename": "25681024-125259-CAM20577.jpg",
            "width": 5760,
            "height": 3840,
            "aspectRatio": "3/2",
            "captured": "2025-10-31T01:21:02+00:00"
        },
        {
            "filename": "25681024-125323-CAM20580.jpg",
            "width": 4454,
            "height": 2969,
            "aspectRatio": "3/2",
            "captured": "2025-10-31T01:21:04+00:00"
        },
        {
            "filename": "25681024-125326-CAM20581.jpg",
            "width": 5760,
            "height": 3840,
            "aspectRatio": "3/2",
            "captured": "2025-10-31T01:21:06+00:00"
        },
        {
            "filename": "25681024-125334-CAM20582.jpg",
            "width": 5760,
            "height": 3840,
            "aspectRatio": "3/2",
            "captured": "2025-10-31T01:21:09+00:00"
        },
        {
            "filename": "25681024-125349-CAM20583.jpg",
            "width": 5760,
            "height": 3840,
            "aspectRatio": "3/2",
            "captured": "2025-10-31T01:21:12+00:00"
        },
        {
            "filename": "25681024-125350-CAM20584.jpg",
            "width": 5760,
            "height": 3840,
            "aspectRatio": "3/2",
            "captured": "2025-10-31T01:21:14+00:00"
        },
        {
            "filename": "25681024-125356-CAM20585.jpg",
            "width": 5760,
            "height": 3840,
            "aspectRatio": "3/2",
            "captured": "2025-10-31T01:21:17+00:00"
        },
        {
            "filename": "25681024-125407-CAM20587.jpg",
            "width": 5605,
            "height": 3737,
            "aspectRatio": "3/2",
            "captured": "2025-10-31T01:21:19+00:00"
        },
        {
            "filename": "25681024-125420-CAM20588.jpg",
            "width": 5760,
            "height": 3840,
            "aspectRatio": "3/2",
            "captured": "2025-10-31T01:21:21+00:00"
        },
        {
            "filename": "25681024-125428-CAM20591.jpg",
            "width": 5760,
            "height": 3840,
            "aspectRatio": "3/2",
            "captured": "2025-10-31T01:21:23+00:00"
        },
        {
            "filename": "25681024-125440-CAM20592.jpg",
            "width": 5760,
            "height": 3840,
            "aspectRatio": "3/2",
            "captured": "2025-10-31T01:21:26+00:00"
        },
        {
            "filename": "25681024-125442-CAM20593.jpg",
            "width": 5760,
            "height": 3840,
            "aspectRatio": "3/2",
            "captured": "2025-10-31T01:21:29+00:00"
        },
        {
            "filename": "25681024-125500-CAM20594.jpg",
            "width": 3840,
            "height": 5760,
            "aspectRatio": "2/3",
            "captured": "2025-10-31T01:21:31+00:00"
        },
        {
            "filename": "25681024-125501-CAM20595.jpg",
            "width": 3840,
            "height": 5760,
            "aspectRatio": "2/3",
            "captured": "2025-10-31T01:21:34+00:00"
        },
        {
            "filename": "25681024-125506-CAM20596.jpg",
            "width": 2926,
            "height": 4389,
            "aspectRatio": "2/3",
            "captured": "2025-10-31T01:21:36+00:00"
        },
        {
            "filename": "25681024-125508-CAM20597.jpg",
            "width": 3355,
            "height": 5032,
            "aspectRatio": "2/3",
            "captured": "2025-10-31T01:21:38+00:00"
        },
        {
            "filename": "25681024-125518-CAM20598.jpg",
            "width": 5760,
            "height": 3840,
            "aspectRatio": "3/2",
            "captured": "2025-10-31T01:21:40+00:00"
        },
        {
            "filename": "25681024-125522-CAM20599.jpg",
            "width": 5760,
            "height": 3840,
            "aspectRatio": "3/2",
            "captured": "2025-10-31T01:21:43+00:00"
        },
        {
            "filename": "25681024-125525-CAM20600.jpg",
            "width": 5760,
            "height": 3840,
            "aspectRatio": "3/2",
            "captured": "2025-10-31T01:21:46+00:00"
        },
        {
            "filename": "25681024-125541-CAM20601.jpg",
            "width": 5760,
            "height": 3840,
            "aspectRatio": "3/2",
            "captured": "2025-10-31T01:21:48+00:00"
        },
        {
            "filename": "25681024-125542-CAM20602.jpg",
            "width": 5760,
            "height": 3840,
            "aspectRatio": "3/2",
            "captured": "2025-10-31T01:21:51+00:00"
        },
        {
            "filename": "25681024-125546-CAM20603.jpg",
            "width": 5760,
            "height": 3840,
            "aspectRatio": "3/2",
            "captured": "2025-10-31T01:21:55+00:00"
        },
        {
            "filename": "25681024-125606-CAM20604.jpg",
            "width": 5760,
            "height": 3840,
            "aspectRatio": "3/2",
            "captured": "2025-10-31T01:21:58+00:00"
        },
        {
            "filename": "25681024-125608-CAM20605.jpg",
            "width": 5760,
            "height": 3840,
            "aspectRatio": "3/2",
            "captured": "2025-10-31T01:22:02+00:00"
        },
        {
            "filename": "25681024-125814-CAM20607.jpg",
            "width": 5760,
            "height": 3840,
            "aspectRatio": "3/2",
            "captured": "2025-10-31T01:22:04+00:00"
        },
        {
            "filename": "25681024-125902-CAM20608.jpg",
            "width": 5112,
            "height": 3408,
            "aspectRatio": "3/2",
            "captured": "2025-10-31T01:22:07+00:00"
        },
        {
            "filename": "25681024-125925-CAM20609.jpg",
            "width": 4854,
            "height": 3236,
            "aspectRatio": "3/2",
            "captured": "2025-10-31T01:22:09+00:00"
        },
        {
            "filename": "25681024-125956-CAM20610.jpg",
            "width": 5760,
            "height": 3840,
            "aspectRatio": "3/2",
            "captured": "2025-10-31T01:22:12+00:00"
        },
        {
            "filename": "25681024-130018-CAM20611.jpg",
            "width": 5760,
            "height": 3840,
            "aspectRatio": "3/2",
            "captured": "2025-10-31T01:22:15+00:00"
        },
        {
            "filename": "25681024-130045-CAM20612.jpg",
            "width": 3619,
            "height": 5429,
            "aspectRatio": "2/3",
            "captured": "2025-10-31T01:22:18+00:00"
        },
        {
            "filename": "25681024-130217-CAM20613.jpg",
            "width": 5760,
            "height": 3840,
            "aspectRatio": "3/2",
            "captured": "2025-10-31T01:22:21+00:00"
        },
        {
            "filename": "25681024-130233-CAM20614.jpg",
            "width": 5760,
            "height": 3840,
            "aspectRatio": "3/2",
            "captured": "2025-10-31T01:22:25+00:00"
        },
        {
            "filename": "25681024-130246-CAM20615.jpg",
            "width": 4575,
            "height": 3050,
            "aspectRatio": "3/2",
            "captured": "2025-10-31T01:22:27+00:00"
        },
        {
            "filename": "25681024-130325-CAM20616.jpg",
            "width": 5760,
            "height": 3840,
            "aspectRatio": "3/2",
            "captured": "2025-10-31T01:22:29+00:00"
        },
        {
            "filename": "25681024-130325-CAM20617.jpg",
            "width": 5760,
            "height": 3840,
            "aspectRatio": "3/2",
            "captured": "2025-10-31T01:22:32+00:00"
        },
        {
            "filename": "25681024-130444-CAM20618.jpg",
            "width": 5219,
            "height": 3479,
            "aspectRatio": "3/2",
            "captured": "2025-10-31T01:22:34+00:00"
        },
        {
            "filename": "25681024-130517-CAM20619.jpg",
            "width": 5426,
            "height": 3617,
            "aspectRatio": "3/2",
            "captured": "2025-10-31T01:22:37+00:00"
        },
        {
            "filename": "25681024-131601-CAM20621.jpg",
            "width": 5435,
            "height": 3623,
            "aspectRatio": "3/2",
            "captured": "2025-10-31T01:22:39+00:00"
        },
        {
            "filename": "25681024-131710-CAM20624.jpg",
            "width": 5760,
            "height": 3840,
            "aspectRatio": "3/2",
            "captured": "2025-10-31T01:22:43+00:00"
        },
        {
            "filename": "25681024-131803-CAM17342.jpg",
            "width": 5760,
            "height": 3840,
            "aspectRatio": "3/2",
            "captured": "2025-10-31T01:22:46+00:00"
        },
        {
            "filename": "25681024-131830-CAM20629.jpg",
            "width": 3510,
            "height": 5265,
            "aspectRatio": "2/3",
            "captured": "2025-10-31T01:22:48+00:00"
        },
        {
            "filename": "25681024-131837-CAM20630.jpg",
            "width": 3840,
            "height": 5760,
            "aspectRatio": "2/3",
            "captured": "2025-10-31T01:22:51+00:00"
        },
        {
            "filename": "25681024-132329-CAM20632.jpg",
            "width": 5760,
            "height": 3840,
            "aspectRatio": "3/2",
            "captured": "2025-10-31T01:22:54+00:00"
        },
        {
            "filename": "25681024-132334-CAM20633.jpg",
            "width": 5760,
            "height": 3840,
            "aspectRatio": "3/2",
            "captured": "2025-10-31T01:22:57+00:00"
        },
        {
            "filename": "25681024-132634-CAM17344.jpg",
            "width": 5760,
            "height": 3840,
            "aspectRatio": "3/2",
            "captured": "2025-10-31T01:22:59+00:00"
        },
        {
            "filename": "25681024-132734-CAM17345.jpg",
            "width": 5760,
            "height": 3840,
            "aspectRatio": "3/2",
            "captured": "2025-10-31T01:23:02+00:00"
        },
        {
            "filename": "25681024-133116-CAM17347.jpg",
            "width": 5593,
            "height": 3729,
            "aspectRatio": "3/2",
            "captured": "2025-10-31T01:20:19+00:00"
        },
        {
            "filename": "25681024-133123-CAM17348.jpg",
            "width": 5760,
            "height": 3840,
            "aspectRatio": "3/2",
            "captured": "2025-10-31T01:20:21+00:00"
        },
        {
            "filename": "25681024-133259-CAM20636.jpg",
            "width": 5760,
            "height": 3840,
            "aspectRatio": "3/2",
            "captured": "2025-10-31T01:20:23+00:00"
        },
        {
            "filename": "25681024-133306-CAM20637.jpg",
            "width": 5027,
            "height": 3351,
            "aspectRatio": "3/2",
            "captured": "2025-10-31T01:20:25+00:00"
        },
        {
            "filename": "25681024-133313-CAM20638.jpg",
            "width": 5760,
            "height": 3840,
            "aspectRatio": "3/2",
            "captured": "2025-10-31T01:20:28+00:00"
        },
        {
            "filename": "25681024-133356-CAM20642.jpg",
            "width": 5760,
            "height": 3840,
            "aspectRatio": "3/2",
            "captured": "2025-10-31T01:20:31+00:00"
        },
        {
            "filename": "25681024-133846-CAM17351.jpg",
            "width": 4755,
            "height": 2886,
            "aspectRatio": "16/9",
            "captured": "2025-10-31T01:20:33+00:00"
        },
        {
            "filename": "25681024-133924-CAM17353.jpg",
            "width": 4755,
            "height": 2886,
            "aspectRatio": "16/9",
            "captured": "2025-10-31T01:20:35+00:00"
        },
        {
            "filename": "25681024-134157-CAM20653.jpg",
            "width": 3840,
            "height": 5760,
            "aspectRatio": "2/3",
            "captured": "2025-10-31T01:20:37+00:00"
        },
        {
            "filename": "25681024-134209-CAM20655.jpg",
            "width": 3840,
            "height": 5760,
            "aspectRatio": "2/3",
            "captured": "2025-10-31T01:20:40+00:00"
        },
        {
            "filename": "25681024-134437-CAM20656.jpg",
            "width": 5466,
            "height": 3644,
            "aspectRatio": "3/2",
            "captured": "2025-10-31T01:20:42+00:00"
        },
        {
            "filename": "25681024-134505-CAM20657.jpg",
            "width": 5760,
            "height": 3840,
            "aspectRatio": "3/2",
            "captured": "2025-10-31T01:20:45+00:00"
        },
        {
            "filename": "25681024-134518-CAM20658.jpg",
            "width": 5760,
            "height": 3840,
            "aspectRatio": "3/2",
            "captured": "2025-10-31T01:20:48+00:00"
        },
        {
            "filename": "25681024-134535-CAM20659.jpg",
            "width": 5760,
            "height": 3840,
            "aspectRatio": "3/2",
            "captured": "2025-10-31T01:20:51+00:00"
        },
        {
            "filename": "25681024-134604-CAM20660.jpg",
            "width": 4329,
            "height": 2886,
            "aspectRatio": "3/2",
            "captured": "2025-10-31T01:20:53+00:00"
        },
        {
            "filename": "25681024-134732-CAM20661.jpg",
            "width": 5760,
            "height": 3840,
            "aspectRatio": "3/2",
            "captured": "2025-10-31T01:20:57+00:00"
        },
        {
            "filename": "25681024-134733-CAM20662.jpg",
            "width": 5760,
            "height": 3840,
            "aspectRatio": "3/2",
            "captured": "2025-10-31T01:20:59+00:00"
        },
        {
            "filename": "25681024-134735-CAM20663.jpg",
            "width": 5760,
            "height": 3840,
            "aspectRatio": "3/2",
            "captured": "2025-10-31T01:21:02+00:00"
        },
        {
            "filename": "25681024-134741-CAM20665.jpg",
            "width": 5760,
            "height": 3840,
            "aspectRatio": "3/2",
            "captured": "2025-10-31T01:21:05+00:00"
        },
        {
            "filename": "25681024-134743-CAM20666.jpg",
            "width": 5206,
            "height": 3471,
            "aspectRatio": "3/2",
            "captured": "2025-10-31T01:21:07+00:00"
        },
        {
            "filename": "25681024-134743-CAM20667.jpg",
            "width": 5760,
            "height": 3840,
            "aspectRatio": "3/2",
            "captured": "2025-10-31T01:21:09+00:00"
        },
        {
            "filename": "25681024-134747-CAM20668.jpg",
            "width": 5760,
            "height": 3840,
            "aspectRatio": "3/2",
            "captured": "2025-10-31T01:21:12+00:00"
        },
        {
            "filename": "25681024-134753-CAM20670.jpg",
            "width": 5760,
            "height": 3840,
            "aspectRatio": "3/2",
            "captured": "2025-10-31T01:21:14+00:00"
        },
        {
            "filename": "25681024-134759-CAM20671.jpg",
            "width": 5760,
            "height": 3840,
            "aspectRatio": "3/2",
            "captured": "2025-10-31T01:21:17+00:00"
        },
        {
            "filename": "25681024-134800-CAM20672.jpg",
            "width": 5760,
            "height": 3840,
            "aspectRatio": "3/2",
            "captured": "2025-10-31T01:21:19+00:00"
        },
        {
            "filename": "25681024-134811-CAM20673.jpg",
            "width": 3840,
            "height": 5760,
            "aspectRatio": "2/3",
            "captured": "2025-10-31T01:21:23+00:00"
        },
        {
            "filename": "25681024-134814-CAM20674.jpg",
            "width": 3840,
            "height": 5760,
            "aspectRatio": "2/3",
            "captured": "2025-10-31T01:21:25+00:00"
        },
        {
            "filename": "25681024-134821-CAM20675.jpg",
            "width": 5482,
            "height": 3655,
            "aspectRatio": "3/2",
            "captured": "2025-10-31T01:21:28+00:00"
        },
        {
            "filename": "25681024-135309-CAM20679.jpg",
            "width": 5760,
            "height": 3840,
            "aspectRatio": "3/2",
            "captured": "2025-10-31T01:21:31+00:00"
        },
        {
            "filename": "25681024-135311-CAM20680.jpg",
            "width": 5760,
            "height": 3840,
            "aspectRatio": "3/2",
            "captured": "2025-10-31T01:21:33+00:00"
        },
        {
            "filename": "25681024-135405-CAM17354.jpg",
            "width": 5760,
            "height": 3840,
            "aspectRatio": "3/2",
            "captured": "2025-10-31T01:21:36+00:00"
        },
        {
            "filename": "25681024-135501-CAM20681.jpg",
            "width": 5760,
            "height": 3840,
            "aspectRatio": "3/2",
            "captured": "2025-10-31T01:21:38+00:00"
        },
        {
            "filename": "25681024-135504-CAM20682.jpg",
            "width": 5760,
            "height": 3840,
            "aspectRatio": "3/2",
            "captured": "2025-10-31T01:21:40+00:00"
        },
        {
            "filename": "25681024-135538-CAM20683.jpg",
            "width": 5760,
            "height": 3840,
            "aspectRatio": "3/2",
            "captured": "2025-10-31T01:21:45+00:00"
        },
        {
            "filename": "25681024-135545-CAM20684.jpg",
            "width": 5760,
            "height": 3840,
            "aspectRatio": "3/2",
            "captured": "2025-10-31T01:21:47+00:00"
        },
        {
            "filename": "25681024-135546-CAM20685.jpg",
            "width": 5760,
            "height": 3840,
            "aspectRatio": "3/2",
            "captured": "2025-10-31T01:21:49+00:00"
        },
        {
            "filename": "25681024-135602-CAM17355.jpg",
            "width": 5760,
            "height": 3840,
            "aspectRatio": "3/2",
            "captured": "2025-10-31T01:21:52+00:00"
        },
        {
            "filename": "25681024-135714-CAM17356.jpg",
            "width": 5760,
            "height": 3840,
            "aspectRatio": "3/2",
            "captured": "2025-10-31T01:21:55+00:00"
        },
        {
            "filename": "25681024-140524-CAM20686.jpg",
            "width": 5760,
            "height": 3840,
            "aspectRatio": "3/2",
            "captured": "2025-10-31T01:21:58+00:00"
        },
        {
            "filename": "25681024-140601-CAM20687.jpg",
            "width": 5760,
            "height": 3840,
            "aspectRatio": "3/2",
            "captured": "2025-10-31T01:22:01+00:00"
        },
        {
            "filename": "25681024-140602-CAM20688.jpg",
            "width": 5760,
            "height": 3840,
            "aspectRatio": "3/2",
            "captured": "2025-10-31T01:22:03+00:00"
        },
        {
            "filename": "25681024-140659-CAM20689.jpg",
            "width": 4813,
            "height": 3209,
            "aspectRatio": "3/2",
            "captured": "2025-10-31T01:22:05+00:00"
        },
        {
            "filename": "25681024-140738-CAM20691.jpg",
            "width": 3840,
            "height": 5760,
            "aspectRatio": "2/3",
            "captured": "2025-10-31T01:22:08+00:00"
        },
        {
            "filename": "25681024-141014-CAM20693.jpg",
            "width": 5760,
            "height": 3840,
            "aspectRatio": "3/2",
            "captured": "2025-10-31T01:22:11+00:00"
        },
        {
            "filename": "25681024-141107-CAM20694.jpg",
            "width": 3366,
            "height": 5049,
            "aspectRatio": "2/3",
            "captured": "2025-10-31T01:22:13+00:00"
        },
        {
            "filename": "25681024-141127-CAM20696.jpg",
            "width": 3395,
            "height": 5093,
            "aspectRatio": "2/3",
            "captured": "2025-10-31T01:22:15+00:00"
        },
        {
            "filename": "25681024-141142-CAM20697.jpg",
            "width": 4980,
            "height": 3320,
            "aspectRatio": "3/2",
            "captured": "2025-10-31T01:22:18+00:00"
        },
        {
            "filename": "25681024-141227-CAM17357.jpg",
            "width": 5760,
            "height": 3840,
            "aspectRatio": "3/2",
            "captured": "2025-10-31T01:22:20+00:00"
        },
        {
            "filename": "25681024-141242-CAM20698.jpg",
            "width": 5760,
            "height": 3840,
            "aspectRatio": "3/2",
            "captured": "2025-10-31T01:22:24+00:00"
        },
        {
            "filename": "25681024-141317-CAM20699.jpg",
            "width": 3840,
            "height": 5760,
            "aspectRatio": "2/3",
            "captured": "2025-10-31T01:22:26+00:00"
        },
        {
            "filename": "25681024-141330-CAM20700.jpg",
            "width": 5760,
            "height": 3840,
            "aspectRatio": "3/2",
            "captured": "2025-10-31T01:22:28+00:00"
        },
        {
            "filename": "25681024-141332-CAM20701.jpg",
            "width": 5760,
            "height": 3840,
            "aspectRatio": "3/2",
            "captured": "2025-10-31T01:22:31+00:00"
        },
        {
            "filename": "25681024-141425-CAM17358.jpg",
            "width": 3840,
            "height": 5760,
            "aspectRatio": "2/3",
            "captured": "2025-10-31T01:22:34+00:00"
        },
        {
            "filename": "25681024-141442-CAM17359.jpg",
            "width": 3840,
            "height": 5760,
            "aspectRatio": "2/3",
            "captured": "2025-10-31T01:22:38+00:00"
        },
        {
            "filename": "25681024-141555-CAM20705.jpg",
            "width": 3840,
            "height": 5760,
            "aspectRatio": "2/3",
            "captured": "2025-10-31T01:22:42+00:00"
        },
        {
            "filename": "25681024-141649-CAM20707.jpg",
            "width": 3840,
            "height": 5760,
            "aspectRatio": "2/3",
            "captured": "2025-10-31T01:22:45+00:00"
        },
        {
            "filename": "25681024-141743-CAM20708.jpg",
            "width": 5533,
            "height": 3689,
            "aspectRatio": "3/2",
            "captured": "2025-10-31T01:22:47+00:00"
        },
        {
            "filename": "25681024-141906-CAM20715.jpg",
            "width": 5760,
            "height": 3840,
            "aspectRatio": "3/2",
            "captured": "2025-10-31T01:22:50+00:00"
        },
        {
            "filename": "25681024-150540-CAM20717.jpg",
            "width": 3840,
            "height": 5760,
            "aspectRatio": "2/3",
            "captured": "2025-10-31T01:22:52+00:00"
        },
        {
            "filename": "25681024-150550-CAM20719.jpg",
            "width": 3840,
            "height": 5760,
            "aspectRatio": "2/3",
            "captured": "2025-10-31T01:22:55+00:00"
        },
        {
            "filename": "25681024-150619-CAM20721.jpg",
            "width": 3840,
            "height": 5760,
            "aspectRatio": "2/3",
            "captured": "2025-10-31T01:22:57+00:00"
        },
        {
            "filename": "25681024-150918-CAM20723.jpg",
            "width": 5760,
            "height": 3840,
            "aspectRatio": "3/2",
            "captured": "2025-10-31T01:22:59+00:00"
        },
        {
            "filename": "25681024-151044-CAM20726.jpg",
            "width": 5760,
            "height": 3840,
            "aspectRatio": "3/2",
            "captured": "2025-10-31T01:23:02+00:00"
        },
        {
            "filename": "25681024-151055-CAM20727.jpg",
            "width": 5760,
            "height": 3840,
            "aspectRatio": "3/2",
            "captured": "2025-10-31T01:23:04+00:00"
        },
        {
            "filename": "25681024-151056-CAM20728.jpg",
            "width": 5760,
            "height": 3840,
            "aspectRatio": "3/2",
            "captured": "2025-10-31T01:20:22+00:00"
        },
        {
            "filename": "25681024-151117-CAM17362.jpg",
            "width": 5760,
            "height": 3840,
            "aspectRatio": "3/2",
            "captured": "2025-10-31T01:20:24+00:00"
        },
        {
            "filename": "25681024-151155-CAM20729.jpg",
            "width": 5760,
            "height": 3840,
            "aspectRatio": "3/2",
            "captured": "2025-10-31T01:20:27+00:00"
        },
        {
            "filename": "25681024-154417-CAM20734.jpg",
            "width": 5760,
            "height": 3840,
            "aspectRatio": "3/2",
            "captured": "2025-10-31T01:20:30+00:00"
        },
        {
            "filename": "25681024-154430-CAM20736.jpg",
            "width": 5760,
            "height": 3840,
            "aspectRatio": "3/2",
            "captured": "2025-10-31T01:20:33+00:00"
        },
        {
            "filename": "25681024-154448-CAM17363.jpg",
            "width": 4719,
            "height": 2654,
            "aspectRatio": "16/9",
            "captured": "2025-10-31T01:20:35+00:00"
        },
        {
            "filename": "25681024-154505-CAM17364.jpg",
            "width": 4633,
            "height": 2891,
            "aspectRatio": "3/2",
            "captured": "2025-10-31T01:20:37+00:00"
        },
        {
            "filename": "25681024-154509-CAM17365.jpg",
            "width": 4668,
            "height": 2886,
            "aspectRatio": "3/2",
            "captured": "2025-10-31T01:20:39+00:00"
        },
        {
            "filename": "25681024-154533-CAM20738.jpg",
            "width": 5514,
            "height": 3676,
            "aspectRatio": "3/2",
            "captured": "2025-10-31T01:20:41+00:00"
        },
        {
            "filename": "25681024-154540-CAM20739.jpg",
            "width": 5510,
            "height": 3673,
            "aspectRatio": "3/2",
            "captured": "2025-10-31T01:20:44+00:00"
        },
        {
            "filename": "25681024-154555-CAM20740.jpg",
            "width": 5760,
            "height": 3840,
            "aspectRatio": "3/2",
            "captured": "2025-10-31T01:20:47+00:00"
        },
        {
            "filename": "25681024-154635-CAM20741.jpg",
            "width": 5640,
            "height": 3760,
            "aspectRatio": "3/2",
            "captured": "2025-10-31T01:20:50+00:00"
        },
        {
            "filename": "25681024-154651-CAM20743.jpg",
            "width": 5760,
            "height": 3840,
            "aspectRatio": "3/2",
            "captured": "2025-10-31T01:20:53+00:00"
        },
        {
            "filename": "25681024-154830-CAM20744.jpg",
            "width": 3840,
            "height": 5760,
            "aspectRatio": "2/3",
            "captured": "2025-10-31T01:20:57+00:00"
        },
        {
            "filename": "25681024-155025-CAM20745.jpg",
            "width": 5760,
            "height": 3840,
            "aspectRatio": "3/2",
            "captured": "2025-10-31T01:20:59+00:00"
        },
        {
            "filename": "25681024-155540-CAM20746.jpg",
            "width": 5760,
            "height": 3840,
            "aspectRatio": "3/2",
            "captured": "2025-10-31T01:21:02+00:00"
        },
        {
            "filename": "25681024-155554-CAM20747.jpg",
            "width": 5760,
            "height": 3840,
            "aspectRatio": "3/2",
            "captured": "2025-10-31T01:21:04+00:00"
        },
        {
            "filename": "25681024-155627-CAM20748.jpg",
            "width": 3840,
            "height": 5760,
            "aspectRatio": "2/3",
            "captured": "2025-10-31T01:21:07+00:00"
        }
    ]
}