{
    "id": "addfc24c",
    "store": "public",
    "subdir": "",
    "folder": "DAY2 VRU Open House 2025 x VRU SHOWCASE & SUSTAINABILITY 2025",
    "title": "DAY2 VRU Open House 2025 X VRU SHOWCASE & SUSTAINABILITY 2025",
    "images": [
        {
            "filename": "25680731-082142-CAM15658.jpg",
            "width": 2048,
            "height": 1365,
            "aspectRatio": "3/2",
            "captured": "2025-10-07T08:37:55+00:00"
        },
        {
            "filename": "25680731-083711-CAM15659.jpg",
            "width": 2048,
            "height": 1365,
            "aspectRatio": "3/2",
            "captured": "2025-10-07T08:37:56+00:00"
        },
        {
            "filename": "25680731-083841-CAM24029.jpg",
            "width": 1365,
            "height": 2048,
            "aspectRatio": "2/3",
            "captured": "2025-10-07T08:37:58+00:00"
        },
        {
            "filename": "25680731-084347-CAM15665.jpg",
            "width": 2048,
            "height": 1365,
            "aspectRatio": "3/2",
            "captured": "2025-10-07T08:37:59+00:00"
        },
        {
            "filename": "25680731-085433-CAM15667.jpg",
            "width": 2048,
            "height": 1365,
            "aspectRatio": "3/2",
            "captured": "2025-10-07T08:38:00+00:00"
        },
        {
            "filename": "25680731-090224-CAM24040.jpg",
            "width": 2048,
            "height": 1365,
            "aspectRatio": "3/2",
            "captured": "2025-10-07T08:38:02+00:00"
        },
        {
            "filename": "25680731-090250-CAM24042.jpg",
            "width": 2048,
            "height": 1365,
            "aspectRatio": "3/2",
            "captured": "2025-10-07T08:38:04+00:00"
        },
        {
            "filename": "25680731-090306-CAM24049.jpg",
            "width": 2048,
            "height": 1365,
            "aspectRatio": "3/2",
            "captured": "2025-10-07T08:38:06+00:00"
        },
        {
            "filename": "25680731-090338-CAM24056.jpg",
            "width": 2048,
            "height": 1365,
            "aspectRatio": "3/2",
            "captured": "2025-10-07T08:38:07+00:00"
        },
        {
            "filename": "25680731-090340-CAM24058.jpg",
            "width": 2048,
            "height": 1365,
            "aspectRatio": "3/2",
            "captured": "2025-10-07T08:38:08+00:00"
        },
        {
            "filename": "25680731-090343-CAM24059.jpg",
            "width": 2048,
            "height": 1365,
            "aspectRatio": "3/2",
            "captured": "2025-10-07T08:38:10+00:00"
        },
        {
            "filename": "25680731-090345-CAM24062.jpg",
            "width": 2048,
            "height": 1365,
            "aspectRatio": "3/2",
            "captured": "2025-10-07T08:38:11+00:00"
        },
        {
            "filename": "25680731-090346-CAM24064.jpg",
            "width": 2048,
            "height": 1365,
            "aspectRatio": "3/2",
            "captured": "2025-10-07T08:38:12+00:00"
        },
        {
            "filename": "25680731-090405-CAM24066.jpg",
            "width": 2048,
            "height": 1365,
            "aspectRatio": "3/2",
            "captured": "2025-10-07T08:38:14+00:00"
        },
        {
            "filename": "25680731-090442-CAM24074.jpg",
            "width": 2048,
            "height": 1365,
            "aspectRatio": "3/2",
            "captured": "2025-10-07T08:38:15+00:00"
        },
        {
            "filename": "25680731-090536-CAM24080.jpg",
            "width": 2048,
            "height": 1365,
            "aspectRatio": "3/2",
            "captured": "2025-10-07T08:38:17+00:00"
        },
        {
            "filename": "25680731-090720-CAM24084.jpg",
            "width": 2048,
            "height": 1365,
            "aspectRatio": "3/2",
            "captured": "2025-10-07T08:38:18+00:00"
        },
        {
            "filename": "25680731-090721-CAM24086.jpg",
            "width": 2048,
            "height": 1365,
            "aspectRatio": "3/2",
            "captured": "2025-10-07T08:38:20+00:00"
        },
        {
            "filename": "25680731-091315-CAM24101.jpg",
            "width": 2048,
            "height": 1365,
            "aspectRatio": "3/2",
            "captured": "2025-10-07T08:38:22+00:00"
        },
        {
            "filename": "25680731-092038-CAM15669.jpg",
            "width": 2048,
            "height": 1365,
            "aspectRatio": "3/2",
            "captured": "2025-10-07T08:38:23+00:00"
        },
        {
            "filename": "25680731-092051-CAM15670.jpg",
            "width": 2048,
            "height": 1365,
            "aspectRatio": "3/2",
            "captured": "2025-10-07T08:38:24+00:00"
        },
        {
            "filename": "25680731-092121-CAM24103.jpg",
            "width": 2048,
            "height": 1365,
            "aspectRatio": "3/2",
            "captured": "2025-10-07T08:38:25+00:00"
        },
        {
            "filename": "25680731-092450-CAM24110.jpg",
            "width": 2048,
            "height": 1365,
            "aspectRatio": "3/2",
            "captured": "2025-10-07T08:38:27+00:00"
        },
        {
            "filename": "25680731-092511-CAM24113.jpg",
            "width": 1365,
            "height": 2048,
            "aspectRatio": "2/3",
            "captured": "2025-10-07T08:38:29+00:00"
        },
        {
            "filename": "25680731-092521-CAM24114.jpg",
            "width": 2048,
            "height": 1365,
            "aspectRatio": "3/2",
            "captured": "2025-10-07T08:38:30+00:00"
        },
        {
            "filename": "25680731-092536-CAM24118.jpg",
            "width": 2048,
            "height": 1365,
            "aspectRatio": "3/2",
            "captured": "2025-10-07T08:38:32+00:00"
        },
        {
            "filename": "25680731-092725-CAM15674.jpg",
            "width": 2048,
            "height": 1365,
            "aspectRatio": "3/2",
            "captured": "2025-10-07T08:38:33+00:00"
        },
        {
            "filename": "25680731-092806-CAM15675.jpg",
            "width": 2048,
            "height": 1365,
            "aspectRatio": "3/2",
            "captured": "2025-10-07T08:38:34+00:00"
        },
        {
            "filename": "25680731-092828-CAM24123.jpg",
            "width": 2048,
            "height": 1365,
            "aspectRatio": "3/2",
            "captured": "2025-10-07T08:38:36+00:00"
        },
        {
            "filename": "25680731-092842-CAM24126.jpg",
            "width": 2048,
            "height": 1365,
            "aspectRatio": "3/2",
            "captured": "2025-10-07T08:38:38+00:00"
        },
        {
            "filename": "25680731-092954-CAM24132.jpg",
            "width": 2048,
            "height": 1365,
            "aspectRatio": "3/2",
            "captured": "2025-10-07T08:38:39+00:00"
        },
        {
            "filename": "25680731-093007-CAM24135.jpg",
            "width": 2048,
            "height": 1365,
            "aspectRatio": "3/2",
            "captured": "2025-10-07T08:38:41+00:00"
        },
        {
            "filename": "25680731-093139-CAM15677.jpg",
            "width": 2048,
            "height": 1365,
            "aspectRatio": "3/2",
            "captured": "2025-10-07T08:38:42+00:00"
        },
        {
            "filename": "25680731-093155-CAM15678.jpg",
            "width": 2048,
            "height": 1365,
            "aspectRatio": "3/2",
            "captured": "2025-10-07T08:38:43+00:00"
        },
        {
            "filename": "25680731-093211-CAM15681.jpg",
            "width": 2048,
            "height": 1365,
            "aspectRatio": "3/2",
            "captured": "2025-10-07T08:38:45+00:00"
        },
        {
            "filename": "25680731-131839-CAM24137.jpg",
            "width": 2048,
            "height": 1365,
            "aspectRatio": "3/2",
            "captured": "2025-10-07T08:38:46+00:00"
        },
        {
            "filename": "25680731-131932-CAM24139.jpg",
            "width": 2048,
            "height": 1365,
            "aspectRatio": "3/2",
            "captured": "2025-10-07T08:38:47+00:00"
        },
        {
            "filename": "25680731-132038-CAM24141.jpg",
            "width": 2048,
            "height": 1365,
            "aspectRatio": "3/2",
            "captured": "2025-10-07T08:37:21+00:00"
        },
        {
            "filename": "25680731-132054-CAM24144.jpg",
            "width": 2048,
            "height": 1365,
            "aspectRatio": "3/2",
            "captured": "2025-10-07T08:37:22+00:00"
        },
        {
            "filename": "25680731-132121-CAM24145.jpg",
            "width": 2048,
            "height": 1365,
            "aspectRatio": "3/2",
            "captured": "2025-10-07T08:37:24+00:00"
        },
        {
            "filename": "25680731-132152-CAM24148.jpg",
            "width": 2048,
            "height": 1365,
            "aspectRatio": "3/2",
            "captured": "2025-10-07T08:37:25+00:00"
        },
        {
            "filename": "25680731-132223-CAM24151.jpg",
            "width": 2048,
            "height": 1365,
            "aspectRatio": "3/2",
            "captured": "2025-10-07T08:37:26+00:00"
        },
        {
            "filename": "25680731-132300-CAM24153.jpg",
            "width": 2048,
            "height": 1365,
            "aspectRatio": "3/2",
            "captured": "2025-10-07T08:37:28+00:00"
        },
        {
            "filename": "25680731-132332-CAM24157.jpg",
            "width": 2048,
            "height": 1365,
            "aspectRatio": "3/2",
            "captured": "2025-10-07T08:37:29+00:00"
        },
        {
            "filename": "25680731-132408-CAM24159.jpg",
            "width": 2048,
            "height": 1365,
            "aspectRatio": "3/2",
            "captured": "2025-10-07T08:37:31+00:00"
        },
        {
            "filename": "25680731-132545-CAM15691.jpg",
            "width": 2048,
            "height": 1152,
            "aspectRatio": "16/9",
            "captured": "2025-10-07T08:37:32+00:00"
        },
        {
            "filename": "25680731-132556-CAM15702.jpg",
            "width": 2048,
            "height": 1152,
            "aspectRatio": "16/9",
            "captured": "2025-10-07T08:37:33+00:00"
        },
        {
            "filename": "25680731-132748-CAM15705.jpg",
            "width": 2048,
            "height": 1365,
            "aspectRatio": "3/2",
            "captured": "2025-10-07T08:37:35+00:00"
        },
        {
            "filename": "25680731-132829-CAM15711.jpg",
            "width": 2048,
            "height": 1365,
            "aspectRatio": "3/2",
            "captured": "2025-10-07T08:37:36+00:00"
        },
        {
            "filename": "25680731-132909-CAM15715.jpg",
            "width": 2048,
            "height": 1365,
            "aspectRatio": "3/2",
            "captured": "2025-10-07T08:37:37+00:00"
        },
        {
            "filename": "25680731-132912-CAM15718.jpg",
            "width": 2048,
            "height": 1365,
            "aspectRatio": "3/2",
            "captured": "2025-10-07T08:37:39+00:00"
        },
        {
            "filename": "25680731-133008-CAM15720.jpg",
            "width": 2048,
            "height": 1365,
            "aspectRatio": "3/2",
            "captured": "2025-10-07T08:37:41+00:00"
        },
        {
            "filename": "25680731-133012-CAM15726.jpg",
            "width": 2048,
            "height": 1365,
            "aspectRatio": "3/2",
            "captured": "2025-10-07T08:37:42+00:00"
        },
        {
            "filename": "25680731-133041-CAM15727.jpg",
            "width": 2048,
            "height": 1365,
            "aspectRatio": "3/2",
            "captured": "2025-10-07T08:37:44+00:00"
        },
        {
            "filename": "25680731-133047-CAM15732.jpg",
            "width": 2048,
            "height": 1365,
            "aspectRatio": "3/2",
            "captured": "2025-10-07T08:37:45+00:00"
        },
        {
            "filename": "25680731-133135-CAM24162.jpg",
            "width": 2048,
            "height": 1365,
            "aspectRatio": "3/2",
            "captured": "2025-10-07T08:37:47+00:00"
        },
        {
            "filename": "25680731-133210-CAM24164.jpg",
            "width": 1365,
            "height": 2048,
            "aspectRatio": "2/3",
            "captured": "2025-10-07T08:37:48+00:00"
        },
        {
            "filename": "25680731-135423-CAM24176.jpg",
            "width": 2048,
            "height": 1365,
            "aspectRatio": "3/2",
            "captured": "2025-10-07T08:37:49+00:00"
        },
        {
            "filename": "25680731-135833-CAM15736.jpg",
            "width": 2048,
            "height": 1365,
            "aspectRatio": "3/2",
            "captured": "2025-10-07T08:37:51+00:00"
        },
        {
            "filename": "25680731-135940-CAM24180.jpg",
            "width": 2048,
            "height": 1365,
            "aspectRatio": "3/2",
            "captured": "2025-10-07T08:37:52+00:00"
        },
        {
            "filename": "25680731-135949-CAM24183.jpg",
            "width": 2048,
            "height": 1365,
            "aspectRatio": "3/2",
            "captured": "2025-10-07T08:37:54+00:00"
        },
        {
            "filename": "25680731-135953-CAM24188.jpg",
            "width": 1365,
            "height": 2048,
            "aspectRatio": "2/3",
            "captured": "2025-10-07T08:37:55+00:00"
        },
        {
            "filename": "25680731-140022-CAM24191.jpg",
            "width": 1365,
            "height": 2048,
            "aspectRatio": "2/3",
            "captured": "2025-10-07T08:37:56+00:00"
        },
        {
            "filename": "25680731-140027-CAM24193.jpg",
            "width": 1365,
            "height": 2048,
            "aspectRatio": "2/3",
            "captured": "2025-10-07T08:37:58+00:00"
        },
        {
            "filename": "25680731-140120-CAM24198.jpg",
            "width": 2048,
            "height": 1365,
            "aspectRatio": "3/2",
            "captured": "2025-10-07T08:37:59+00:00"
        },
        {
            "filename": "25680731-140123-CAM24202.jpg",
            "width": 2048,
            "height": 1365,
            "aspectRatio": "3/2",
            "captured": "2025-10-07T08:38:01+00:00"
        },
        {
            "filename": "25680731-140248-CAM24206.jpg",
            "width": 2048,
            "height": 1365,
            "aspectRatio": "3/2",
            "captured": "2025-10-07T08:38:02+00:00"
        },
        {
            "filename": "25680731-140250-CAM24210.jpg",
            "width": 2048,
            "height": 1365,
            "aspectRatio": "3/2",
            "captured": "2025-10-07T08:38:03+00:00"
        },
        {
            "filename": "25680731-140251-CAM24212.jpg",
            "width": 2048,
            "height": 1365,
            "aspectRatio": "3/2",
            "captured": "2025-10-07T08:38:05+00:00"
        },
        {
            "filename": "25680731-140410-CAM24217.jpg",
            "width": 2048,
            "height": 1365,
            "aspectRatio": "3/2",
            "captured": "2025-10-07T08:38:08+00:00"
        },
        {
            "filename": "25680731-140410-CAM24219.jpg",
            "width": 2048,
            "height": 1365,
            "aspectRatio": "3/2",
            "captured": "2025-10-07T08:38:09+00:00"
        },
        {
            "filename": "25680731-140411-CAM24221.jpg",
            "width": 2048,
            "height": 1365,
            "aspectRatio": "3/2",
            "captured": "2025-10-07T08:38:10+00:00"
        },
        {
            "filename": "25680731-140503-CAM24226.jpg",
            "width": 2048,
            "height": 1365,
            "aspectRatio": "3/2",
            "captured": "2025-10-07T08:38:12+00:00"
        },
        {
            "filename": "25680731-140508-CAM24230.jpg",
            "width": 2048,
            "height": 1365,
            "aspectRatio": "3/2",
            "captured": "2025-10-07T08:38:13+00:00"
        },
        {
            "filename": "25680731-140618-CAM24251.jpg",
            "width": 2048,
            "height": 1365,
            "aspectRatio": "3/2",
            "captured": "2025-10-07T08:38:15+00:00"
        },
        {
            "filename": "25680731-140813-CAM24255.jpg",
            "width": 2048,
            "height": 1365,
            "aspectRatio": "3/2",
            "captured": "2025-10-07T08:38:16+00:00"
        },
        {
            "filename": "25680731-140819-CAM24257.jpg",
            "width": 2048,
            "height": 1365,
            "aspectRatio": "3/2",
            "captured": "2025-10-07T08:38:18+00:00"
        },
        {
            "filename": "25680731-140835-CAM24260.jpg",
            "width": 2048,
            "height": 1365,
            "aspectRatio": "3/2",
            "captured": "2025-10-07T08:38:19+00:00"
        },
        {
            "filename": "25680731-140838-CAM24263.jpg",
            "width": 2048,
            "height": 1365,
            "aspectRatio": "3/2",
            "captured": "2025-10-07T08:38:20+00:00"
        },
        {
            "filename": "25680731-140919-CAM24264.jpg",
            "width": 2048,
            "height": 1365,
            "aspectRatio": "3/2",
            "captured": "2025-10-07T08:38:22+00:00"
        },
        {
            "filename": "25680731-141008-CAM15744.jpg",
            "width": 2048,
            "height": 1152,
            "aspectRatio": "16/9",
            "captured": "2025-10-07T08:38:23+00:00"
        },
        {
            "filename": "25680731-141036-CAM24265.jpg",
            "width": 1365,
            "height": 2048,
            "aspectRatio": "2/3",
            "captured": "2025-10-07T08:38:25+00:00"
        },
        {
            "filename": "25680731-141039-CAM24267.jpg",
            "width": 1365,
            "height": 2048,
            "aspectRatio": "2/3",
            "captured": "2025-10-07T08:38:27+00:00"
        },
        {
            "filename": "25680731-141058-CAM24273.jpg",
            "width": 2048,
            "height": 1365,
            "aspectRatio": "3/2",
            "captured": "2025-10-07T08:38:28+00:00"
        },
        {
            "filename": "25680731-141144-CAM24275.jpg",
            "width": 2048,
            "height": 1365,
            "aspectRatio": "3/2",
            "captured": "2025-10-07T08:38:29+00:00"
        },
        {
            "filename": "25680731-141316-CAM24276.jpg",
            "width": 2048,
            "height": 1365,
            "aspectRatio": "3/2",
            "captured": "2025-10-07T08:38:30+00:00"
        },
        {
            "filename": "25680731-152541-CAM24283.jpg",
            "width": 2048,
            "height": 1152,
            "aspectRatio": "16/9",
            "captured": "2025-10-07T08:38:32+00:00"
        },
        {
            "filename": "25680731-152556-CAM15752.jpg",
            "width": 2048,
            "height": 1365,
            "aspectRatio": "3/2",
            "captured": "2025-10-07T08:38:33+00:00"
        },
        {
            "filename": "25680731-152559-CAM15753.jpg",
            "width": 2048,
            "height": 1365,
            "aspectRatio": "3/2",
            "captured": "2025-10-07T08:38:35+00:00"
        },
        {
            "filename": "25680731-152600-CAM15754.jpg",
            "width": 2048,
            "height": 1365,
            "aspectRatio": "3/2",
            "captured": "2025-10-07T08:38:37+00:00"
        },
        {
            "filename": "25680731-152715-CAM24290.jpg",
            "width": 1365,
            "height": 2048,
            "aspectRatio": "2/3",
            "captured": "2025-10-07T08:38:38+00:00"
        },
        {
            "filename": "25680731-152716-CAM24293.jpg",
            "width": 1365,
            "height": 2048,
            "aspectRatio": "2/3",
            "captured": "2025-10-07T08:38:40+00:00"
        },
        {
            "filename": "25680731-152728-CAM24299.jpg",
            "width": 1365,
            "height": 2048,
            "aspectRatio": "2/3",
            "captured": "2025-10-07T08:38:41+00:00"
        },
        {
            "filename": "25680731-152731-CAM24305.jpg",
            "width": 1365,
            "height": 2048,
            "aspectRatio": "2/3",
            "captured": "2025-10-07T08:38:43+00:00"
        },
        {
            "filename": "25680731-152743-CAM24312.jpg",
            "width": 1365,
            "height": 2048,
            "aspectRatio": "2/3",
            "captured": "2025-10-07T08:38:44+00:00"
        },
        {
            "filename": "25680731-152744-CAM24315.jpg",
            "width": 1365,
            "height": 2048,
            "aspectRatio": "2/3",
            "captured": "2025-10-07T08:38:45+00:00"
        },
        {
            "filename": "25680731-152755-CAM24319.jpg",
            "width": 1365,
            "height": 2048,
            "aspectRatio": "2/3",
            "captured": "2025-10-07T08:38:47+00:00"
        },
        {
            "filename": "25680731-152806-CAM24326.jpg",
            "width": 1365,
            "height": 2048,
            "aspectRatio": "2/3",
            "captured": "2025-10-07T08:38:48+00:00"
        },
        {
            "filename": "25680731-152821-CAM24335.jpg",
            "width": 1365,
            "height": 2048,
            "aspectRatio": "2/3",
            "captured": "2025-10-07T08:38:49+00:00"
        },
        {
            "filename": "25680731-152828-CAM24347.jpg",
            "width": 1365,
            "height": 2048,
            "aspectRatio": "2/3",
            "captured": "2025-10-07T08:38:51+00:00"
        },
        {
            "filename": "25680731-152835-CAM24350.jpg",
            "width": 1365,
            "height": 2048,
            "aspectRatio": "2/3",
            "captured": "2025-10-07T08:38:52+00:00"
        },
        {
            "filename": "25680731-152836-CAM24352.jpg",
            "width": 1365,
            "height": 2048,
            "aspectRatio": "2/3",
            "captured": "2025-10-07T08:38:02+00:00"
        },
        {
            "filename": "25680731-152838-CAM24356.jpg",
            "width": 1365,
            "height": 2048,
            "aspectRatio": "2/3",
            "captured": "2025-10-07T08:38:04+00:00"
        },
        {
            "filename": "25680731-152839-CAM24359.jpg",
            "width": 1365,
            "height": 2048,
            "aspectRatio": "2/3",
            "captured": "2025-10-07T08:38:05+00:00"
        },
        {
            "filename": "25680731-152855-CAM24370.jpg",
            "width": 1365,
            "height": 2048,
            "aspectRatio": "2/3",
            "captured": "2025-10-07T08:38:06+00:00"
        },
        {
            "filename": "25680731-152855-CAM24374.jpg",
            "width": 1365,
            "height": 2048,
            "aspectRatio": "2/3",
            "captured": "2025-10-07T08:38:08+00:00"
        },
        {
            "filename": "25680731-152857-CAM24377.jpg",
            "width": 1365,
            "height": 2048,
            "aspectRatio": "2/3",
            "captured": "2025-10-07T08:38:10+00:00"
        },
        {
            "filename": "25680731-152906-CAM24382.jpg",
            "width": 1365,
            "height": 2048,
            "aspectRatio": "2/3",
            "captured": "2025-10-07T08:38:11+00:00"
        },
        {
            "filename": "25680731-152910-CAM24390.jpg",
            "width": 1365,
            "height": 2048,
            "aspectRatio": "2/3",
            "captured": "2025-10-07T08:38:13+00:00"
        },
        {
            "filename": "25680731-152921-CAM24395.jpg",
            "width": 1365,
            "height": 2048,
            "aspectRatio": "2/3",
            "captured": "2025-10-07T08:38:14+00:00"
        },
        {
            "filename": "25680731-152924-CAM24400.jpg",
            "width": 1365,
            "height": 2048,
            "aspectRatio": "2/3",
            "captured": "2025-10-07T08:38:15+00:00"
        },
        {
            "filename": "25680731-152926-CAM24403.jpg",
            "width": 1365,
            "height": 2048,
            "aspectRatio": "2/3",
            "captured": "2025-10-07T08:38:17+00:00"
        },
        {
            "filename": "25680731-152940-CAM24413.jpg",
            "width": 1365,
            "height": 2048,
            "aspectRatio": "2/3",
            "captured": "2025-10-07T08:38:18+00:00"
        },
        {
            "filename": "25680731-152951-CAM24425.jpg",
            "width": 1365,
            "height": 2048,
            "aspectRatio": "2/3",
            "captured": "2025-10-07T08:38:20+00:00"
        },
        {
            "filename": "25680731-153006-CAM24434.jpg",
            "width": 1365,
            "height": 2048,
            "aspectRatio": "2/3",
            "captured": "2025-10-07T08:38:21+00:00"
        },
        {
            "filename": "25680731-153008-CAM24438.jpg",
            "width": 1365,
            "height": 2048,
            "aspectRatio": "2/3",
            "captured": "2025-10-07T08:38:23+00:00"
        },
        {
            "filename": "25680731-153020-CAM24445.jpg",
            "width": 1365,
            "height": 2048,
            "aspectRatio": "2/3",
            "captured": "2025-10-07T08:38:25+00:00"
        },
        {
            "filename": "25680731-153035-CAM24450.jpg",
            "width": 1365,
            "height": 2048,
            "aspectRatio": "2/3",
            "captured": "2025-10-07T08:38:26+00:00"
        },
        {
            "filename": "25680731-153039-CAM24461.jpg",
            "width": 1365,
            "height": 2048,
            "aspectRatio": "2/3",
            "captured": "2025-10-07T08:38:27+00:00"
        },
        {
            "filename": "25680731-153051-CAM24467.jpg",
            "width": 1365,
            "height": 2048,
            "aspectRatio": "2/3",
            "captured": "2025-10-07T08:38:29+00:00"
        },
        {
            "filename": "25680731-153055-CAM24471.jpg",
            "width": 1365,
            "height": 2048,
            "aspectRatio": "2/3",
            "captured": "2025-10-07T08:38:31+00:00"
        },
        {
            "filename": "25680731-153106-CAM24472.jpg",
            "width": 1365,
            "height": 2048,
            "aspectRatio": "2/3",
            "captured": "2025-10-07T08:38:33+00:00"
        },
        {
            "filename": "25680731-153110-CAM24475.jpg",
            "width": 1365,
            "height": 2048,
            "aspectRatio": "2/3",
            "captured": "2025-10-07T08:38:34+00:00"
        },
        {
            "filename": "25680731-153142-CAM24480.jpg",
            "width": 1365,
            "height": 2048,
            "aspectRatio": "2/3",
            "captured": "2025-10-07T08:38:36+00:00"
        },
        {
            "filename": "25680731-153202-CAM24482.jpg",
            "width": 1365,
            "height": 2048,
            "aspectRatio": "2/3",
            "captured": "2025-10-07T08:38:37+00:00"
        },
        {
            "filename": "25680731-153208-CAM24485.jpg",
            "width": 1365,
            "height": 2048,
            "aspectRatio": "2/3",
            "captured": "2025-10-07T08:38:38+00:00"
        },
        {
            "filename": "25680731-153328-CAM15768.jpg",
            "width": 2048,
            "height": 1365,
            "aspectRatio": "3/2",
            "captured": "2025-10-07T08:38:40+00:00"
        },
        {
            "filename": "25680731-153332-CAM15769.jpg",
            "width": 2048,
            "height": 1365,
            "aspectRatio": "3/2",
            "captured": "2025-10-07T08:38:42+00:00"
        },
        {
            "filename": "25680731-153349-CAM15771.jpg",
            "width": 2048,
            "height": 1365,
            "aspectRatio": "3/2",
            "captured": "2025-10-07T08:38:43+00:00"
        },
        {
            "filename": "25680731-153356-CAM24487.jpg",
            "width": 2048,
            "height": 1365,
            "aspectRatio": "3/2",
            "captured": "2025-10-07T08:38:45+00:00"
        },
        {
            "filename": "25680731-153402-CAM24488.jpg",
            "width": 2048,
            "height": 1365,
            "aspectRatio": "3/2",
            "captured": "2025-10-07T08:38:46+00:00"
        },
        {
            "filename": "25680731-153413-CAM24490.jpg",
            "width": 2048,
            "height": 1365,
            "aspectRatio": "3/2",
            "captured": "2025-10-07T08:38:48+00:00"
        },
        {
            "filename": "25680731-153514-CAM24491.jpg",
            "width": 1365,
            "height": 2048,
            "aspectRatio": "2/3",
            "captured": "2025-10-07T08:38:49+00:00"
        },
        {
            "filename": "25680731-153553-CAM24495.jpg",
            "width": 1365,
            "height": 2048,
            "aspectRatio": "2/3",
            "captured": "2025-10-07T08:38:51+00:00"
        },
        {
            "filename": "25680731-153557-CAM24498.jpg",
            "width": 1365,
            "height": 2048,
            "aspectRatio": "2/3",
            "captured": "2025-10-07T08:38:53+00:00"
        },
        {
            "filename": "25680731-153558-CAM24500.jpg",
            "width": 1365,
            "height": 2048,
            "aspectRatio": "2/3",
            "captured": "2025-10-07T08:38:54+00:00"
        },
        {
            "filename": "25680731-153607-CAM24502.jpg",
            "width": 1365,
            "height": 2048,
            "aspectRatio": "2/3",
            "captured": "2025-10-07T08:38:55+00:00"
        },
        {
            "filename": "25680731-153814-CAM24508.jpg",
            "width": 1365,
            "height": 2048,
            "aspectRatio": "2/3",
            "captured": "2025-10-07T08:38:57+00:00"
        },
        {
            "filename": "25680731-153935-CAM24522.jpg",
            "width": 1365,
            "height": 2048,
            "aspectRatio": "2/3",
            "captured": "2025-10-07T08:38:58+00:00"
        },
        {
            "filename": "25680731-154020-CAM24536.jpg",
            "width": 2048,
            "height": 1365,
            "aspectRatio": "3/2",
            "captured": "2025-10-07T08:39:00+00:00"
        },
        {
            "filename": "25680731-154054-CAM24539.jpg",
            "width": 1365,
            "height": 2048,
            "aspectRatio": "2/3",
            "captured": "2025-10-07T08:39:01+00:00"
        },
        {
            "filename": "25680731-154055-CAM24541.jpg",
            "width": 1365,
            "height": 2048,
            "aspectRatio": "2/3",
            "captured": "2025-10-07T08:39:03+00:00"
        },
        {
            "filename": "25680731-154057-CAM24546.jpg",
            "width": 1365,
            "height": 2048,
            "aspectRatio": "2/3",
            "captured": "2025-10-07T08:39:04+00:00"
        },
        {
            "filename": "25680731-154058-CAM24548.jpg",
            "width": 1365,
            "height": 2048,
            "aspectRatio": "2/3",
            "captured": "2025-10-07T08:39:06+00:00"
        },
        {
            "filename": "25680731-154117-CAM24555.jpg",
            "width": 1365,
            "height": 2048,
            "aspectRatio": "2/3",
            "captured": "2025-10-07T08:39:07+00:00"
        },
        {
            "filename": "25680731-154134-CAM24563.jpg",
            "width": 1365,
            "height": 2048,
            "aspectRatio": "2/3",
            "captured": "2025-10-07T08:39:09+00:00"
        },
        {
            "filename": "25680731-154142-CAM24567.jpg",
            "width": 1365,
            "height": 2048,
            "aspectRatio": "2/3",
            "captured": "2025-10-07T08:39:10+00:00"
        },
        {
            "filename": "25680731-154155-CAM24572.jpg",
            "width": 1365,
            "height": 2048,
            "aspectRatio": "2/3",
            "captured": "2025-10-07T08:39:11+00:00"
        },
        {
            "filename": "25680731-154216-CAM24578.jpg",
            "width": 2048,
            "height": 1365,
            "aspectRatio": "3/2",
            "captured": "2025-10-07T08:39:12+00:00"
        },
        {
            "filename": "25680731-154256-CAM15778.jpg",
            "width": 2048,
            "height": 1365,
            "aspectRatio": "3/2",
            "captured": "2025-10-07T08:39:15+00:00"
        },
        {
            "filename": "25680731-154317-CAM15790.jpg",
            "width": 2048,
            "height": 1152,
            "aspectRatio": "16/9",
            "captured": "2025-10-07T08:39:16+00:00"
        },
        {
            "filename": "25680731-154412-CAM24588.jpg",
            "width": 1365,
            "height": 2048,
            "aspectRatio": "2/3",
            "captured": "2025-10-07T08:39:17+00:00"
        },
        {
            "filename": "25680731-154449-CAM24596.jpg",
            "width": 1365,
            "height": 2048,
            "aspectRatio": "2/3",
            "captured": "2025-10-07T08:39:19+00:00"
        },
        {
            "filename": "25680731-154524-CAM15793.jpg",
            "width": 2048,
            "height": 1365,
            "aspectRatio": "3/2",
            "captured": "2025-10-07T08:39:20+00:00"
        },
        {
            "filename": "25680731-154539-CAM24609.jpg",
            "width": 2048,
            "height": 1365,
            "aspectRatio": "3/2",
            "captured": "2025-10-07T08:39:22+00:00"
        },
        {
            "filename": "25680731-154544-CAM24612.jpg",
            "width": 1365,
            "height": 2048,
            "aspectRatio": "2/3",
            "captured": "2025-10-07T08:39:24+00:00"
        },
        {
            "filename": "25680731-154629-CAM15797.jpg",
            "width": 2048,
            "height": 1365,
            "aspectRatio": "3/2",
            "captured": "2025-10-07T08:39:25+00:00"
        },
        {
            "filename": "25680731-154652-CAM15800.jpg",
            "width": 2048,
            "height": 1152,
            "aspectRatio": "16/9",
            "captured": "2025-10-07T08:39:26+00:00"
        },
        {
            "filename": "25680731-154712-CAM24614.jpg",
            "width": 2048,
            "height": 1365,
            "aspectRatio": "3/2",
            "captured": "2025-10-07T08:39:27+00:00"
        },
        {
            "filename": "25680731-154823-CAM24619.jpg",
            "width": 2048,
            "height": 1365,
            "aspectRatio": "3/2",
            "captured": "2025-10-07T08:39:29+00:00"
        },
        {
            "filename": "25680731-154840-CAM15808.jpg",
            "width": 2048,
            "height": 1152,
            "aspectRatio": "16/9",
            "captured": "2025-10-07T08:39:30+00:00"
        },
        {
            "filename": "25680731-155022-CAM24638.jpg",
            "width": 2048,
            "height": 1365,
            "aspectRatio": "3/2",
            "captured": "2025-10-07T08:39:32+00:00"
        },
        {
            "filename": "25680731-155109-CAM24644.jpg",
            "width": 2048,
            "height": 1365,
            "aspectRatio": "3/2",
            "captured": "2025-10-07T08:39:33+00:00"
        },
        {
            "filename": "25680731-155120-CAM24646.jpg",
            "width": 2048,
            "height": 1365,
            "aspectRatio": "3/2",
            "captured": "2025-10-07T08:39:35+00:00"
        },
        {
            "filename": "25680731-155550-CAM15813.jpg",
            "width": 1365,
            "height": 2048,
            "aspectRatio": "2/3",
            "captured": "2025-10-07T08:39:36+00:00"
        },
        {
            "filename": "25680731-155610-CAM15817.jpg",
            "width": 2048,
            "height": 1365,
            "aspectRatio": "3/2",
            "captured": "2025-10-07T08:38:07+00:00"
        },
        {
            "filename": "25680731-155629-CAM15823.jpg",
            "width": 1365,
            "height": 2048,
            "aspectRatio": "2/3",
            "captured": "2025-10-07T08:38:08+00:00"
        },
        {
            "filename": "25680731-155659-CAM24652.jpg",
            "width": 1365,
            "height": 2048,
            "aspectRatio": "2/3",
            "captured": "2025-10-07T08:38:10+00:00"
        },
        {
            "filename": "25680731-155818-CAM24657.jpg",
            "width": 2048,
            "height": 1365,
            "aspectRatio": "3/2",
            "captured": "2025-10-07T08:38:11+00:00"
        },
        {
            "filename": "25680731-155838-CAM24663.jpg",
            "width": 2048,
            "height": 1365,
            "aspectRatio": "3/2",
            "captured": "2025-10-07T08:38:13+00:00"
        },
        {
            "filename": "25680731-155958-CAM15829.jpg",
            "width": 1365,
            "height": 2048,
            "aspectRatio": "2/3",
            "captured": "2025-10-07T08:38:14+00:00"
        },
        {
            "filename": "25680731-160010-CAM15833.jpg",
            "width": 1365,
            "height": 2048,
            "aspectRatio": "2/3",
            "captured": "2025-10-07T08:38:16+00:00"
        },
        {
            "filename": "25680731-160211-CAM15840.jpg",
            "width": 2048,
            "height": 1365,
            "aspectRatio": "3/2",
            "captured": "2025-10-07T08:38:17+00:00"
        },
        {
            "filename": "25680731-160220-CAM15846.jpg",
            "width": 2048,
            "height": 1365,
            "aspectRatio": "3/2",
            "captured": "2025-10-07T08:38:18+00:00"
        },
        {
            "filename": "25680731-160304-CAM24670.jpg",
            "width": 1365,
            "height": 2048,
            "aspectRatio": "2/3",
            "captured": "2025-10-07T08:38:20+00:00"
        },
        {
            "filename": "25680731-160330-CAM24674.jpg",
            "width": 2048,
            "height": 1365,
            "aspectRatio": "3/2",
            "captured": "2025-10-07T08:38:21+00:00"
        },
        {
            "filename": "25680731-160344-CAM24682.jpg",
            "width": 1365,
            "height": 2048,
            "aspectRatio": "2/3",
            "captured": "2025-10-07T08:38:22+00:00"
        },
        {
            "filename": "25680731-161013-CAM24696.jpg",
            "width": 1365,
            "height": 2048,
            "aspectRatio": "2/3",
            "captured": "2025-10-07T08:38:24+00:00"
        },
        {
            "filename": "25680731-161014-CAM24698.jpg",
            "width": 1365,
            "height": 2048,
            "aspectRatio": "2/3",
            "captured": "2025-10-07T08:38:25+00:00"
        },
        {
            "filename": "25680731-161025-CAM24704.jpg",
            "width": 1365,
            "height": 2048,
            "aspectRatio": "2/3",
            "captured": "2025-10-07T08:38:26+00:00"
        },
        {
            "filename": "25680731-170106-CAM24705.jpg",
            "width": 2048,
            "height": 1365,
            "aspectRatio": "3/2",
            "captured": "2025-10-07T08:38:28+00:00"
        },
        {
            "filename": "25680731-170122-CAM24707.jpg",
            "width": 1365,
            "height": 2048,
            "aspectRatio": "2/3",
            "captured": "2025-10-07T08:38:29+00:00"
        },
        {
            "filename": "25680731-170137-CAM15851.jpg",
            "width": 2048,
            "height": 1365,
            "aspectRatio": "3/2",
            "captured": "2025-10-07T08:38:30+00:00"
        },
        {
            "filename": "25680731-170212-CAM24708.jpg",
            "width": 2048,
            "height": 1365,
            "aspectRatio": "3/2",
            "captured": "2025-10-07T08:38:32+00:00"
        },
        {
            "filename": "25680731-170216-CAM24710.jpg",
            "width": 2048,
            "height": 1365,
            "aspectRatio": "3/2",
            "captured": "2025-10-07T08:38:33+00:00"
        },
        {
            "filename": "25680731-170239-CAM15857.jpg",
            "width": 2048,
            "height": 1365,
            "aspectRatio": "3/2",
            "captured": "2025-10-07T08:38:35+00:00"
        },
        {
            "filename": "25680731-170247-CAM15860.jpg",
            "width": 2048,
            "height": 1365,
            "aspectRatio": "3/2",
            "captured": "2025-10-07T08:38:36+00:00"
        },
        {
            "filename": "25680731-170302-CAM24721.jpg",
            "width": 2048,
            "height": 1365,
            "aspectRatio": "3/2",
            "captured": "2025-10-07T08:38:37+00:00"
        },
        {
            "filename": "25680731-170303-CAM24723.jpg",
            "width": 1365,
            "height": 2048,
            "aspectRatio": "2/3",
            "captured": "2025-10-07T08:38:39+00:00"
        },
        {
            "filename": "25680731-170329-CAM15863.jpg",
            "width": 2048,
            "height": 1365,
            "aspectRatio": "3/2",
            "captured": "2025-10-07T08:38:40+00:00"
        },
        {
            "filename": "25680731-170359-CAM24727.jpg",
            "width": 2048,
            "height": 1365,
            "aspectRatio": "3/2",
            "captured": "2025-10-07T08:38:41+00:00"
        },
        {
            "filename": "25680731-170403-CAM24733.jpg",
            "width": 2048,
            "height": 1365,
            "aspectRatio": "3/2",
            "captured": "2025-10-07T08:38:42+00:00"
        },
        {
            "filename": "25680731-170405-CAM24738.jpg",
            "width": 2048,
            "height": 1365,
            "aspectRatio": "3/2",
            "captured": "2025-10-07T08:38:44+00:00"
        },
        {
            "filename": "25680731-170407-CAM24739.jpg",
            "width": 2048,
            "height": 1365,
            "aspectRatio": "3/2",
            "captured": "2025-10-07T08:38:45+00:00"
        },
        {
            "filename": "25680731-170733-CAM15864.jpg",
            "width": 2048,
            "height": 1365,
            "aspectRatio": "3/2",
            "captured": "2025-10-07T08:38:47+00:00"
        },
        {
            "filename": "25680731-170744-CAM15868.jpg",
            "width": 2048,
            "height": 1365,
            "aspectRatio": "3/2",
            "captured": "2025-10-07T08:38:48+00:00"
        },
        {
            "filename": "25680731-170901-CAM24742.jpg",
            "width": 2048,
            "height": 1365,
            "aspectRatio": "3/2",
            "captured": "2025-10-07T08:38:50+00:00"
        },
        {
            "filename": "25680731-171013-CAM15871.jpg",
            "width": 2048,
            "height": 1365,
            "aspectRatio": "3/2",
            "captured": "2025-10-07T08:38:51+00:00"
        },
        {
            "filename": "25680731-171046-CAM24752.jpg",
            "width": 2048,
            "height": 1365,
            "aspectRatio": "3/2",
            "captured": "2025-10-07T08:38:53+00:00"
        },
        {
            "filename": "25680731-171053-CAM24756.jpg",
            "width": 2048,
            "height": 1365,
            "aspectRatio": "3/2",
            "captured": "2025-10-07T08:38:54+00:00"
        },
        {
            "filename": "25680731-171126-CAM24763.jpg",
            "width": 2048,
            "height": 1365,
            "aspectRatio": "3/2",
            "captured": "2025-10-07T08:38:55+00:00"
        },
        {
            "filename": "25680731-171131-CAM24765.jpg",
            "width": 2048,
            "height": 1365,
            "aspectRatio": "3/2",
            "captured": "2025-10-07T08:38:57+00:00"
        },
        {
            "filename": "25680731-171132-CAM24766.jpg",
            "width": 1365,
            "height": 2048,
            "aspectRatio": "2/3",
            "captured": "2025-10-07T08:38:58+00:00"
        },
        {
            "filename": "25680731-171151-CAM24770.jpg",
            "width": 2048,
            "height": 1365,
            "aspectRatio": "3/2",
            "captured": "2025-10-07T08:39:00+00:00"
        },
        {
            "filename": "25680731-171155-CAM24771.jpg",
            "width": 2048,
            "height": 1365,
            "aspectRatio": "3/2",
            "captured": "2025-10-07T08:39:01+00:00"
        },
        {
            "filename": "25680731-171231-CAM15875.jpg",
            "width": 2048,
            "height": 1365,
            "aspectRatio": "3/2",
            "captured": "2025-10-07T08:39:03+00:00"
        },
        {
            "filename": "25680731-171259-CAM24772.jpg",
            "width": 2048,
            "height": 1365,
            "aspectRatio": "3/2",
            "captured": "2025-10-07T08:39:04+00:00"
        },
        {
            "filename": "25680731-171413-CAM15886.jpg",
            "width": 2048,
            "height": 1365,
            "aspectRatio": "3/2",
            "captured": "2025-10-07T08:39:06+00:00"
        },
        {
            "filename": "25680731-171521-CAM15888.jpg",
            "width": 2048,
            "height": 1365,
            "aspectRatio": "3/2",
            "captured": "2025-10-07T08:39:07+00:00"
        },
        {
            "filename": "25680731-171906-CAM24785.jpg",
            "width": 2048,
            "height": 1365,
            "aspectRatio": "3/2",
            "captured": "2025-10-07T08:39:09+00:00"
        },
        {
            "filename": "25680731-171944-CAM15899.jpg",
            "width": 2048,
            "height": 1365,
            "aspectRatio": "3/2",
            "captured": "2025-10-07T08:39:10+00:00"
        },
        {
            "filename": "25680731-171946-CAM15900.jpg",
            "width": 2048,
            "height": 1365,
            "aspectRatio": "3/2",
            "captured": "2025-10-07T08:39:12+00:00"
        },
        {
            "filename": "25680731-171958-CAM15908.jpg",
            "width": 2048,
            "height": 1365,
            "aspectRatio": "3/2",
            "captured": "2025-10-07T08:39:13+00:00"
        },
        {
            "filename": "25680731-172044-CAM15910.jpg",
            "width": 2048,
            "height": 1365,
            "aspectRatio": "3/2",
            "captured": "2025-10-07T08:39:14+00:00"
        },
        {
            "filename": "25680731-172105-CAM24786.jpg",
            "width": 2048,
            "height": 1365,
            "aspectRatio": "3/2",
            "captured": "2025-10-07T08:39:16+00:00"
        },
        {
            "filename": "25680731-172237-CAM24789.jpg",
            "width": 2048,
            "height": 1365,
            "aspectRatio": "3/2",
            "captured": "2025-10-07T08:39:17+00:00"
        },
        {
            "filename": "25680731-172534-CAM15912.jpg",
            "width": 2048,
            "height": 1365,
            "aspectRatio": "3/2",
            "captured": "2025-10-07T08:39:18+00:00"
        },
        {
            "filename": "25680731-172536-CAM15919.jpg",
            "width": 2048,
            "height": 1365,
            "aspectRatio": "3/2",
            "captured": "2025-10-07T08:39:20+00:00"
        },
        {
            "filename": "25680731-172547-CAM15923.jpg",
            "width": 2048,
            "height": 1365,
            "aspectRatio": "3/2",
            "captured": "2025-10-07T08:39:21+00:00"
        },
        {
            "filename": "25680731-172724-CAM24806.jpg",
            "width": 2048,
            "height": 1365,
            "aspectRatio": "3/2",
            "captured": "2025-10-07T08:39:22+00:00"
        },
        {
            "filename": "25680731-172728-CAM24808.jpg",
            "width": 2048,
            "height": 1365,
            "aspectRatio": "3/2",
            "captured": "2025-10-07T08:39:23+00:00"
        },
        {
            "filename": "25680731-173514-CAM24818.jpg",
            "width": 1365,
            "height": 2048,
            "aspectRatio": "2/3",
            "captured": "2025-10-07T08:39:25+00:00"
        },
        {
            "filename": "25680731-173647-CAM24832.jpg",
            "width": 1365,
            "height": 2048,
            "aspectRatio": "2/3",
            "captured": "2025-10-07T08:39:27+00:00"
        },
        {
            "filename": "25680731-174233-CAM24834.jpg",
            "width": 2048,
            "height": 1365,
            "aspectRatio": "3/2",
            "captured": "2025-10-07T08:39:28+00:00"
        },
        {
            "filename": "25680731-174535-CAM24837.jpg",
            "width": 1365,
            "height": 2048,
            "aspectRatio": "2/3",
            "captured": "2025-10-07T08:39:29+00:00"
        },
        {
            "filename": "25680731-174645-CAM24839.jpg",
            "width": 2048,
            "height": 1365,
            "aspectRatio": "3/2",
            "captured": "2025-10-07T08:39:31+00:00"
        },
        {
            "filename": "25680731-174740-CAM24844.jpg",
            "width": 2048,
            "height": 1365,
            "aspectRatio": "3/2",
            "captured": "2025-10-07T08:39:33+00:00"
        },
        {
            "filename": "25680731-174841-CAM24861.jpg",
            "width": 2048,
            "height": 1365,
            "aspectRatio": "3/2",
            "captured": "2025-10-07T08:39:34+00:00"
        },
        {
            "filename": "25680731-175710-CAM24874.jpg",
            "width": 2048,
            "height": 1365,
            "aspectRatio": "3/2",
            "captured": "2025-10-07T08:39:36+00:00"
        },
        {
            "filename": "25680731-180000-CAM24878.jpg",
            "width": 2048,
            "height": 1152,
            "aspectRatio": "16/9",
            "captured": "2025-10-07T08:38:16+00:00"
        },
        {
            "filename": "25680731-182226-CAM24900.jpg",
            "width": 2048,
            "height": 1365,
            "aspectRatio": "3/2",
            "captured": "2025-10-07T08:38:18+00:00"
        },
        {
            "filename": "25680731-183346-CAM24904.jpg",
            "width": 2048,
            "height": 1365,
            "aspectRatio": "3/2",
            "captured": "2025-10-07T08:38:19+00:00"
        },
        {
            "filename": "25680731-183359-CAM24908.jpg",
            "width": 2048,
            "height": 1365,
            "aspectRatio": "3/2",
            "captured": "2025-10-07T08:38:21+00:00"
        },
        {
            "filename": "25680731-183415-CAM24912.jpg",
            "width": 2048,
            "height": 1365,
            "aspectRatio": "3/2",
            "captured": "2025-10-07T08:38:22+00:00"
        },
        {
            "filename": "25680731-183624-CAM24924.jpg",
            "width": 2048,
            "height": 1365,
            "aspectRatio": "3/2",
            "captured": "2025-10-07T08:38:24+00:00"
        },
        {
            "filename": "25680731-183626-CAM24929.jpg",
            "width": 2048,
            "height": 1365,
            "aspectRatio": "3/2",
            "captured": "2025-10-07T08:38:26+00:00"
        },
        {
            "filename": "25680731-183635-CAM24932.jpg",
            "width": 2048,
            "height": 1365,
            "aspectRatio": "3/2",
            "captured": "2025-10-07T08:38:27+00:00"
        },
        {
            "filename": "25680731-183703-CAM24934.jpg",
            "width": 2048,
            "height": 1365,
            "aspectRatio": "3/2",
            "captured": "2025-10-07T08:38:28+00:00"
        },
        {
            "filename": "25680731-183716-CAM24937.jpg",
            "width": 2048,
            "height": 1365,
            "aspectRatio": "3/2",
            "captured": "2025-10-07T08:38:31+00:00"
        },
        {
            "filename": "25680731-183730-CAM24939.jpg",
            "width": 2048,
            "height": 1365,
            "aspectRatio": "3/2",
            "captured": "2025-10-07T08:38:32+00:00"
        },
        {
            "filename": "25680731-183735-CAM24941.jpg",
            "width": 2048,
            "height": 1365,
            "aspectRatio": "3/2",
            "captured": "2025-10-07T08:38:33+00:00"
        },
        {
            "filename": "25680731-183736-CAM24942.jpg",
            "width": 2048,
            "height": 1365,
            "aspectRatio": "3/2",
            "captured": "2025-10-07T08:38:35+00:00"
        },
        {
            "filename": "25680731-183740-CAM24946.jpg",
            "width": 2048,
            "height": 1365,
            "aspectRatio": "3/2",
            "captured": "2025-10-07T08:38:36+00:00"
        },
        {
            "filename": "25680731-183804-CAM24948.jpg",
            "width": 2048,
            "height": 1365,
            "aspectRatio": "3/2",
            "captured": "2025-10-07T08:38:37+00:00"
        },
        {
            "filename": "25680731-183808-CAM24950.jpg",
            "width": 2048,
            "height": 1365,
            "aspectRatio": "3/2",
            "captured": "2025-10-07T08:38:39+00:00"
        },
        {
            "filename": "25680731-183824-CAM24952.jpg",
            "width": 2048,
            "height": 1365,
            "aspectRatio": "3/2",
            "captured": "2025-10-07T08:38:40+00:00"
        },
        {
            "filename": "25680731-183849-CAM24956.jpg",
            "width": 1365,
            "height": 2048,
            "aspectRatio": "2/3",
            "captured": "2025-10-07T08:38:42+00:00"
        },
        {
            "filename": "25680731-183851-CAM24957.jpg",
            "width": 2048,
            "height": 1365,
            "aspectRatio": "3/2",
            "captured": "2025-10-07T08:38:43+00:00"
        },
        {
            "filename": "25680731-183854-CAM24958.jpg",
            "width": 2048,
            "height": 1365,
            "aspectRatio": "3/2",
            "captured": "2025-10-07T08:38:45+00:00"
        },
        {
            "filename": "25680731-183919-CAM24963.jpg",
            "width": 2048,
            "height": 1365,
            "aspectRatio": "3/2",
            "captured": "2025-10-07T08:38:46+00:00"
        },
        {
            "filename": "25680731-183926-CAM24965.jpg",
            "width": 2048,
            "height": 1365,
            "aspectRatio": "3/2",
            "captured": "2025-10-07T08:38:48+00:00"
        },
        {
            "filename": "25680731-183926-CAM24966.jpg",
            "width": 2048,
            "height": 1365,
            "aspectRatio": "3/2",
            "captured": "2025-10-07T08:38:50+00:00"
        },
        {
            "filename": "25680731-184031-CAM24983.jpg",
            "width": 2048,
            "height": 1365,
            "aspectRatio": "3/2",
            "captured": "2025-10-07T08:38:51+00:00"
        },
        {
            "filename": "25680731-184048-CAM24984.jpg",
            "width": 1365,
            "height": 2048,
            "aspectRatio": "2/3",
            "captured": "2025-10-07T08:38:52+00:00"
        },
        {
            "filename": "25680731-184108-CAM24985.jpg",
            "width": 2048,
            "height": 1365,
            "aspectRatio": "3/2",
            "captured": "2025-10-07T08:38:53+00:00"
        },
        {
            "filename": "25680731-184115-CAM24990.jpg",
            "width": 2048,
            "height": 1365,
            "aspectRatio": "3/2",
            "captured": "2025-10-07T08:38:55+00:00"
        },
        {
            "filename": "25680731-184154-CAM24996.jpg",
            "width": 2048,
            "height": 1365,
            "aspectRatio": "3/2",
            "captured": "2025-10-07T08:38:56+00:00"
        },
        {
            "filename": "25680731-184214-CAM24999.jpg",
            "width": 2048,
            "height": 1365,
            "aspectRatio": "3/2",
            "captured": "2025-10-07T08:38:58+00:00"
        },
        {
            "filename": "25680731-184258-CAM25013.jpg",
            "width": 2048,
            "height": 1365,
            "aspectRatio": "3/2",
            "captured": "2025-10-07T08:38:59+00:00"
        },
        {
            "filename": "25680731-184501-CAM25019.jpg",
            "width": 2048,
            "height": 1365,
            "aspectRatio": "3/2",
            "captured": "2025-10-07T08:39:00+00:00"
        },
        {
            "filename": "25680731-184640-CAM25024.jpg",
            "width": 2048,
            "height": 1365,
            "aspectRatio": "3/2",
            "captured": "2025-10-07T08:39:02+00:00"
        },
        {
            "filename": "25680731-184644-CAM25026.jpg",
            "width": 2048,
            "height": 1365,
            "aspectRatio": "3/2",
            "captured": "2025-10-07T08:39:04+00:00"
        },
        {
            "filename": "25680731-184858-CAM25039.jpg",
            "width": 2048,
            "height": 1365,
            "aspectRatio": "3/2",
            "captured": "2025-10-07T08:39:05+00:00"
        },
        {
            "filename": "25680731-184903-CAM25040.jpg",
            "width": 2048,
            "height": 1365,
            "aspectRatio": "3/2",
            "captured": "2025-10-07T08:39:06+00:00"
        },
        {
            "filename": "25680731-184945-CAM25045.jpg",
            "width": 2048,
            "height": 1365,
            "aspectRatio": "3/2",
            "captured": "2025-10-07T08:39:08+00:00"
        },
        {
            "filename": "25680731-185057-CAM25046.jpg",
            "width": 2048,
            "height": 1365,
            "aspectRatio": "3/2",
            "captured": "2025-10-07T08:39:10+00:00"
        },
        {
            "filename": "25680731-185102-CAM25048.jpg",
            "width": 2048,
            "height": 1365,
            "aspectRatio": "3/2",
            "captured": "2025-10-07T08:39:12+00:00"
        },
        {
            "filename": "25680731-185211-CAM25050.jpg",
            "width": 2048,
            "height": 1365,
            "aspectRatio": "3/2",
            "captured": "2025-10-07T08:39:13+00:00"
        },
        {
            "filename": "25680731-185216-CAM25052.jpg",
            "width": 2048,
            "height": 1365,
            "aspectRatio": "3/2",
            "captured": "2025-10-07T08:39:15+00:00"
        },
        {
            "filename": "25680731-185237-CAM25054.jpg",
            "width": 2048,
            "height": 1365,
            "aspectRatio": "3/2",
            "captured": "2025-10-07T08:39:16+00:00"
        },
        {
            "filename": "25680731-185259-CAM25057.jpg",
            "width": 2048,
            "height": 1365,
            "aspectRatio": "3/2",
            "captured": "2025-10-07T08:39:18+00:00"
        },
        {
            "filename": "25680731-185334-CAM25064.jpg",
            "width": 2048,
            "height": 1365,
            "aspectRatio": "3/2",
            "captured": "2025-10-07T08:39:20+00:00"
        },
        {
            "filename": "25680731-185340-CAM25068.jpg",
            "width": 2048,
            "height": 1365,
            "aspectRatio": "3/2",
            "captured": "2025-10-07T08:39:21+00:00"
        },
        {
            "filename": "25680731-185447-CAM25070.jpg",
            "width": 2048,
            "height": 1365,
            "aspectRatio": "3/2",
            "captured": "2025-10-07T08:39:23+00:00"
        },
        {
            "filename": "25680731-185450-CAM25075.jpg",
            "width": 2048,
            "height": 1365,
            "aspectRatio": "3/2",
            "captured": "2025-10-07T08:39:24+00:00"
        },
        {
            "filename": "25680731-185451-CAM25077.jpg",
            "width": 2048,
            "height": 1365,
            "aspectRatio": "3/2",
            "captured": "2025-10-07T08:39:26+00:00"
        },
        {
            "filename": "25680731-185617-CAM25097.jpg",
            "width": 1365,
            "height": 2048,
            "aspectRatio": "2/3",
            "captured": "2025-10-07T08:39:27+00:00"
        },
        {
            "filename": "25680731-185911-CAM25115.jpg",
            "width": 2048,
            "height": 1152,
            "aspectRatio": "16/9",
            "captured": "2025-10-07T08:39:28+00:00"
        },
        {
            "filename": "25680731-190002-CAM25123.jpg",
            "width": 2048,
            "height": 1365,
            "aspectRatio": "3/2",
            "captured": "2025-10-07T08:39:30+00:00"
        },
        {
            "filename": "25680731-190005-CAM25125.jpg",
            "width": 2048,
            "height": 1365,
            "aspectRatio": "3/2",
            "captured": "2025-10-07T08:39:32+00:00"
        },
        {
            "filename": "25680731-190007-CAM25126.jpg",
            "width": 2048,
            "height": 1365,
            "aspectRatio": "3/2",
            "captured": "2025-10-07T08:39:34+00:00"
        },
        {
            "filename": "25680731-190053-CAM25130.jpg",
            "width": 1365,
            "height": 2048,
            "aspectRatio": "2/3",
            "captured": "2025-10-07T08:39:35+00:00"
        },
        {
            "filename": "25680731-190612-CAM25133.jpg",
            "width": 2048,
            "height": 1365,
            "aspectRatio": "3/2",
            "captured": "2025-10-07T08:39:36+00:00"
        },
        {
            "filename": "25680731-190622-CAM25139.jpg",
            "width": 2048,
            "height": 1365,
            "aspectRatio": "3/2",
            "captured": "2025-10-07T08:39:38+00:00"
        },
        {
            "filename": "25680731-190633-CAM25142.jpg",
            "width": 2048,
            "height": 1365,
            "aspectRatio": "3/2",
            "captured": "2025-10-07T08:39:39+00:00"
        },
        {
            "filename": "25680731-190647-CAM25146.jpg",
            "width": 2048,
            "height": 1365,
            "aspectRatio": "3/2",
            "captured": "2025-10-07T08:39:40+00:00"
        },
        {
            "filename": "25680731-190752-CAM25170.jpg",
            "width": 2048,
            "height": 1365,
            "aspectRatio": "3/2",
            "captured": "2025-10-07T08:39:41+00:00"
        },
        {
            "filename": "25680731-190808-CAM25175.jpg",
            "width": 2048,
            "height": 1365,
            "aspectRatio": "3/2",
            "captured": "2025-10-07T08:39:43+00:00"
        },
        {
            "filename": "25680731-190839-CAM25176.jpg",
            "width": 1365,
            "height": 2048,
            "aspectRatio": "2/3",
            "captured": "2025-10-07T08:39:44+00:00"
        },
        {
            "filename": "25680731-190918-CAM25179.jpg",
            "width": 1365,
            "height": 2048,
            "aspectRatio": "2/3",
            "captured": "2025-10-07T08:39:45+00:00"
        },
        {
            "filename": "25680731-191007-CAM25184.jpg",
            "width": 2048,
            "height": 1365,
            "aspectRatio": "3/2",
            "captured": "2025-10-07T08:39:47+00:00"
        },
        {
            "filename": "25680731-191027-CAM25186.jpg",
            "width": 2048,
            "height": 1365,
            "aspectRatio": "3/2",
            "captured": "2025-10-07T08:39:49+00:00"
        },
        {
            "filename": "25680731-191141-CAM25193.jpg",
            "width": 2048,
            "height": 1365,
            "aspectRatio": "3/2",
            "captured": "2025-10-07T08:39:50+00:00"
        },
        {
            "filename": "25680731-191229-CAM25197.jpg",
            "width": 1365,
            "height": 2048,
            "aspectRatio": "2/3",
            "captured": "2025-10-07T08:38:19+00:00"
        },
        {
            "filename": "25680731-191341-CAM25200.jpg",
            "width": 2048,
            "height": 1365,
            "aspectRatio": "3/2",
            "captured": "2025-10-07T08:38:20+00:00"
        },
        {
            "filename": "25680731-191945-CAM25211.jpg",
            "width": 2048,
            "height": 1365,
            "aspectRatio": "3/2",
            "captured": "2025-10-07T08:38:21+00:00"
        },
        {
            "filename": "25680731-191958-CAM25212.jpg",
            "width": 2048,
            "height": 1365,
            "aspectRatio": "3/2",
            "captured": "2025-10-07T08:38:23+00:00"
        },
        {
            "filename": "25680731-192012-CAM25214.jpg",
            "width": 1365,
            "height": 2048,
            "aspectRatio": "2/3",
            "captured": "2025-10-07T08:38:24+00:00"
        },
        {
            "filename": "25680731-192044-CAM25216.jpg",
            "width": 2048,
            "height": 1365,
            "aspectRatio": "3/2",
            "captured": "2025-10-07T08:38:25+00:00"
        },
        {
            "filename": "25680731-192147-CAM25218.jpg",
            "width": 2048,
            "height": 1365,
            "aspectRatio": "3/2",
            "captured": "2025-10-07T08:38:27+00:00"
        },
        {
            "filename": "25680731-192201-CAM25220.jpg",
            "width": 2048,
            "height": 1365,
            "aspectRatio": "3/2",
            "captured": "2025-10-07T08:38:28+00:00"
        },
        {
            "filename": "25680731-192212-CAM25221.jpg",
            "width": 2048,
            "height": 1365,
            "aspectRatio": "3/2",
            "captured": "2025-10-07T08:38:30+00:00"
        },
        {
            "filename": "25680731-192219-CAM25222.jpg",
            "width": 2048,
            "height": 1365,
            "aspectRatio": "3/2",
            "captured": "2025-10-07T08:38:31+00:00"
        },
        {
            "filename": "25680731-192223-CAM25223.jpg",
            "width": 2048,
            "height": 1365,
            "aspectRatio": "3/2",
            "captured": "2025-10-07T08:38:32+00:00"
        },
        {
            "filename": "25680731-192312-CAM25224.jpg",
            "width": 2048,
            "height": 1365,
            "aspectRatio": "3/2",
            "captured": "2025-10-07T08:38:34+00:00"
        }
    ]
}