{
    "id": "c225c3c1",
    "store": "public",
    "subdir": "",
    "folder": "พิธีพุทธาภิเษก พระพุทธพิมพ์ วไลยอลงกรณ์ ทรงจิตรลดา ๕๐ ปี ในพระบรมราชูปถัมภ์",
    "title": "พิธีพุทธาภิเษก พระพุทธพิมพ์ วไลยอลงกรณ์ ทรงจิตรลดา ๕๐ ปี ในพระบรมราชูปถัมภ์",
    "images": [
        {
            "filename": "cover.jpg",
            "width": 5616,
            "height": 3744,
            "aspectRatio": "3/2",
            "captured": "2025-11-12T12:44:58+00:00"
        },
        {
            "filename": "25681112-055535-CAM23065.jpg",
            "width": 4950,
            "height": 3300,
            "aspectRatio": "3/2",
            "captured": "2025-11-12T12:39:54+00:00"
        },
        {
            "filename": "25681112-060540-CAM23069.jpg",
            "width": 5630,
            "height": 3753,
            "aspectRatio": "3/2",
            "captured": "2025-11-12T12:39:11+00:00"
        },
        {
            "filename": "25681112-061137-CAM23075.jpg",
            "width": 3521,
            "height": 5281,
            "aspectRatio": "2/3",
            "captured": "2025-11-12T12:39:14+00:00"
        },
        {
            "filename": "25681112-064834-CAM23099.jpg",
            "width": 5760,
            "height": 3840,
            "aspectRatio": "3/2",
            "captured": "2025-11-12T12:39:24+00:00"
        },
        {
            "filename": "25681112-065005-CAM23102.jpg",
            "width": 3840,
            "height": 5760,
            "aspectRatio": "2/3",
            "captured": "2025-11-12T12:39:27+00:00"
        },
        {
            "filename": "25681112-065133-CAM23105.jpg",
            "width": 5760,
            "height": 3840,
            "aspectRatio": "3/2",
            "captured": "2025-11-12T12:39:39+00:00"
        },
        {
            "filename": "25681112-065147-CAM23106.jpg",
            "width": 3840,
            "height": 5760,
            "aspectRatio": "2/3",
            "captured": "2025-11-12T12:39:45+00:00"
        },
        {
            "filename": "25681112-065242-CAM23112.jpg",
            "width": 3473,
            "height": 5209,
            "aspectRatio": "2/3",
            "captured": "2025-11-12T12:39:53+00:00"
        },
        {
            "filename": "25681112-065446-CAM18966.jpg",
            "width": 5760,
            "height": 3840,
            "aspectRatio": "3/2",
            "captured": "2025-11-12T12:39:58+00:00"
        },
        {
            "filename": "25681112-065653-CAM23114.jpg",
            "width": 3569,
            "height": 5354,
            "aspectRatio": "2/3",
            "captured": "2025-11-12T12:40:03+00:00"
        },
        {
            "filename": "25681112-065725-CAM23115.jpg",
            "width": 3840,
            "height": 5760,
            "aspectRatio": "2/3",
            "captured": "2025-11-12T12:40:05+00:00"
        },
        {
            "filename": "25681112-065800-CAM23116.jpg",
            "width": 3840,
            "height": 5760,
            "aspectRatio": "2/3",
            "captured": "2025-11-12T12:40:08+00:00"
        },
        {
            "filename": "25681112-070618-CAM23122.jpg",
            "width": 3840,
            "height": 5760,
            "aspectRatio": "2/3",
            "captured": "2025-11-12T12:40:12+00:00"
        },
        {
            "filename": "25681112-070754-CAM23126.jpg",
            "width": 5760,
            "height": 3840,
            "aspectRatio": "3/2",
            "captured": "2025-11-12T12:40:16+00:00"
        },
        {
            "filename": "25681112-070914-CAM23128.jpg",
            "width": 3840,
            "height": 5760,
            "aspectRatio": "2/3",
            "captured": "2025-11-12T12:40:19+00:00"
        },
        {
            "filename": "25681112-071320-CAM23134.jpg",
            "width": 3415,
            "height": 5122,
            "aspectRatio": "2/3",
            "captured": "2025-11-12T12:40:22+00:00"
        },
        {
            "filename": "25681112-071516-CAM23137.jpg",
            "width": 3751,
            "height": 5627,
            "aspectRatio": "2/3",
            "captured": "2025-11-12T12:40:25+00:00"
        },
        {
            "filename": "25681112-071926-CAM18970.jpg",
            "width": 5760,
            "height": 3840,
            "aspectRatio": "3/2",
            "captured": "2025-11-12T12:40:26+00:00"
        },
        {
            "filename": "25681112-071947-CAM18971.jpg",
            "width": 5760,
            "height": 3840,
            "aspectRatio": "3/2",
            "captured": "2025-11-12T12:40:29+00:00"
        },
        {
            "filename": "25681112-072822-CAM23139.jpg",
            "width": 3840,
            "height": 5760,
            "aspectRatio": "2/3",
            "captured": "2025-11-12T12:40:33+00:00"
        },
        {
            "filename": "25681112-073033-CAM23142.jpg",
            "width": 3840,
            "height": 5760,
            "aspectRatio": "2/3",
            "captured": "2025-11-12T12:40:34+00:00"
        },
        {
            "filename": "25681112-073318-CAM23147.jpg",
            "width": 3840,
            "height": 5760,
            "aspectRatio": "2/3",
            "captured": "2025-11-12T12:40:37+00:00"
        },
        {
            "filename": "25681112-073725-CAM23152.jpg",
            "width": 3840,
            "height": 5760,
            "aspectRatio": "2/3",
            "captured": "2025-11-12T12:40:39+00:00"
        },
        {
            "filename": "25681112-074538-CAM23166.jpg",
            "width": 3840,
            "height": 5760,
            "aspectRatio": "2/3",
            "captured": "2025-11-12T12:40:41+00:00"
        },
        {
            "filename": "25681112-075821-CAM23168.jpg",
            "width": 5473,
            "height": 3649,
            "aspectRatio": "3/2",
            "captured": "2025-11-12T12:40:44+00:00"
        },
        {
            "filename": "25681112-081806-CAM18977.jpg",
            "width": 5760,
            "height": 3840,
            "aspectRatio": "3/2",
            "captured": "2025-11-12T12:40:47+00:00"
        },
        {
            "filename": "25681112-081836-CAM18978.jpg",
            "width": 5421,
            "height": 3614,
            "aspectRatio": "3/2",
            "captured": "2025-11-12T12:40:49+00:00"
        },
        {
            "filename": "25681112-082442-CAM23171.jpg",
            "width": 2881,
            "height": 4321,
            "aspectRatio": "2/3",
            "captured": "2025-11-12T12:40:51+00:00"
        },
        {
            "filename": "25681112-082513-CAM23172.jpg",
            "width": 5207,
            "height": 3471,
            "aspectRatio": "3/2",
            "captured": "2025-11-12T12:40:54+00:00"
        },
        {
            "filename": "25681112-082625-CAM23174.jpg",
            "width": 3118,
            "height": 4677,
            "aspectRatio": "2/3",
            "captured": "2025-11-12T12:40:56+00:00"
        },
        {
            "filename": "25681112-082802-CAM23175.jpg",
            "width": 5760,
            "height": 3840,
            "aspectRatio": "3/2",
            "captured": "2025-11-12T12:40:59+00:00"
        },
        {
            "filename": "25681112-082825-CAM23177.jpg",
            "width": 5760,
            "height": 3840,
            "aspectRatio": "3/2",
            "captured": "2025-11-12T12:41:02+00:00"
        },
        {
            "filename": "25681112-082845-CAM23179.jpg",
            "width": 5760,
            "height": 3840,
            "aspectRatio": "3/2",
            "captured": "2025-11-12T12:41:04+00:00"
        },
        {
            "filename": "25681112-082932-CAM23182.jpg",
            "width": 3840,
            "height": 5760,
            "aspectRatio": "2/3",
            "captured": "2025-11-12T12:41:07+00:00"
        },
        {
            "filename": "25681112-083005-CAM23183.jpg",
            "width": 5760,
            "height": 3840,
            "aspectRatio": "3/2",
            "captured": "2025-11-12T12:41:09+00:00"
        },
        {
            "filename": "25681112-083106-CAM23185.jpg",
            "width": 3840,
            "height": 5760,
            "aspectRatio": "2/3",
            "captured": "2025-11-12T12:41:11+00:00"
        },
        {
            "filename": "25681112-083152-CAM23187.jpg",
            "width": 3840,
            "height": 5760,
            "aspectRatio": "2/3",
            "captured": "2025-11-12T12:41:14+00:00"
        },
        {
            "filename": "25681112-083618-CAM23192.jpg",
            "width": 5760,
            "height": 3840,
            "aspectRatio": "3/2",
            "captured": "2025-11-12T12:41:17+00:00"
        },
        {
            "filename": "25681112-084318-CAM23196.jpg",
            "width": 5413,
            "height": 3609,
            "aspectRatio": "3/2",
            "captured": "2025-11-12T12:41:20+00:00"
        },
        {
            "filename": "25681112-084429-CAM23198.jpg",
            "width": 5102,
            "height": 3401,
            "aspectRatio": "3/2",
            "captured": "2025-11-12T12:41:22+00:00"
        },
        {
            "filename": "25681112-084939-CAM23200.jpg",
            "width": 3548,
            "height": 5322,
            "aspectRatio": "2/3",
            "captured": "2025-11-12T12:41:25+00:00"
        },
        {
            "filename": "25681112-085006-CAM23201.jpg",
            "width": 5137,
            "height": 3425,
            "aspectRatio": "3/2",
            "captured": "2025-11-12T12:41:27+00:00"
        },
        {
            "filename": "25681112-085148-CAM23203.jpg",
            "width": 2892,
            "height": 4338,
            "aspectRatio": "2/3",
            "captured": "2025-11-12T12:41:29+00:00"
        },
        {
            "filename": "25681112-085153-CAM23204.jpg",
            "width": 3453,
            "height": 5180,
            "aspectRatio": "2/3",
            "captured": "2025-11-12T12:41:31+00:00"
        },
        {
            "filename": "25681112-085258-CAM23215.jpg",
            "width": 5169,
            "height": 3446,
            "aspectRatio": "3/2",
            "captured": "2025-11-12T12:41:34+00:00"
        },
        {
            "filename": "25681112-085334-CAM23217.jpg",
            "width": 5760,
            "height": 3840,
            "aspectRatio": "3/2",
            "captured": "2025-11-12T12:41:36+00:00"
        },
        {
            "filename": "25681112-085745-CAM23226.jpg",
            "width": 5280,
            "height": 3520,
            "aspectRatio": "3/2",
            "captured": "2025-11-12T12:41:39+00:00"
        },
        {
            "filename": "25681112-090005-CAM18992.jpg",
            "width": 5014,
            "height": 3343,
            "aspectRatio": "3/2",
            "captured": "2025-11-12T12:41:40+00:00"
        },
        {
            "filename": "25681112-090023-CAM18993.jpg",
            "width": 4261,
            "height": 2841,
            "aspectRatio": "3/2",
            "captured": "2025-11-12T12:41:43+00:00"
        },
        {
            "filename": "25681112-090225-CAM23227.jpg",
            "width": 3840,
            "height": 5760,
            "aspectRatio": "2/3",
            "captured": "2025-11-12T12:41:46+00:00"
        },
        {
            "filename": "25681112-090240-CAM23228.jpg",
            "width": 5760,
            "height": 3840,
            "aspectRatio": "3/2",
            "captured": "2025-11-12T12:41:48+00:00"
        },
        {
            "filename": "25681112-090810-CAM18995.jpg",
            "width": 5526,
            "height": 3684,
            "aspectRatio": "3/2",
            "captured": "2025-11-12T12:41:51+00:00"
        },
        {
            "filename": "25681112-090834-CAM23232.jpg",
            "width": 5065,
            "height": 3377,
            "aspectRatio": "3/2",
            "captured": "2025-11-12T12:41:53+00:00"
        },
        {
            "filename": "25681112-090840-CAM23235.jpg",
            "width": 3828,
            "height": 2552,
            "aspectRatio": "3/2",
            "captured": "2025-11-12T12:41:53+00:00"
        },
        {
            "filename": "25681112-090844-CAM23236.jpg",
            "width": 3539,
            "height": 5308,
            "aspectRatio": "2/3",
            "captured": "2025-11-12T12:41:57+00:00"
        },
        {
            "filename": "25681112-090900-CAM18999.jpg",
            "width": 4672,
            "height": 3115,
            "aspectRatio": "3/2",
            "captured": "2025-11-12T12:41:59+00:00"
        },
        {
            "filename": "25681112-090937-CAM19001.jpg",
            "width": 5491,
            "height": 3661,
            "aspectRatio": "3/2",
            "captured": "2025-11-12T12:42:02+00:00"
        },
        {
            "filename": "25681112-090955-CAM23241.jpg",
            "width": 3840,
            "height": 5760,
            "aspectRatio": "2/3",
            "captured": "2025-11-12T12:42:04+00:00"
        },
        {
            "filename": "25681112-091037-CAM19002.jpg",
            "width": 5760,
            "height": 3840,
            "aspectRatio": "3/2",
            "captured": "2025-11-12T12:42:08+00:00"
        },
        {
            "filename": "25681112-091206-CAM19004.jpg",
            "width": 5421,
            "height": 3614,
            "aspectRatio": "3/2",
            "captured": "2025-11-12T12:42:09+00:00"
        },
        {
            "filename": "25681112-091323-CAM19007.jpg",
            "width": 2221,
            "height": 3331,
            "aspectRatio": "2/3",
            "captured": "2025-11-12T12:42:09+00:00"
        },
        {
            "filename": "25681112-091413-CAM19009.jpg",
            "width": 5760,
            "height": 3840,
            "aspectRatio": "3/2",
            "captured": "2025-11-12T12:42:13+00:00"
        },
        {
            "filename": "25681112-091429-CAM19010.jpg",
            "width": 5615,
            "height": 3743,
            "aspectRatio": "3/2",
            "captured": "2025-11-12T12:42:16+00:00"
        },
        {
            "filename": "25681112-091438-CAM23243.jpg",
            "width": 3653,
            "height": 5479,
            "aspectRatio": "2/3",
            "captured": "2025-11-12T12:42:18+00:00"
        },
        {
            "filename": "25681112-092108-CAM23246.jpg",
            "width": 5760,
            "height": 3840,
            "aspectRatio": "3/2",
            "captured": "2025-11-12T12:42:21+00:00"
        },
        {
            "filename": "25681112-092127-CAM23248.jpg",
            "width": 5760,
            "height": 3840,
            "aspectRatio": "3/2",
            "captured": "2025-11-12T12:42:23+00:00"
        },
        {
            "filename": "25681112-092658-CAM23249.jpg",
            "width": 3840,
            "height": 5760,
            "aspectRatio": "2/3",
            "captured": "2025-11-12T12:42:26+00:00"
        },
        {
            "filename": "25681112-092757-CAM23251.jpg",
            "width": 5760,
            "height": 3840,
            "aspectRatio": "3/2",
            "captured": "2025-11-12T12:42:29+00:00"
        },
        {
            "filename": "25681112-092804-CAM23254.jpg",
            "width": 5760,
            "height": 3840,
            "aspectRatio": "3/2",
            "captured": "2025-11-12T12:42:31+00:00"
        },
        {
            "filename": "25681112-092859-CAM23259.jpg",
            "width": 3840,
            "height": 5760,
            "aspectRatio": "2/3",
            "captured": "2025-11-12T12:42:34+00:00"
        },
        {
            "filename": "25681112-093143-CAM19013.jpg",
            "width": 5748,
            "height": 3832,
            "aspectRatio": "3/2",
            "captured": "2025-11-12T12:42:37+00:00"
        },
        {
            "filename": "25681112-093257-CAM19016.jpg",
            "width": 5690,
            "height": 3793,
            "aspectRatio": "3/2",
            "captured": "2025-11-12T12:42:39+00:00"
        },
        {
            "filename": "25681112-093706-CAM23262.jpg",
            "width": 3840,
            "height": 5760,
            "aspectRatio": "2/3",
            "captured": "2025-11-12T12:42:41+00:00"
        },
        {
            "filename": "25681112-093833-CAM23268.jpg",
            "width": 5760,
            "height": 3840,
            "aspectRatio": "3/2",
            "captured": "2025-11-12T12:42:44+00:00"
        },
        {
            "filename": "25681112-093837-CAM23269.jpg",
            "width": 2355,
            "height": 3532,
            "aspectRatio": "2/3",
            "captured": "2025-11-12T12:42:44+00:00"
        },
        {
            "filename": "25681112-095012-CAM19031.jpg",
            "width": 5760,
            "height": 3840,
            "aspectRatio": "3/2",
            "captured": "2025-11-12T12:42:47+00:00"
        },
        {
            "filename": "25681112-095322-CAM19032.jpg",
            "width": 5760,
            "height": 3840,
            "aspectRatio": "3/2",
            "captured": "2025-11-12T12:42:50+00:00"
        },
        {
            "filename": "25681112-095512-CAM23278.jpg",
            "width": 3840,
            "height": 5760,
            "aspectRatio": "2/3",
            "captured": "2025-11-12T12:42:52+00:00"
        },
        {
            "filename": "25681112-095757-CAM23282.jpg",
            "width": 5760,
            "height": 3840,
            "aspectRatio": "3/2",
            "captured": "2025-11-12T12:42:54+00:00"
        },
        {
            "filename": "25681112-100803-CAM19039.jpg",
            "width": 5760,
            "height": 3840,
            "aspectRatio": "3/2",
            "captured": "2025-11-12T12:42:57+00:00"
        },
        {
            "filename": "25681112-111845-CAM19043.jpg",
            "width": 4222,
            "height": 2815,
            "aspectRatio": "3/2",
            "captured": "2025-11-12T12:42:58+00:00"
        },
        {
            "filename": "25681112-111904-CAM19053.jpg",
            "width": 5215,
            "height": 3477,
            "aspectRatio": "3/2",
            "captured": "2025-11-12T12:43:01+00:00"
        },
        {
            "filename": "25681112-112038-CAM23300.jpg",
            "width": 3840,
            "height": 5760,
            "aspectRatio": "2/3",
            "captured": "2025-11-12T12:43:04+00:00"
        },
        {
            "filename": "25681112-112152-CAM23303.jpg",
            "width": 3840,
            "height": 5760,
            "aspectRatio": "2/3",
            "captured": "2025-11-12T12:43:07+00:00"
        },
        {
            "filename": "25681112-112306-CAM19068.jpg",
            "width": 5760,
            "height": 3840,
            "aspectRatio": "3/2",
            "captured": "2025-11-12T12:43:09+00:00"
        },
        {
            "filename": "25681112-112322-CAM23310.jpg",
            "width": 3567,
            "height": 5350,
            "aspectRatio": "2/3",
            "captured": "2025-11-12T12:43:11+00:00"
        },
        {
            "filename": "25681112-112513-CAM19074.jpg",
            "width": 5760,
            "height": 3840,
            "aspectRatio": "3/2",
            "captured": "2025-11-12T12:43:14+00:00"
        },
        {
            "filename": "25681112-112523-CAM23315.jpg",
            "width": 5760,
            "height": 3840,
            "aspectRatio": "3/2",
            "captured": "2025-11-12T12:43:16+00:00"
        },
        {
            "filename": "25681112-112635-CAM19078.jpg",
            "width": 5760,
            "height": 3840,
            "aspectRatio": "3/2",
            "captured": "2025-11-12T12:43:19+00:00"
        },
        {
            "filename": "25681112-112639-CAM19080.jpg",
            "width": 5760,
            "height": 3840,
            "aspectRatio": "3/2",
            "captured": "2025-11-12T12:43:22+00:00"
        },
        {
            "filename": "25681112-112819-CAM23328.jpg",
            "width": 3209,
            "height": 4814,
            "aspectRatio": "2/3",
            "captured": "2025-11-12T12:43:23+00:00"
        },
        {
            "filename": "25681112-112911-CAM19086.jpg",
            "width": 3840,
            "height": 5760,
            "aspectRatio": "2/3",
            "captured": "2025-11-12T12:43:27+00:00"
        },
        {
            "filename": "25681112-112925-CAM23332.jpg",
            "width": 5760,
            "height": 3840,
            "aspectRatio": "3/2",
            "captured": "2025-11-12T12:43:29+00:00"
        },
        {
            "filename": "25681112-112930-CAM23334.jpg",
            "width": 5760,
            "height": 3840,
            "aspectRatio": "3/2",
            "captured": "2025-11-12T12:43:32+00:00"
        },
        {
            "filename": "25681112-112944-CAM23337.jpg",
            "width": 3840,
            "height": 5760,
            "aspectRatio": "2/3",
            "captured": "2025-11-12T12:43:34+00:00"
        },
        {
            "filename": "25681112-113033-CAM19093.jpg",
            "width": 3453,
            "height": 5180,
            "aspectRatio": "2/3",
            "captured": "2025-11-12T12:43:37+00:00"
        },
        {
            "filename": "25681112-113435-CAM23339.jpg",
            "width": 5760,
            "height": 3840,
            "aspectRatio": "3/2",
            "captured": "2025-11-12T12:43:41+00:00"
        },
        {
            "filename": "25681112-113545-CAM23341.jpg",
            "width": 3471,
            "height": 5206,
            "aspectRatio": "2/3",
            "captured": "2025-11-12T12:43:43+00:00"
        },
        {
            "filename": "25681112-113554-CAM23342.jpg",
            "width": 5760,
            "height": 3840,
            "aspectRatio": "3/2",
            "captured": "2025-11-12T12:43:45+00:00"
        },
        {
            "filename": "25681112-113604-CAM23344.jpg",
            "width": 5760,
            "height": 3840,
            "aspectRatio": "3/2",
            "captured": "2025-11-12T12:43:48+00:00"
        },
        {
            "filename": "25681112-113730-CAM23345.jpg",
            "width": 5760,
            "height": 3840,
            "aspectRatio": "3/2",
            "captured": "2025-11-12T12:43:51+00:00"
        },
        {
            "filename": "25681112-113958-CAM23347.jpg",
            "width": 5313,
            "height": 3542,
            "aspectRatio": "3/2",
            "captured": "2025-11-12T12:43:53+00:00"
        },
        {
            "filename": "25681112-114116-CAM23350.jpg",
            "width": 3507,
            "height": 5261,
            "aspectRatio": "2/3",
            "captured": "2025-11-12T12:43:54+00:00"
        },
        {
            "filename": "25681112-114302-CAM23352.jpg",
            "width": 5760,
            "height": 3840,
            "aspectRatio": "3/2",
            "captured": "2025-11-12T12:43:58+00:00"
        },
        {
            "filename": "25681112-114520-CAM23357.jpg",
            "width": 3591,
            "height": 5387,
            "aspectRatio": "2/3",
            "captured": "2025-11-12T12:44:00+00:00"
        },
        {
            "filename": "25681112-114912-CAM23371.jpg",
            "width": 4869,
            "height": 3246,
            "aspectRatio": "3/2",
            "captured": "2025-11-12T12:44:02+00:00"
        },
        {
            "filename": "25681112-114914-CAM23374.jpg",
            "width": 5540,
            "height": 3693,
            "aspectRatio": "3/2",
            "captured": "2025-11-12T12:44:05+00:00"
        },
        {
            "filename": "25681112-114921-CAM23376.jpg",
            "width": 2140,
            "height": 3210,
            "aspectRatio": "2/3",
            "captured": "2025-11-12T12:44:05+00:00"
        },
        {
            "filename": "25681112-115021-CAM23386.jpg",
            "width": 2916,
            "height": 4374,
            "aspectRatio": "2/3",
            "captured": "2025-11-12T12:44:07+00:00"
        },
        {
            "filename": "25681112-115028-CAM23392.jpg",
            "width": 3281,
            "height": 4921,
            "aspectRatio": "2/3",
            "captured": "2025-11-12T12:44:10+00:00"
        },
        {
            "filename": "25681112-115036-CAM23396.jpg",
            "width": 3494,
            "height": 5241,
            "aspectRatio": "2/3",
            "captured": "2025-11-12T12:44:12+00:00"
        },
        {
            "filename": "25681112-115054-CAM23406.jpg",
            "width": 4513,
            "height": 3009,
            "aspectRatio": "3/2",
            "captured": "2025-11-12T12:44:13+00:00"
        },
        {
            "filename": "25681112-115057-CAM23407.jpg",
            "width": 5165,
            "height": 3443,
            "aspectRatio": "3/2",
            "captured": "2025-11-12T12:44:17+00:00"
        },
        {
            "filename": "25681112-115100-CAM23409.jpg",
            "width": 5186,
            "height": 3457,
            "aspectRatio": "3/2",
            "captured": "2025-11-12T12:44:20+00:00"
        },
        {
            "filename": "25681112-115108-CAM23413.jpg",
            "width": 3599,
            "height": 5399,
            "aspectRatio": "2/3",
            "captured": "2025-11-12T12:44:22+00:00"
        },
        {
            "filename": "25681112-115157-CAM23414.jpg",
            "width": 3741,
            "height": 5611,
            "aspectRatio": "2/3",
            "captured": "2025-11-12T12:44:25+00:00"
        },
        {
            "filename": "25681112-115216-CAM23422.jpg",
            "width": 5760,
            "height": 3840,
            "aspectRatio": "3/2",
            "captured": "2025-11-12T12:44:27+00:00"
        },
        {
            "filename": "25681112-115301-CAM19096.jpg",
            "width": 5760,
            "height": 3840,
            "aspectRatio": "3/2",
            "captured": "2025-11-12T12:44:29+00:00"
        },
        {
            "filename": "25681112-115418-CAM23427.jpg",
            "width": 3840,
            "height": 5760,
            "aspectRatio": "2/3",
            "captured": "2025-11-12T12:44:32+00:00"
        },
        {
            "filename": "25681112-115643-CAM19103.jpg",
            "width": 5498,
            "height": 3665,
            "aspectRatio": "3/2",
            "captured": "2025-11-12T12:44:34+00:00"
        },
        {
            "filename": "25681112-115703-CAM19115.jpg",
            "width": 5760,
            "height": 3840,
            "aspectRatio": "3/2",
            "captured": "2025-11-12T12:44:37+00:00"
        },
        {
            "filename": "25681112-115929-CAM19121.jpg",
            "width": 4329,
            "height": 2886,
            "aspectRatio": "3/2",
            "captured": "2025-11-12T12:44:38+00:00"
        },
        {
            "filename": "25681112-120004-CAM19124.jpg",
            "width": 5760,
            "height": 3840,
            "aspectRatio": "3/2",
            "captured": "2025-11-12T12:44:40+00:00"
        },
        {
            "filename": "25681112-120027-CAM23432.jpg",
            "width": 3840,
            "height": 5760,
            "aspectRatio": "2/3",
            "captured": "2025-11-12T12:44:45+00:00"
        },
        {
            "filename": "25681112-120051-CAM23433.jpg",
            "width": 3840,
            "height": 5760,
            "aspectRatio": "2/3",
            "captured": "2025-11-12T12:44:45+00:00"
        },
        {
            "filename": "25681112-120129-CAM19126.jpg",
            "width": 5760,
            "height": 3840,
            "aspectRatio": "3/2",
            "captured": "2025-11-12T12:44:47+00:00"
        },
        {
            "filename": "25681112-120201-CAM23435.jpg",
            "width": 3840,
            "height": 5760,
            "aspectRatio": "2/3",
            "captured": "2025-11-12T12:44:52+00:00"
        },
        {
            "filename": "25681112-120211-CAM23438.jpg",
            "width": 3840,
            "height": 5760,
            "aspectRatio": "2/3",
            "captured": "2025-11-12T12:44:53+00:00"
        },
        {
            "filename": "25681112-120217-CAM23439.jpg",
            "width": 3840,
            "height": 5760,
            "aspectRatio": "2/3",
            "captured": "2025-11-12T12:44:56+00:00"
        },
        {
            "filename": "25681112-120306-CAM23441.jpg",
            "width": 5703,
            "height": 3802,
            "aspectRatio": "3/2",
            "captured": "2025-11-12T12:45:00+00:00"
        },
        {
            "filename": "25681112-120323-CAM23443.jpg",
            "width": 3840,
            "height": 5760,
            "aspectRatio": "2/3",
            "captured": "2025-11-12T12:45:03+00:00"
        },
        {
            "filename": "25681112-120452-CAM23444.jpg",
            "width": 3689,
            "height": 5533,
            "aspectRatio": "2/3",
            "captured": "2025-11-12T12:45:07+00:00"
        },
        {
            "filename": "25681112-120620-CAM23445.jpg",
            "width": 3840,
            "height": 5760,
            "aspectRatio": "2/3",
            "captured": "2025-11-12T12:45:08+00:00"
        },
        {
            "filename": "25681112-123011-CAM23448.jpg",
            "width": 3840,
            "height": 5760,
            "aspectRatio": "2/3",
            "captured": "2025-11-12T12:45:10+00:00"
        },
        {
            "filename": "25681112-123027-CAM23449.jpg",
            "width": 5760,
            "height": 3840,
            "aspectRatio": "3/2",
            "captured": "2025-11-12T12:45:13+00:00"
        },
        {
            "filename": "25681112-123043-CAM23450.jpg",
            "width": 3840,
            "height": 5760,
            "aspectRatio": "2/3",
            "captured": "2025-11-12T12:45:15+00:00"
        },
        {
            "filename": "25681112-123200-CAM23451.jpg",
            "width": 3840,
            "height": 5760,
            "aspectRatio": "2/3",
            "captured": "2025-11-12T12:45:18+00:00"
        },
        {
            "filename": "25681112-123214-CAM23452.jpg",
            "width": 3840,
            "height": 5760,
            "aspectRatio": "2/3",
            "captured": "2025-11-12T12:45:21+00:00"
        },
        {
            "filename": "25681112-123345-CAM19145.jpg",
            "width": 5760,
            "height": 3840,
            "aspectRatio": "3/2",
            "captured": "2025-11-12T12:45:23+00:00"
        },
        {
            "filename": "25681112-123404-CAM23453.jpg",
            "width": 5760,
            "height": 3840,
            "aspectRatio": "3/2",
            "captured": "2025-11-12T12:45:25+00:00"
        },
        {
            "filename": "25681112-123430-CAM23455.jpg",
            "width": 3330,
            "height": 4995,
            "aspectRatio": "2/3",
            "captured": "2025-11-12T12:45:27+00:00"
        },
        {
            "filename": "25681112-123551-CAM23456.jpg",
            "width": 5664,
            "height": 3776,
            "aspectRatio": "3/2",
            "captured": "2025-11-12T12:45:29+00:00"
        },
        {
            "filename": "25681112-123638-CAM23458.jpg",
            "width": 5544,
            "height": 3696,
            "aspectRatio": "3/2",
            "captured": "2025-11-12T12:45:32+00:00"
        },
        {
            "filename": "25681112-123823-CAM23459.jpg",
            "width": 5760,
            "height": 3840,
            "aspectRatio": "3/2",
            "captured": "2025-11-12T12:45:34+00:00"
        },
        {
            "filename": "25681112-123956-CAM23463.jpg",
            "width": 5711,
            "height": 3807,
            "aspectRatio": "3/2",
            "captured": "2025-11-12T12:45:37+00:00"
        },
        {
            "filename": "25681112-124109-CAM23466.jpg",
            "width": 4385,
            "height": 2923,
            "aspectRatio": "3/2",
            "captured": "2025-11-12T12:45:38+00:00"
        },
        {
            "filename": "25681112-124139-CAM23467.jpg",
            "width": 5760,
            "height": 3840,
            "aspectRatio": "3/2",
            "captured": "2025-11-12T12:45:41+00:00"
        },
        {
            "filename": "25681112-124147-CAM23469.jpg",
            "width": 4264,
            "height": 2843,
            "aspectRatio": "3/2",
            "captured": "2025-11-12T12:45:43+00:00"
        },
        {
            "filename": "25681112-124155-CAM23473.jpg",
            "width": 5760,
            "height": 3840,
            "aspectRatio": "3/2",
            "captured": "2025-11-12T12:45:45+00:00"
        },
        {
            "filename": "25681112-124208-CAM23474.jpg",
            "width": 5760,
            "height": 3840,
            "aspectRatio": "3/2",
            "captured": "2025-11-12T12:45:49+00:00"
        },
        {
            "filename": "25681112-124233-CAM23475.jpg",
            "width": 3838,
            "height": 2559,
            "aspectRatio": "3/2",
            "captured": "2025-11-12T12:45:50+00:00"
        },
        {
            "filename": "25681112-124259-CAM23481.jpg",
            "width": 4209,
            "height": 2806,
            "aspectRatio": "3/2",
            "captured": "2025-11-12T12:45:52+00:00"
        },
        {
            "filename": "25681112-124400-CAM19152.jpg",
            "width": 4806,
            "height": 3204,
            "aspectRatio": "3/2",
            "captured": "2025-11-12T12:45:55+00:00"
        },
        {
            "filename": "25681112-124411-CAM23488.jpg",
            "width": 5760,
            "height": 3840,
            "aspectRatio": "3/2",
            "captured": "2025-11-12T12:45:57+00:00"
        },
        {
            "filename": "25681112-124414-CAM23494.jpg",
            "width": 5760,
            "height": 3840,
            "aspectRatio": "3/2",
            "captured": "2025-11-12T12:45:59+00:00"
        },
        {
            "filename": "25681112-124419-CAM23503.jpg",
            "width": 3511,
            "height": 5266,
            "aspectRatio": "2/3",
            "captured": "2025-11-12T12:46:03+00:00"
        },
        {
            "filename": "25681112-124421-CAM23509.jpg",
            "width": 3840,
            "height": 5760,
            "aspectRatio": "2/3",
            "captured": "2025-11-12T12:46:06+00:00"
        },
        {
            "filename": "25681112-124440-CAM23519.jpg",
            "width": 4909,
            "height": 3273,
            "aspectRatio": "3/2",
            "captured": "2025-11-12T12:46:07+00:00"
        },
        {
            "filename": "25681112-124459-CAM23523.jpg",
            "width": 5760,
            "height": 3840,
            "aspectRatio": "3/2",
            "captured": "2025-11-12T12:46:10+00:00"
        },
        {
            "filename": "25681112-124501-CAM23528.jpg",
            "width": 5185,
            "height": 3457,
            "aspectRatio": "3/2",
            "captured": "2025-11-12T12:46:13+00:00"
        },
        {
            "filename": "25681112-124519-CAM19157.jpg",
            "width": 5760,
            "height": 3840,
            "aspectRatio": "3/2",
            "captured": "2025-11-12T12:46:15+00:00"
        },
        {
            "filename": "25681112-124532-CAM19169.jpg",
            "width": 5583,
            "height": 3722,
            "aspectRatio": "3/2",
            "captured": "2025-11-12T12:46:18+00:00"
        },
        {
            "filename": "25681112-124539-CAM19173.jpg",
            "width": 3840,
            "height": 5760,
            "aspectRatio": "2/3",
            "captured": "2025-11-12T12:46:22+00:00"
        },
        {
            "filename": "25681112-124614-CAM19185.jpg",
            "width": 5760,
            "height": 3840,
            "aspectRatio": "3/2",
            "captured": "2025-11-12T12:46:25+00:00"
        },
        {
            "filename": "25681112-124618-CAM23534.jpg",
            "width": 5355,
            "height": 3570,
            "aspectRatio": "3/2",
            "captured": "2025-11-12T12:46:27+00:00"
        },
        {
            "filename": "25681112-124618-CAM23535.jpg",
            "width": 5477,
            "height": 3651,
            "aspectRatio": "3/2",
            "captured": "2025-11-12T12:46:30+00:00"
        },
        {
            "filename": "25681112-125224-CAM23542.jpg",
            "width": 5760,
            "height": 3840,
            "aspectRatio": "3/2",
            "captured": "2025-11-12T12:46:33+00:00"
        },
        {
            "filename": "25681112-125308-CAM19186.jpg",
            "width": 5760,
            "height": 3840,
            "aspectRatio": "3/2",
            "captured": "2025-11-12T12:46:37+00:00"
        },
        {
            "filename": "25681112-125335-CAM23544.jpg",
            "width": 5194,
            "height": 3463,
            "aspectRatio": "3/2",
            "captured": "2025-11-12T12:46:39+00:00"
        },
        {
            "filename": "25681112-125814-CAM23550.jpg",
            "width": 5760,
            "height": 3840,
            "aspectRatio": "3/2",
            "captured": "2025-11-12T12:46:42+00:00"
        },
        {
            "filename": "25681112-125817-CAM23555.jpg",
            "width": 5760,
            "height": 3840,
            "aspectRatio": "3/2",
            "captured": "2025-11-12T12:46:44+00:00"
        },
        {
            "filename": "25681112-125926-CAM19194.jpg",
            "width": 5760,
            "height": 3840,
            "aspectRatio": "3/2",
            "captured": "2025-11-12T12:46:46+00:00"
        }
    ]
}